USE [insideClass]

SET IDENTITY_INSERT [t_region] ON

INSERT INTO [dbo].[t_region]
           ([region_id]
		   ,[region_nombre]
		   ,[region_abreviatura]
           ,[region_capital])
     VALUES
	(1,'Arica y Parinacota','AP','Arica'),
	(2,'Tarapacá','TA','Iquique'),
	(3,'Antofagasta','AN','Antofagasta'),
	(4,'Atacama','AT','Copiapó'),
	(5,'Coquimbo','CO','La Serena'),
	(6,'Valparaiso','VA','valparaíso'),
	(7,'Metropolitana de Santiago','RM','Santiago'),
	(8,'Libertador General Bernardo OHiggins','OH','Rancagua'),
	(9,'Maule','MA','Talca'),
	(10,'Ñuble','NB','Chillán'),
	(11,'Biobío','BI','Concepción'),
	(12,'La Araucanía','IAR','Temuco'),
	(13,'Los Ríos','LR','Valdivia'),
	(14,'Los Lagos','LL','Puerto Montt'),
	(15,'Aysén del General Carlos Ibáñez del Campo','AI','Coyhaique'),
	(16,'Magallanes y de la Antártica Chilena','MG','Punta Arenas');

	SET IDENTITY_INSERT [t_region] OFF



	SET IDENTITY_INSERT [t_deprov] ON

    INSERT INTO [dbo].[t_deprov]
               ([deprov_id]
    		   ,[deprov_responsable]
    		   ,[deprov_correo]
               ,[deprov_direccion]) VALUES
    (1, 'Carlos Alberto Bahamondes Valdés', 'carlos.bahamondes@mineduc.cl', 'Arturo Prat N° 305 2do. Piso, Arica'),
    (2, 'Carmen Aurora Barrera Hennings  ', 'carmen.barrera@mineduc.cl', 'Zegers Nº 159, Iquique.'),
    (3, 'Paulina Javiera Veliz Suazo  ', 'paulina.veliz@mineduc.cl', 'Coquimbo Nº 847, Antofagasta'),
    (4, 'Walter Alex Aranzaes Guerrero ', 'walter.aranzaes@mineduc.cl', 'Bañados Espinoza Nº 1854, Calama'),
    (5, 'Oriana Escobar Delgado ', 'oriana.escobar@mineduc.cl', 'Chañarcillo n°550, Copiapó'),
    (6, 'Mauricio Antonio Lopez Silva  ', 'mauricio.lopez@mineduc.cl', 'Ramírez nº740, Vallenar'),
    (7, 'Francisco Rafael Alvear Novoa  ', 'francisco.alvear@mineduc.cl', 'Pedro Pablo Nuñez 664, La Serena.'),
    (8, 'Susana Rosa Torres Pérez  ', 'susana.torres@mineduc.cl', 'Miguel Aguirre Nº 651, Ovalle'),
    (9, 'Alfonso Erick Zelada López  ', 'erick.zelada@mineduc.cl', 'Buin nº 724, Illapel'),
    (10, 'María Alejandra Torres Jeldes  ', 'maria.torresj@mineduc.cl', 'Arlegui Nº 852, Viña del Mar'),
    (11, 'Miguel Enrique Caro Montecinos  ', 'miguel.caro@mineduc.cl', 'Toro Mazote nº 1232, San Felipe'),
    (12, 'Marta Mercedes Renard Vargas  ', 'marta.renard@mineduc.cl', 'Pudeto 356, Quillota.'),
    (13, 'Sergio Mauricio Baeza Cabello  ', 'sergio.baeza@mineduc.cl', 'Avenida Barros Lucos N° 1613, Piso N° 11, Oficina N° 1101, Barrancas, San Antonio'),
    (14, 'Andrea De Lourdes Maldonado Valdivia  ', 'andrea.maldonado@mineduc.cl', 'Bulnes N° 215, Rancagua'),
    (15, 'Andrea Carolina Mira Silva  ', 'andrea.mira@mineduc.cl', 'Valdivia n°810, San Fernando'),
    (16, 'José Celín Sánchez García  ', 'jose.sanchez@mineduc.cl', 'Anibal Pinto 507, Pichilemu'),
    (17, 'Rodrigo Alejandro Castro Trejo  ', 'rodrigo.castrot@mineduc.cl', 'Merced n°211, Curicó'),
    (18, 'Juan Pedro Muñoz Barrios  ', 'juan.munozb@mineduc.cl', '5 Norte nº 1360, Talca'),
    (19, 'Carolina Andrea Daigre Núñez  ', 'carolina.daigre@mineduc.cl', 'Yumbel n°698, Linares'),
    (20, 'Edna Margarita Jara Montecinos  ', 'edna.jara@mineduc.cl', 'Pérez n°350, Cauquenes'),
    (21, 'María Fernanda Rojas Obreque  ', 'mariaf.rojas@mineduc.cl', 'Avenida Libertad s/n, Edificios Públicos, Chillán'),
    (22, 'Ester de las Mercedes Cea Urra  ', 'ester.cea@mineduc.cl', 'Saavedra N°512, Lebu'),
    (23, 'Rossemarie Soledad Sanchez Ferrera  ', 'rossemarie.sanchez@mineduc.cl', 'Caupolicán S/N Piso 3 Edificio Público, Los Ángeles'),
    (24, 'Matias Andres Aravena Moraga  ', 'matias.aravena@mineduc.cl', 'Rengo N°26, Concepción'),
    (25, 'Edinson Roberto Contreras Canario  ', 'edinson.contreras@mineduc.cl', 'Claro Solar n°1075, Temuco'),
    (26, 'Diego Nicolás Vrsalovic Huenumilla  ', 'diego.vrsalovic@mineduc.cl', 'Claro Solar n°1075, Temuco'),
    (27, 'Marco Andrés Benedetti Morales  ', 'marco.benedetti@mineduc.cl', 'Pedro Aguirre Cerda n°212, Angol'),
    (28, 'Luis Enrique Barrios Acevedo  ', 'enrique.barrios@mineduc.cl', 'Carlos Andwandter N° 708, Valdivia'),
    (29, 'Luis Peroti Navarro  ', 'luis.peroti@mineduc.cl', 'Esmeralda n°412, La Unión'),
    (30, 'Giovani Hernan Aravena Oyarzun  ', 'giovani.aravena@mineduc.cl', 'Ramírez n°559, Osorno'),
    (31, 'José Gerardo Saldivia Ampuero  ', 'gerardo.saldivia@mineduc.cl', 'Rancagua N° 203, Puerto Montt'),
    (32, 'Lorena Soledad Romero Delgado  ', 'lorena.romero@mineduc.cl', 'O’Higgins n°523, Castro'),
    (33, 'Tamara Marisol Galindo Casanova  ', 'tamara.galindo@mineduc.cl', 'Juan Todesco°106, Chaitén'),
    (34, 'Yoal Rennuf Díaz Reyes  ', 'yoal.diaz@mineduc.cl', 'Pedro Dussen Nº 229, Coyhaique'),
    (35, 'Carolina Olvido Álvarez Antonin  ', 'carolina.alvarez@mineduc.cl', 'El Ovejero n°0285-B, Punta Arenas'),
    (36, 'Daniela Ríos Canales  ', 'daniela.rios@mineduc.cl', 'San Martin nº 642, Santiago'),
    (37, 'Jorge Antonio Figueroa Figueroa  ', 'jorgea.figueroa@mineduc.cl', 'San Martin nº 642, Santiago'),
    (38, 'Orlando Gabriel Vigorena González  ', 'orlando.vigorena@mineduc.cl', 'Rosita Renard n°1191, Ñuñoa'),
    (39, 'Hugo Ignacio Ovalle Ovalle  ', 'hugo.ovalle@mineduc.cl', 'San Martin nº 642, Santiago'),
    (40, 'Osvaldo Patricio Maldonado Pinto  ', 'osvaldo.maldonado@mineduc.cl', 'Balmaceda 371, (segundo piso), Puente Alto.'),
    (41, 'Cristián Ernesto Cartagena Vidal  ', 'cristian.cartagena@mineduc.cl', 'Balmaceda n°1133, Talagante'),
    (42, 'Ricardo Adrián Bustamante Cornejo ', ' ricardo.bustamante@mineduc.cl', 'Ricardo Morales N° 3369, San Miguel')

    SET IDENTITY_INSERT [t_deprov] OFF

		SET IDENTITY_INSERT [t_provincias] ON

	INSERT INTO [dbo].[t_provincias]
               ([provincia_id],
    		   [provincia_nombre]
               ,[provincia_region_id])
         VALUES
        (1,'Arica y Parinacota',1),
        (2,'Iquique',2),
        (3,'El Tamarugal',2),
        (4,'Tocopilla',3),
        (5,'El Loa',3),
        (6,'Antofagasta',3),
        (7,'Chañaral',4),
        (8,'Copiapó',4),
        (9,'Huasco',4),
        (10,'Elqui',5),
        (11,'Limarí',5),
        (12,'Choapa',5),
        (13,'Petorca',6),
        (14,'Los Andes',6),
        (15,'San Felipe de Aconcagua',6),
        (16,'Quillota',6),
        (17,'Valparaiso',6),
        (18,'San Antonio',6),
        (19,'Isla de Pascua',6),
        (20,'Marga Marga',6),
        (21,'Chacabuco',7),
        (22,'Santiago',7),
        (23,'Cordillera',7),
        (24,'Maipo',7),
        (25,'Melipilla',7),
        (26,'Talagante',7),
        (27,'Cachapoal',8),
        (28,'Colchagua',8),
        (29,'Cardenal Caro',8),
        (30,'Curicó',9),
        (31,'Talca',9),
        (32,'Linares',9),
        (33,'Cauquenes',9),
        (34,'Diguillín',10),
        (35,'Ñuble',10),
        (36,'Punilla',10),
        (37,'Bio Bío',11),
        (38,'Concepción',11),
        (39,'Arauco',11),
        (40,'Malleco',12),
        (41,'Cautín',12),
        (42,'Valdivia',13),
        (43,'Ranco',13),
        (44,'Osorno',14),
        (45,'Llanquihue',14),
        (46,'Chiloé',14),
        (47,'Palena',14),
        (48,'Coyhaique',15),
        (49,'Aysén',15),
        (50,'General Carrera',15),
        (51,'Capitán Prat',15),
        (52,'Última Esperanza',16),
        (53,'Magallanes',16),
        (54,'Tierra del Fuego',16),
        (55,'Antártica Chilena',16)

    SET IDENTITY_INSERT [t_provincias] OFF

USE [insideClass]

SET IDENTITY_INSERT [t_comunas] ON

INSERT INTO [dbo].[t_comunas]
(comunas_id, comunas_nombre, comunas_provincia_id,comunas_deprov_id)
     VALUES
	(1,'Arica',1,1),
    	(2,'Camarones',1,1),
    	(3,'General Lagos',2,1),
    	(4,'Putre',2,1),
    	(5,'Alto Hospicio',3,2),
    	(6,'Iquique',3,2),
    	(7,'Camiña',4,2),
    	(8,'Colchane',4,2),
    	(9,'Huara',4,2),
    	(10,'Pica',4,2),
    	(11,'Pozo Almonte',4,2),
      	(12,'Tocopilla',5,3),
      	(13,'María Elena',5,3),
    	(14,'Calama',6,4),
    	(15,'Ollague',6,4),
    	(16,'San Pedro de Atacama',6,4),
      	(17,'Antofagasta',7,3),
    	(18,'Mejillones',7,3),
    	(19,'Sierra Gorda',7,3),
    	(20,'Taltal',7,2),
    	(21,'Chañaral',8,4),
    	(22,'Diego de Almagro',8,5),
      	(23,'Copiapó',9,5),
    	(24,'Caldera',9,5),
    	(25,'Tierra Amarilla',9,5),
      	(26,'Vallenar',10,6),
    	(27,'Alto del Carmen',10,6),
    	(28,'Freirina',10,6),
    	(29,'Huasco',10,6),
    	(30,'La Serena',11,7),
      	(31,'Coquimbo',11,7),
      	(32,'Andacollo',11,7),
      	(33,'La Higuera',11,7),
      	(34,'Paihuano',11,7),
    	(35,'Vicuña',11,7),
    	(36,'Ovalle',12,8),
      	(37,'Combarbalá',12,8),
      	(38,'Monte Patria',12,8),
      	(39,'Punitaqui',12,8),
    	(40,'Río Hurtado',12,8),
    	(41,'Illapel',13,9),
    	(42,'Canela',13,9),
    	(43,'Los Vilos',13,9),
    	(44,'Salamanca',13,9),
    	(45,'La Ligua',14,12),
      	(46,'Cabildo',14,12),
    	(47,'Zapallar',14,12),
      	(48,'Papudo',14,12),
    	(49,'Petorca',14,12),
    	(50,'Los Andes',15,11),
    	(51,'San Esteban',15,11),
      	(52,'Calle Larga',15,11),
      	(53,'Rinconada',15,11),
    	(54,'San Felipe',16,11),
      	(55,'Llaillay',16,11),
      	(56,'Putaendo',16,11),
    	(57,'Santa María',16,11),
    	(58,'Catemu',16,11),
    	(59,'Panquehue',16,11),
      	(60,'Quillota',17,12),
      	(61,'La Cruz',17,12),
    	(62,'La Calera',17,12),
    	(63,'Nogales',17,12),
      	(64,'Hijuelas',17,12),
    	(65,'Valparaíso',18,10),
      	(66,'Viña del Mar',18,10),
    	(67,'Concón',18,10),
     	(68,'Quintero',18,10),
      	(69,'Puchuncaví',18,10),
    	(70,'Casablanca',18,10),
    	(71,'Juan Fernández',18,10),
    	(72,'San Antonio',19,13),
      	(73,'Cartagena',19,13),
    	(74,'El Tabo',19,13),
    	(75,'El Quisco',19,13),
    	(76,'Algarrobo',19,13),
    	(77,'Santo Domingo',19,13),
    	(78,'Isla de Pascua',20,10),
    	(79,'Quilpué',21,10),
    	(80,'Limache',21,12),
    	(81,'Olmué',21,12),
    	(82,'Villa Alemana',21,10),
    	(83,'Colina',22,36),
    	(84,'Lampa',22,36),
    	(85,'Tiltil',22,36),
    	(86,'Santiago',23,39),
    	(87,'Vitacura',23,38),
      	(88,'San Ramón',23,42),
    	(89,'San Miguel',23,39),
    	(90,'San Joaquín',23,39),
      	(91,'Renca',23,36),
    	(92,'Recoleta',23,36),
      	(93,'Quinta Normal',23,37),
    	(94,'Quilicura',23,36),
      	(95,'Pudahuel',23,37),
      	(96,'Providencia',23,38),
    	(97,'Peñalolén',23,38),
      	(98,'Pedro Aguirre Cerda',23,39),
    	(99,'Ñuñoa',23,38),
    	(100,'Maipú',23,37),
    	(101,'Macul',23,38),
    	(102,'Lo Prado',23,37),
    	(103,'Lo Espejo',23,42),
    	(104,'Lo Barnechea',23,38),
    	(105,'Las Condes',23,38),
    	(106,'La Reina',23,38),
    	(107,'La Pintana',23,40),
    	(108,'La Granja',23,42),
    	(109,'La Florida',23,40),
      	(110,'La Cisterna',23,42),
      	(111,'Independencia',23,36),
      	(112,'Huechuraba',23,36),
    	(113,'Estación Central',23,37),
      	(114,'El Bosque',23,42),
      	(115,'Conchalí',23,36),
      	(116,'Cerro Navia',23,37),
      	(117,'Cerrillos',23,37),
    	(118,'Puente Alto',24,38),
    	(119,'San José de Maipo',24,38),
      	(120,'Pirque',24,38),
    	(121,'San Bernardo',25,42),
    	(122,'Buin',25,42),
      	(123,'Paine',25,42),
    	(124,'Calera de Tango',25,42),
    	(125,'Melipilla',26,41),
    	(126,'Alhué',26,41),
    	(127,'Curacaví',26,41),
    	(128,'María Pinto',26,41),
    	(129,'San Pedro',26,41),
    	(130,'Isla de Maipo',27,41),
      	(131,'El Monte',27,41),
    	(132,'Padre Hurtado',27,41),
    	(133,'Peñaflor',27,41),
    	(134,'Talagante',27,41),
    	(135,'Codegua',28,14),
    	(136,'Coínco',28,14),
    	(137,'Coltauco',28,14),
    	(138,'Doñihue',28,14),
    	(139,'Graneros',28,14),
    	(140,'Las Cabras',28,14),
    	(141,'Machalí',28,14),
    	(142,'Malloa',28,14),
    	(143,'Mostazal',28,14),
    	(144,'Olivar',28,14),
    	(145,'Peumo',28,14),
    	(146,'Pichidegua',28,16),
    	(147,'Quinta de Tilcoco',28,14),
    	(148,'Rancagua',28,14),
    	(149,'Rengo',28,14),
    	(150,'Requínoa',28,14),
    	(151,'San Vicente de Tagua Tagua',28,14),
    	(152,'Chépica',29,15),
    	(153,'Chimbarongo',29,15),
    	(154,'Lolol',29,15),
      	(155,'Nancagua',29,15),
      	(156,'Palmilla',29,15),
      	(157,'Peralillo',29,15),
    	(158,'Placilla',29,15),
     	(159,'Pumanque',29,15),
    	(160,'San Fernando',29,15),
    	(161,'Santa Cruz',29,15),
    	(162,'La Estrella',30,16),
    	(163,'Litueche',30,16),
    	(164,'Marchigüe',30,16),
    	(165,'Navidad',30,16),
    	(166,'Paredones',30,16),
    	(167,'Pichilemu',30,16),
    	(168,'Curicó',31,17),
    	(169,'Hualañé',31,17),
    	(170,'Licantén',31,17),
     	(171,'Molina',31,17),
    	(172,'Rauco',31,17),
    	(173,'Romeral',31,17),
    	(174,'Sagrada Familia',31,17),
    	(175,'Teno',31,17),
    	(176,'Vichuquén',31,17),
    	(177,'Talca',32,18),
    	(178,'San Clemente',32,18),
    	(179,'Pelarco',32,18),
    	(180,'Pencahue',32,18),
    	(181,'Maule',32,18),
    	(182,'San Rafael',32,18),
    	(183,'Curepto',33,18),
    	(184,'Constitución',32,18),
    	(185,'Empedrado',32,18),
    	(186,'Río Claro',32,18),
      	(187,'Linares',33,19),
    	(188,'San Javier',33,19),
    	(189,'Parral',33,19),
    	(190,'Villa Alegre',33,19),
    	(191,'Longaví',33,19),
    	(192,'Colbún',33,19),
    	(193,'Retiro',33,19),
    	(194,'Yerbas Buenas',33,19),
      	(195,'Cauquenes',34,20),
    	(196,'Chanco',34,20),
    	(197,'Pelluhue',34,20),
    	(198,'Bulnes',35,21),
    	(199,'Chillán',35,21),
    	(200,'Chillán Viejo',35,21),
    	(201,'El Carmen',35,21),
    	(202,'Pemuco',35,21),
    	(203,'Pinto',35,21),
    	(204,'Quillón',35,21),
    	(205,'San Ignacio',35,21),
    	(206,'Yungay',35,21),
    	(207,'Cobquecura',35,21),
    	(208,'Coelemu',35,21),
    	(209,'Ninhue',35,21),
    	(210,'Portezuelo',35,21),
    	(211,'Quirihue',35,21),
    	(212,'Ránquil',35,21),
    	(213,'Treguaco',35,21),
    	(214,'San Carlos',35,21),
    	(215,'Coihueco',35,21),
    	(216,'San Nicolás',35,21),
    	(217,'Ñiquén',35,21),
    	(218,'San Fabián',35,21),
    	(219,'Alto Biobío',37,23),
    	(220,'Antuco',37,23),
    	(221,'Cabrero',37,23),
    	(222,'Laja',37,23),
    	(223,'Los Ángeles',37,23),
    	(224,'Mulchén',37,23),
    	(225,'Nacimiento',37,23),
    	(226,'Negrete',37,23),
    	(227,'Quilaco',37,23),
    	(228,'Quilleco',37,23),
    	(229,'San Rosendo',37,23),
    	(230,'Santa Bárbara',37,23),
    	(231,'Tucapel',37,23),
    	(232,'Yumbel',37,23),
    	(233,'Concepción',38,24),
    	(234,'Coronel',38,24),
    	(235,'Chiguayante',38,24),
    	(236,'Florida',38,24),
    	(237,'Hualpén',38,24),
    	(238,'Hualqui',38,24),
    	(239,'Lota',38,24),
    	(240,'Penco',38,24),
    	(241,'San Pedro de La Paz',38,24),
    	(242,'Santa Juana',38,24),
    	(243,'Talcahuano',38,24),
    	(244,'Tomé',38,24),
    	(245,'Arauco',35,22),
    	(246,'Cañete',35,22),
    	(247,'Contulmo',35,22),
    	(248,'Curanilahue',35,22),
    	(249,'Lebu',35,22),
    	(250,'Los Álamos',35,22),
    	(251,'Tirúa',35,22),
    	(252,'Angol',40,27),
    	(253,'Collipulli',40,27),
    	(254,'Curacautín',40,27),
    	(255,'Ercilla',40,27),
    	(256,'Lonquimay',40,27),
    	(257,'Los Sauces',40,27),
    	(258,'Lumaco',40,27),
    	(259,'Purén',40,27),
    	(260,'Renaico',40,27),
    	(261,'Traiguén',40,27),
    	(262,'Victoria',40,27),
    	(263,'Temuco',41,26),
    	(264,'Carahue',41,26),
    	(265,'Cholchol',41,26),
    	(266,'Cunco',41,26),
    	(267,'Curarrehue',41,25),
    	(268,'Freire',41,25),
    	(269,'Galvarino',41,26),
    	(270,'Gorbea',41,25),
    	(271,'Lautaro',41,26),
    	(272,'Loncoche',41,25),
    	(273,'Melipeuco',41,26),
    	(274,'Nueva Imperial',41,26),
    	(275,'Padre Las Casas',41,25),
    	(276,'Perquenco',41,26),
    	(277,'Pitrufquén',41,25),
    	(278,'Pucón',41,25),
    	(279,'Saavedra',41,26),
    	(280,'Teodoro Schmidt',41,25),
    	(281,'Toltén',41,25),
    	(282,'Vilcún',41,26),
    	(283,'Villarrica',41,25),
    	(284,'Valdivia',42,28),
    	(285,'Corral',42,28),
    	(286,'Lanco',42,28),
    	(287,'Los Lagos',42,28),
    	(288,'Máfil',42,28),
    	(289,'Mariquina',42,28),
    	(290,'Paillaco',42,28),
    	(291,'Panguipulli',42,28),
    	(292,'La Unión',43,29),
    	(293,'Futrono',43,29),
    	(294,'Lago Ranco',43,29),
    	(295,'Río Bueno',43,29),
    	(296,'Osorno',44,30),
    	(297,'Puerto Octay',44,30),
    	(298,'Purranque',44,30),
    	(299,'Puyehue',44,30),
    	(300,'Río Negro',44,30),
    	(301,'San Juan de la Costa',44,30),
    	(302,'San Pablo',44,30),
    	(303,'Calbuco',45,31),
    	(304,'Cochamó',45,31),
    	(305,'Fresia',45,31),
    	(306,'Frutillar',45,31),
    	(307,'Llanquihue',45,31),
    	(308,'Los Muermos',45,31),
    	(309,'Maullín',45,31),
    	(310,'Puerto Montt',45,31),
    	(311,'Puerto Varas',45,31),
    	(312,'Ancud',46,32),
    	(313,'Castro',46,32),
    	(314,'Chonchi',46,32),
    	(315,'Curaco de Vélez',46,32),
    	(316,'Dalcahue',46,32),
    	(317,'Puqueldón',46,32),
    	(318,'Queilén',46,32),
    	(319,'Quellón',46,32),
    	(320,'Quemchi',46,32),
    	(321,'Quinchao',46,32),
    	(322,'Chaitén',46,32),
    	(323,'Futaleufú',47,33),
    	(324,'Hualaihué',47,33),
    	(325,'Palena',47,33),
    	(326,'Lago Verde',48,34),
    	(327,'Coihaique',48,34),
    	(328,'Aysén',48,34),
    	(329,'Cisnes',48,34),
    	(330,'Guaitecas',48,34),
    	(331,'Río Ibáñez',48,34),
    	(332,'Chile Chico',48,34),
    	(333,'Cochrane',48,34),
    	(334,'OHiggins',48,34),
    	(335,'Tortel',48,34),
    	(336,'Natales',48,34),
    	(337,'Torres del Paine',53,35),
    	(338,'Laguna Blanca',53,35),
    	(339,'Punta Arenas',53,35),
    	(340,'Río Verde',53,35),
    	(341,'San Gregorio',53,35),
    	(342,'Porvenir',53,35),
    	(343,'Primavera',53,35),
    	(344,'Timaukel',53,35),
    	(345,'Cabo de Hornos',53,35),
    	(346,'Antártica',53,35);

    SET IDENTITY_INSERT [t_comunas] OFF


INSERT INTO [dbo].[t_depend]
           ([depend_nombre])
     VALUES
           ('Municipal DAEM'),
             ('Municipal Corporación'),
           ('Particular Subvencionado'),
           ('Particular'),
           ('Servicio Local de Educación');

SET IDENTITY_INSERT [t_cod_ense] ON

INSERT INTO [dbo].[t_cod_ense]
           (cod_ense_id, cod_ense_nombre)
     VALUES
  ('461','Educación Media Técnico Profesional, de Adultos, rama Comercial, con hasta 25 horas semanales presénciales de clases.'),
('167','Básica Adultos Con Oficio Dto. 239'),
('165','Básica Adultos sin Oficio Dto. 239'),
('263','Educ. General Básica Especial Diferencial, con integración de 7° ú 8° agno básico'),
('264','Educ. General Básica Especial Diferencial, con integración en Educación Media Científico Humanista'),
('260','Educ. General Básica Especial Diferencial, con integración en párvulos'),
('660','Educ.Media Técnico Profesional, de Adultos, rama'),
('560','Educ.Media Técnico Profesional, de Adultos, rama Industrial, con 26 o más horas semanales presénciales de clases.'),
('561','Educ.Media Técnico Profesional, de Adultos, rama Industrial, con hasta 25 horas semanales presénciales de clases.'),
('110','Educación General Básica (1ro. a 8vo. agno)'),
('160','Educación General Básica de Adultos'),
('280','Educación General Básica Especial Diferencial, alumnos con discapacidad visual, auditiva o multidéficit, que perciben un aumento de subvención, en conformidad a lo establecido en el artículo 9° bis, del DFL. N° 2, de Educación, de 1998 y su reglamento.'),
('261','Educación General Básica Especial Diferencial, con integración de 1° a 4° agno básico'),
('262','Educación General Básica Especial Diferencial, con integración de 5° ó 6° agno básico'),
('268','Educación General Básica Especial Diferencial, con integración en Educación Básica de Adultos.'),
('269','Educación General Básica Especial Diferencial, con integración en Educación Media de Adultos.'),
('265','Educación General Básica Especial Diferencial, con integración en Educación Media Técnico Profesional Agrícola y Marítima'),
('267','Educación General Básica Especial Diferencial, con integración en Educación Media Técnico Profesional Comercial o Técnica'),
('266','Educación General Básica Especial Diferencial, con integración en Educación Media Técnico Profesional Industrial.'),
('361','Educación Media Humanístico Científica de Adultos, con hasta 25 horas semanales de clases.'),
('360','Educación Media Humanístico Científica de Adultos, con más de 26 horas semanales presénciales de clases.'),
('310','Educación Media Humanístico Científica.'),
('460','Educación Media Técnico Profesional, de Adultos, rama Comercial, con 26 o más horas semanales presénciales de clases.'),
('410','Educación Media Técnico Profesional, rama Comercial.'),
('510','Educación Media Técnico Profesional, rama Industrial.'),
('610','Educación Media Técnico Profesional, rama Técnica.'),
('9','Educación Parvularia 1do. Nivel de transición'),
('10','Educación Parvularia 2do. Nivel de transición'),
('291','Esp. Dif. Aulas Hospitalarias Básica'),
('292','Esp. Dif. Aulas Hospitalarias Media'),
('290','Esp. Dif. Aulas Hospitalarias PreBásica'),
('181','Esp. Dif. Déficit Auditivo Básica'),
('182','Esp. Dif. Déficit Auditivo Laboral'),
('180','Esp. Dif. Déficit Auditivo PreBásica'),
('251','Esp. Dif. Déficit Autista Básica'),
('252','Esp. Dif. Déficit Autista Laboral'),
('250','Esp. Dif. Déficit Autista PreBásica'),
('231','Esp. Dif. Déficit Grave Alter Relac y Comun. Básica'),
('232','Esp. Dif. Déficit Grave Alter Relac y Comun. Laboral '),
('230','Esp. Dif. Déficit Grave Alter Relac y Comun. PreBásica'),
('191','Esp. Dif. Déficit Mental Básica'),
('192','Esp. Dif. Déficit Mental Laboral'),
('190','Esp. Dif. Déficit Mental PreBásica'),
('241','Esp. Dif. Déficit Trastornos Motores Básica'),
('242','Esp. Dif. Déficit Trastornos Motores Laboral'),
('240','Esp. Dif. Déficit Trastornos Motores PreBásica'),
('201','Esp. Dif. Déficit Visual Básica'),
('200','Esp. Dif. Déficit Visual PreBásica'),
('202','Esp. Dif. Déficit Visula Laboral'),
('272','Integración Nec.Educ.Esp.Car.Tran- 1º a 4º Básico T.E.L. '),
('270','Integración Nec.Educ.Esp.Car.Tran- 1º N.T. T.E.L.'),
('271','Integración Nec.Educ.Esp.Car.Tran- 2º N.T. T.E.L.'),
('365','Media Adult H.C. Adultos Dto 239'),
('465','Media Adult. Tec-Prof. Comercial Dto 239'),
('565','Media Adult. Tec-Prof. Industrial Dto. 239'),
('220','Nec.Educ.Esp.Car.Tran- T.E.L.');

SET IDENTITY_INSERT [t_cod_ense] OFF


INSERT INTO [dbo].[t_curso]
           ([curso_nivel]
           ,[curso_nombre])
     VALUES
			('Preescolas', 'Pre-Kinder'),
			('Preescolas', 'Kinder'),
			('Básica', '1°A'),
			('Básica', '1°B'),
			('Básica', '2°A'),
			('Básica', '2°B'),
			('Básica', '3°A'),
			('Básica', '3°B'),
			('Básica', '4°A'),
			('Básica', '4°B'),
			('Básica', '5°A'),
			('Básica', '5°B'),
			('Básica', '6°A'),
			('Básica', '6°B'),
			('Básica', '7°A'),
			('Básica', '7°B'),
			('Básica', '8°A'),
			('Básica', '8°B'),
			('Básica', 'I°M A'),
			('Básica', 'I°M B'),
			('Básica', 'II°M A'),
			('Básica', 'II°M B'),
			('Básica', 'III°M A'),
			('Básica', 'III°M B'),
			('Básica', 'IV°M A'),
			('Básica', 'IV°M B');


INSERT INTO [dbo].[t_persona]
           ([persona_rut]
           ,[persona_apellido_materno]
           ,[persona_apellido_paterno]
           ,[persona_fecha_nacimiento]
           ,[persona_nombre]
           ,[persona_numero_celular]
           ,[persona_numero_telefonico]
           ,[persona_sexo])
         VALUES
( '10007672-1 ', ' ', 'Daza ', '1987-5-17 ', 'Carlota ','+56913328986', '(2) 24986 3823 ', 'F '),
( '10020197-6 ', ' ', 'Calleja ', '1987-11-6 ', 'Álvaro ','+56971612156', '(2) 23758 6292 ', 'M '),
( '10023418-1 ', ' ', 'Perea ', '1987-2-11 ', 'Filomena ','+56945106822', '(2) 22037 2393 ', 'F '),
( '10028406-5 ', ' ', 'Valcárcel ', '1987-11-1 ', 'Lourdes ','+56973788658', '(2) 21943 3541 ', 'M '),
( '10030941-6 ', ' ', 'Camino ', '1987-8-14 ', 'Pacífica ','+56962542790', '(2) 23783 3946 ', 'F '),
( '10033211-6 ', 'Cuadrado ', 'Blanco ', '1987-11-16 ', 'Natalia ','+56921287722', '(2) 26213 6879 ', 'F '),
( '10042303-0 ', ' ', 'Solsona ', '1987-2-27 ', 'Isaura ','+56957824360', '(2) 28514 6498 ', 'F '),
( '10045179-4 ', ' ', 'Romero ', '1987-10-17 ', 'Cleto ','+56934623652', '(2) 22882 7529 ', 'M '),
( '10069276-7 ', ' ', 'Ferrando ', '1987-3-16 ', 'Edu ','+56921501547', '(2) 28832 3630 ', 'M '),
( '10078762-8 ', ' ', 'Castrillo ', '1987-3-15 ', 'Gaspar ','+56987583472', '(2) 22003 7828 ', 'M '),
( '10087828-3 ', ' ', 'Miró ', '1987-1-6 ', 'Baldomero ','+56962401920', '(2) 22829 7643 ', 'M '),
( '10141047-1 ', ' ', 'Jódar ', '1987-1-5 ', 'Teófilo ','+56946833917', '(2) 25453 3836 ', 'M '),
( '10145326-k ', ' ', 'Millán ', '1987-7-28 ', 'Vanesa ','+56942692177', '(2) 24506 8765 ', 'F '),
( '10156977-2 ', ' ', 'Alonso ', '1987-1-11 ', 'Edelmiro ','+56961617888', '(2) 21276 4645 ', 'M '),
( '10158382-1 ', ' ', ' ', '1987-3-22 ', 'Narcisa ','+56926677562', '(2) 28138 5189 ', 'F '),
( '10170629-k ', ' ', 'Arce ', '1987-6-12 ', 'Poncio ','+56910319020', '(2) 26791 3190 ', 'M '),
( '10207401-7 ', ' ', ' ', '1987-6-3 ', 'Ileana ','+56913848988', '(2) 22007 8158 ', 'F '),
( '10224802-3 ', ' ', 'Sanz ', '1987-2-25 ', 'Ainoa ','+56986547479', '(2) 27229 2550 ', 'F '),
( '10241265-6 ', 'Casal ', 'Pacheco ', '1987-9-11 ', 'Merche ','+56986817120', '(2) 23751 6953 ', 'M '),
( '10253981-8 ', ' ', 'Godoy ', '1987-4-16 ', 'Flavia ','+56950716437', '(2) 28682 7069 ', 'F '),
( '10258276-4 ', ' ', 'Corral ', '1987-6-6 ', 'Eusebio ','+56976378757', '(2) 22739 5969 ', 'M '),
( '10282003-7 ', ' ', 'Rodríguez ', '1987-1-12 ', 'Natalia ','+56952548258', '(2) 22483 2290 ', 'F '),
( '10283850-5 ', ' ', 'Vizcaíno ', '1987-3-25 ', 'Valeria ','+56972113759', '(2) 26625 1968 ', 'F '),
( '10284435-1 ', ' ', 'Andrés ', '1987-7-27 ', 'Matilde ','+56961748512', '(2) 22926 1305 ', 'M '),
( '10289034-5 ', ' ', 'Esteve ', '1987-1-2 ', 'Anselmo ','+56946523646', '(2) 24817 4768 ', 'M '),
( '10294702-9 ', ' ', 'Mayol ', '1987-3-14 ', 'Jerónimo ','+56918513775', '(2) 22594 5896 ', 'M '),
( '10307783-4 ', ' ', 'Jódar ', '1987-7-24 ', 'Eva ','+56913193417', '(2) 24724 4880 ', 'F '),
( '10309856-4 ', ' ', 'Oliva ', '1987-10-1 ', 'Luz ','+56984642780', '(2) 28444 1319 ', 'M '),
( '10335354-8 ', ' ', 'Mateos ', '1987-10-15 ', 'Héctor ','+56977147418', '(2) 22055 6288 ', 'M '),
( '10337268-2 ', ' ', 'Blasco ', '1987-3-20 ', 'Lucía ','+56910336655', '(2) 28479 7077 ', 'F '),
( '10341783-k ', ' ', 'Lozano ', '1987-8-20 ', 'Paz ','+56918186562', '(2) 25300 6177 ', 'M '),
( '10343931-0 ', ' ', 'Vall ', '1987-9-2 ', 'Carmelita ','+56913864319', '(2) 22309 4701 ', 'F '),
( '10344239-7 ', ' ', ' ', '1987-3-6 ', 'Emma ','+56937597451', '(2) 28474 7630 ', 'F '),
( '10371655-1 ', ' ', 'Cueto ', '1987-11-8 ', 'Elba ','+56939377136', '(2) 27447 5688 ', 'F '),
( '10372585-2 ', ' ', 'Carrasco ', '1987-12-20 ', 'Ramiro ','+56917347090', '(2) 28794 5803 ', 'M '),
( '10383412-0 ', ' ', 'Báez ', '1987-7-11 ', 'Gabriela ','+56921876217', '(2) 24512 2479 ', 'F '),
( '10419644-6 ', ' ', 'Cases ', '1987-11-20 ', 'Candela ','+56958841054', '(2) 28042 6411 ', 'F '),
( '10426377-1 ', ' ', 'Sola ', '1987-6-21 ', 'Macarena ','+56959484675', '(2) 26735 3416 ', 'F '),
( '10440686-6 ', ' ', 'Puig ', '1987-12-26 ', 'Cosme ','+56944212569', '(2) 22634 3677 ', 'M '),
( '10442532-1 ', ' ', 'Bermúdez ', '1987-5-8 ', 'Sandra ','+56973725451', '(2) 26833 4126 ', 'F '),
( '10452525-3 ', ' ', 'Taboada ', '1987-10-16 ', 'Isaías ','+56990217921', '(2) 23728 3847 ', 'M '),
( '10461021-8 ', ' ', 'Soto ', '1987-5-25 ', 'Nuria ','+56918521622', '(2) 24008 2212 ', 'F '),
( '10462201-1 ', ' ', ' ', '1987-10-27 ', 'Matilde ','+56976424060', '(2) 25373 2440 ', 'M '),
( '10474580-6 ', ' ', 'Rovira ', '1987-12-13 ', 'Tiburcio ','+56927431116', '(2) 23314 1771 ', 'M '),
( '10477159-9 ', ' ', 'Manjón ', '1987-12-19 ', 'Verónica ','+56948868424', '(2) 22849 1722 ', 'F '),
( '10504838-6 ', ' ', ' ', '1987-12-4 ', 'Marcelino ','+56919343879', '(2) 23426 6822 ', 'M '),
( '10508665-2 ', 'Hernandez ', 'Garriga ', '1986-6-5 ', 'María ','+56956702983', '(2) 21686 3473 ', 'F '),
( '10510257-7 ', ' ', ' ', '1986-9-15 ', 'Bonifacio ','+56941224538', '(2) 26644 3229 ', 'M '),
( '10511035-9 ', ' ', ' ', '1986-8-12 ', 'Lucho ','+56928181649', '(2) 21911 2445 ', 'M '),
( '10536148-3 ', ' ', 'Andreu ', '1986-3-27 ', 'Nuria ','+56914526962', '(2) 21134 2326 ', 'F '),
( '10539485-3 ', ' ', 'Canales ', '1986-8-3 ', 'Salvador ','+56968336718', '(2) 27216 7156 ', 'M '),
( '10547385-0 ', 'Montes ', 'Sureda ', '1986-10-6 ', 'Gustavo ','+56934626042', '(2) 28917 8474 ', 'M '),
( '10553589-9 ', ' ', 'Ortiz ', '1986-2-9 ', 'Marianela ','+56973168959', '(2) 21842 8190 ', 'F '),
( '10556456-2 ', ' ', 'Ferrero ', '1986-7-8 ', 'Tatiana ','+56970142577', '(2) 22827 2052 ', 'F '),
( '10575408-6 ', ' ', 'Real ', '1986-6-16 ', 'Micaela ','+56930394213', '(2) 23462 4895 ', 'F '),
( '10584120-5 ', ' ', 'Cabanillas ', '1986-10-12 ', 'Griselda ','+56950762759', '(2) 21514 8634 ', 'F '),
( '10593687-7 ', ' ', 'Piñol ', '1986-1-26 ', 'Ramón ','+56929323990', '(2) 23941 4921 ', 'M '),
( '10617869-0 ', ' ', ' ', '1986-10-14 ', 'Emiliano ','+56927592783', '(2) 23049 7849 ', 'M '),
( '10628551-9 ', ' ', 'Frías ', '1986-3-26 ', 'Sonia ','+56970546432', '(2) 26108 4958 ', 'F '),
( '10633287-8 ', 'Abascal ', 'Roselló ', '1986-12-3 ', 'Alejandra ','+56911253323', '(2) 27571 7221 ', 'F '),
( '10659332-9 ', ' ', 'Pozuelo ', '1986-6-6 ', 'Ciro ','+56932155380', '(2) 28511 2607 ', 'M '),
( '10672491-1 ', ' ', 'Roca ', '1986-8-6 ', 'Andrea ','+56922256817', '(2) 26117 6534 ', 'F '),
( '10695109-8 ', ' ', ' ', '1986-12-8 ', 'Amaya ','+56946786153', '(2) 22474 2702 ', 'F '),
( '10700522-6 ', ' ', 'Sarmiento ', '1986-8-18 ', 'Edelmiro ','+56964818527', '(2) 25822 2992 ', 'M '),
( '10705549-5 ', ' ', 'Aguado ', '1986-3-13 ', 'Bernabé ','+56986271311', '(2) 24162 5154 ', 'M '),
( '10706331-5 ', ' ', ' ', '1986-4-18 ', 'Gisela ','+56944633427', '(2) 26273 4210 ', 'F '),
( '10721723-1 ', ' ', 'Posada ', '1986-8-6 ', 'Yago ','+56955898142', '(2) 24280 5198 ', 'M '),
( '10733695-8 ', ' ', 'Barbero ', '1986-7-15 ', 'Cristóbal ','+56979107769', '(2) 28453 2609 ', 'M '),
( '10738748-k ', ' ', 'Gálvez ', '1986-7-21 ', 'Nacho ','+56928542650', '(2) 21959 3321 ', 'M '),
( '10740172-5 ', ' ', 'Gutierrez ', '1986-12-14 ', 'Arsenio ','+56939872015', '(2) 21578 5909 ', 'M '),
( '10744132-8 ', ' ', ' ', '1986-5-28 ', 'Jacinto ','+56910101132', '(2) 27049 5989 ', 'M '),
( '10763343-k ', 'Barceló ', 'Sotelo ', '1986-8-12 ', 'Teodora ','+56922668956', '(2) 26531 5939 ', 'F '),
( '10773848-7 ', ' ', ' ', '1986-7-4 ', 'Diana ','+56979533729', '(2) 27375 4169 ', 'F '),
( '10779229-5 ', ' ', 'Sans ', '1986-12-16 ', 'Soledad ','+56980391752', '(2) 25130 2896 ', 'M '),
( '10788953-1 ', ' ', 'Badía ', '1986-9-24 ', 'Nadia ','+56940271560', '(2) 25443 1236 ', 'F '),
( '10802648-0 ', ' ', 'Lastra ', '1986-2-4 ', 'Tadeo ','+56927608236', '(2) 22978 4672 ', 'M '),
( '10814200-6 ', ' ', ' ', '1986-4-19 ', 'Severo ','+56967506150', '(2) 28826 8772 ', 'M '),
( '10830649-1 ', 'Pozo ', 'Lumbreras ', '1986-3-9 ', 'Amanda ','+56928587730', '(2) 22250 8738 ', 'F '),
( '10830895-8 ', ' ', 'Cerdán ', '1986-5-26 ', 'Cesar ','+56981662959', '(2) 21687 1911 ', 'M '),
( '10836337-1 ', ' ', 'Moya ', '1986-3-3 ', 'Eusebio ','+56946735165', '(2) 21687 4993 ', 'M '),
( '10861765-9 ', ' ', 'Higueras ', '1986-11-23 ', 'Nadia ','+56956302174', '(2) 27287 6210 ', 'F '),
( '10866223-9 ', ' ', 'Plana ', '1986-3-3 ', 'Haroldo ','+56956486890', '(2) 28373 2252 ', 'M '),
( '10883566-4 ', ' ', 'Olivares ', '1986-1-1 ', 'Blas ','+56920572123', '(2) 28431 2521 ', 'M '),
( '10897741-8 ', ' ', 'Villaverde ', '1986-9-17 ', 'Angelina ','+56979531870', '(2) 25245 5883 ', 'F '),
( '10905674-k ', ' ', 'Villa ', '1986-2-5 ', 'Isa ','+56957125220', '(2) 22326 3201 ', 'F '),
( '10938191-8 ', ' ', 'Gámez ', '1986-2-16 ', 'Fernanda ','+56913791433', '(2) 28440 6048 ', 'F '),
( '10942645-8 ', ' ', 'Ávila ', '1986-3-22 ', 'Eusebia ','+56936743931', '(2) 21269 8832 ', 'F '),
( '10949037-7 ', ' ', 'Somoza ', '1986-2-2 ', 'Saturnino ','+56919225051', '(2) 21948 7286 ', 'M '),
( '10955920-2 ', ' ', ' ', '1986-5-5 ', 'Joan ','+56974864552', '(2) 22644 5557 ', 'M '),
( '10956528-8 ', ' ', ' ', '1986-8-11 ', 'Elías ','+56969884989', '(2) 24661 2266 ', 'M '),
( '10962131-5 ', ' ', 'Aguilar ', '1986-11-28 ', 'Luciana ','+56947405881', '(2) 26036 4011 ', 'F '),
( '10967060-k ', ' ', 'Sandoval ', '1985-1-1 ', 'Hilda ','+56958346124', '(2) 24841 3398 ', 'F '),
( '10967188-6 ', ' ', 'Quesada ', '1985-3-26 ', 'María ','+56948138626', '(2) 24141 5003 ', 'F '),
( '10987992-4 ', ' ', 'Montes ', '1985-9-20 ', 'Alex ','+56957707742', '(2) 23801 6868 ', 'M '),
( '11007556-1 ', 'Montenegro ', 'Ortuño ', '1985-12-24 ', 'Susanita ','+56938403566', '(2) 21899 3714 ', 'F '),
( '11008805-1 ', ' ', 'Garmendia ', '1985-7-22 ', 'Eutropio ','+56925674511', '(2) 28404 5469 ', 'M '),
( '11036749-k ', ' ', ' ', '1985-3-28 ', 'Patricia ','+56950857633', '(2) 21669 1966 ', 'F '),
( '11050974-k ', ' ', 'Escudero ', '1985-9-19 ', 'Rosa ','+56966183610', '(2) 22157 2975 ', 'F '),
( '11054915-6 ', 'Zaragoza ', 'Pozuelo ', '1985-8-11 ', 'Paz ','+56954261686', '(2) 21047 3753 ', 'M '),
( '11059095-4 ', ' ', ' ', '1985-3-11 ', 'Diana ','+56957565666', '(2) 26114 7424 ', 'F '),
( '11062704-1 ', 'Aparicio ', 'Manuel ', '1985-1-21 ', 'Dan ','+56967527310', '(2) 24397 4685 ', 'M '),
( '11082022-4 ', ' ', ' ', '1985-4-8 ', 'Augusto ','+56985735024', '(2) 25985 4265 ', 'M '),
( '11084619-3 ', ' ', 'Gras ', '1985-8-2 ', 'Anselmo ','+56985765423', '(2) 22015 6585 ', 'M '),
( '11098895-8 ', ' ', ' ', '1985-2-3 ', 'Ágata ','+56989782069', '(2) 28703 7007 ', 'F '),
( '11123065-k ', ' ', 'Vicente ', '1985-9-12 ', 'Asunción ','+56924446528', '(2) 28769 1825 ', 'M '),
( '11126113-k ', 'Cabeza ', 'Garrido ', '1985-2-21 ', 'Tadeo ','+56981881649', '(2) 22023 5807 ', 'M '),
( '11145086-2 ', ' ', 'Company ', '1985-7-8 ', 'Pastora ','+56990188482', '(2) 24909 7062 ', 'F '),
( '11145641-0 ', ' ', 'Puente ', '1985-12-10 ', 'Curro ','+56980304210', '(2) 21598 4791 ', 'M '),
( '11164951-0 ', 'Galiano ', 'Puente ', '1985-5-28 ', 'Albina ','+56946375457', '(2) 22280 6135 ', 'F '),
( '11168517-7 ', ' ', 'Zabala ', '1985-10-25 ', 'Olalla ','+56942672469', '(2) 28135 2568 ', 'F '),
( '11173549-2 ', ' ', 'Rojas ', '1985-4-24 ', 'Germán ','+56934326859', '(2) 24841 1083 ', 'M '),
( '11176016-0 ', ' ', 'Verdejo ', '1985-11-14 ', 'América ','+56961687836', '(2) 21721 6774 ', 'F '),
( '11176056-k ', ' ', 'Vives ', '1985-1-10 ', 'Eladio ','+56919323614', '(2) 23850 2833 ', 'M '),
( '11182218-2 ', ' ', 'Bustos ', '1985-4-18 ', 'Brígida ','+56967503360', '(2) 28519 5640 ', 'F '),
( '11185639-7 ', ' ', 'Pinto ', '1985-12-19 ', 'Bernarda ','+56948145049', '(2) 25383 8327 ', 'F '),
( '11188577-k ', ' ', 'Cases ', '1985-8-3 ', 'Delfina ','+56913283079', '(2) 23981 4938 ', 'F '),
( '11198467-0 ', 'Casals ', 'Padilla ', '1985-1-27 ', 'Chucho ','+56944286160', '(2) 21619 8810 ', 'M '),
( '11199081-6 ', ' ', ' ', '1985-9-4 ', 'Aroa ','+56984785639', '(2) 26738 7344 ', 'F '),
( '11208457-6 ', ' ', ' ', '1985-4-24 ', 'Glauco ','+56959844153', '(2) 23145 6584 ', 'M '),
( '11216921-0 ', 'Orozco ', 'Ibañez ', '1985-10-9 ', 'Juan ','+56939474328', '(2) 23811 6297 ', 'M '),
( '11217170-3 ', 'Manuel ', 'Marin ', '1985-7-21 ', 'Maricruz ','+56940191383', '(2) 26730 1457 ', 'M '),
( '11219994-2 ', ' ', 'Pellicer ', '1985-5-19 ', 'Isabela ','+56912606483', '(2) 21677 3154 ', 'F '),
( '11227400-6 ', ' ', 'Hervás ', '1985-12-5 ', 'Bibiana ','+56949268944', '(2) 22044 8209 ', 'F '),
( '11253393-1 ', ' ', 'Sanmartín ', '1985-5-10 ', 'Daniel ','+56986549075', '(2) 24454 7906 ', 'M '),
( '11284745-6 ', ' ', 'Conesa ', '1985-8-25 ', 'Ligia ','+56912382142', '(2) 25442 3528 ', 'F '),
( '11297502-0 ', ' ', ' ', '1985-2-25 ', 'Sol ','+56956139071', '(2) 25962 3250 ', 'M '),
( '11303471-8 ', 'Arnaiz ', 'Laguna ', '1985-5-2 ', 'Etelvina ','+56961515921', '(2) 25743 2067 ', 'F '),
( '11309691-8 ', ' ', 'Estévez ', '1985-8-17 ', 'Moreno ','+56984853523', '(2) 21354 6798 ', 'M '),
( '11315203-6 ', 'Bru ', 'Salomón ', '1985-8-20 ', 'Miguel ','+56934192641', '(2) 26475 2559 ', 'M '),
( '11316271-6 ', ' ', 'Saldaña ', '1985-7-13 ', 'Ileana ','+56959144334', '(2) 28748 5068 ', 'F '),
( '11322539-4 ', ' ', 'Sedano ', '1985-12-6 ', 'Emelina ','+56939836750', '(2) 22313 1273 ', 'F '),
( '11322765-6 ', ' ', 'Coello ', '1985-5-17 ', 'Bernardino ','+56990111135', '(2) 21049 6830 ', 'M '),
( '11334648-5 ', ' ', ' ', '1984-12-14 ', 'Carmen ','+56936693926', '(2) 27398 4326 ', 'M '),
( '11352824-9 ', ' ', 'Solé ', '1984-3-17 ', 'Elisa ','+56947671327', '(2) 26934 5797 ', 'F '),
( '11353432-k ', ' ', 'Calvet ', '1984-6-22 ', 'Valerio ','+56986801935', '(2) 25973 5769 ', 'M '),
( '11358792-k ', ' ', 'Terrón ', '1984-3-24 ', 'Fabián ','+56954297157', '(2) 26125 7589 ', 'M '),
( '11408393-3 ', ' ', 'Figuerola ', '1984-4-21 ', 'Eusebio ','+56965481561', '(2) 24698 2798 ', 'M '),
( '11430437-9 ', 'Valverde ', 'Isern ', '1984-5-17 ', 'Gil ','+56926676230', '(2) 26196 6929 ', 'M '),
( '11431877-9 ', ' ', 'Pavón ', '1984-4-6 ', 'Dora ','+56962764424', '(2) 22464 3583 ', 'F '),
( '11433382-4 ', ' ', 'Cisneros ', '1984-3-27 ', 'Úrsula ','+56982115942', '(2) 24881 6269 ', 'F '),
( '11434461-3 ', ' ', 'Gárate ', '1984-10-1 ', 'Morena ','+56975101218', '(2) 23166 2474 ', 'F '),
( '11444595-9 ', ' ', 'Pedrosa ', '1984-3-3 ', 'Yolanda ','+56980271237', '(2) 25642 2268 ', 'F '),
( '11451351-2 ', ' ', 'Cañellas ', '1984-3-25 ', 'Juana ','+56936416730', '(2) 26630 5007 ', 'F '),
( '11455765-k ', ' ', ' ', '1984-9-23 ', 'Eligio ','+56918544289', '(2) 26513 2486 ', 'M '),
( '11469397-9 ', ' ', 'Sureda ', '1984-7-14 ', 'Tania ','+56978808238', '(2) 26972 8744 ', 'F '),
( '11471072-5 ', ' ', 'Sosa ', '1984-3-7 ', 'Emma ','+56987758436', '(2) 24519 4247 ', 'F '),
( '11480725-7 ', ' ', 'Anguita ', '1984-6-23 ', 'Jafet ','+56941872440', '(2) 25600 5250 ', 'M '),
( '11499957-1 ', 'Baquero ', 'Ripoll ', '1984-6-11 ', 'Jose ','+56975803766', '(2) 23521 8067 ', 'M '),
( '11517664-1 ', ' ', ' ', '1984-3-19 ', 'Pastora ','+56948754730', '(2) 22655 6409 ', 'F '),
( '11524508-2 ', ' ', ' ', '1984-8-13 ', 'Isa ','+56924766322', '(2) 27279 8088 ', 'F '),
( '11527425-2 ', ' ', 'Quero ', '1984-6-2 ', 'Wálter ','+56977473567', '(2) 22807 1017 ', 'M '),
( '11577212-0 ', ' ', 'Amat ', '1984-10-11 ', 'Juan ','+56956545621', '(2) 21687 6154 ', 'M '),
( '11598215-k ', ' ', ' ', '1984-8-19 ', 'Juliana ','+56965594665', '(2) 24259 1323 ', 'F '),
( '11601329-0 ', ' ', 'Llano ', '1984-7-19 ', 'Eligia ','+56928468565', '(2) 21808 1250 ', 'F '),
( '11605505-8 ', ' ', ' ', '1984-5-26 ', 'Eufemia ','+56915876031', '(2) 25897 3228 ', 'F '),
( '11616524-4 ', ' ', 'Román ', '1984-6-20 ', 'Bienvenida ','+56934891117', '(2) 21403 2782 ', 'F '),
( '11624333-4 ', ' ', 'Bauzà ', '1984-3-26 ', 'Alicia ','+56966865262', '(2) 25220 8790 ', 'F '),
( '11633547-6 ', ' ', 'Anaya ', '1984-9-24 ', 'Fabiana ','+56926355013', '(2) 25814 6636 ', 'F '),
( '11660317-9 ', 'Valls ', 'Páez ', '1984-9-10 ', 'Cleto ','+56928508313', '(2) 27357 2746 ', 'M '),
( '11666439-9 ', ' ', ' ', '1984-5-28 ', 'Ramiro ','+56948596378', '(2) 26364 3263 ', 'M '),
( '11671016-1 ', ' ', 'Oliver ', '1984-1-26 ', 'María ','+56987218179', '(2) 25959 3900 ', 'F '),
( '11674014-1 ', ' ', 'Pazos ', '1984-12-28 ', 'Leocadia ','+56964415471', '(2) 25398 2930 ', 'F '),
( '11683737-4 ', ' ', 'Capdevila ', '1984-6-13 ', 'Cristian ','+56924242855', '(2) 24022 4593 ', 'M '),
( '11708304-7 ', ' ', 'Morera ', '1984-10-27 ', 'Merche ','+56951303135', '(2) 26435 1072 ', 'M '),
( '11711168-7 ', 'Mármol ', 'Posada ', '1984-4-22 ', 'Luis ','+56936511142', '(2) 27531 2380 ', 'M '),
( '11722146-6 ', ' ', 'Jódar ', '1984-9-23 ', 'Domitila ','+56914817763', '(2) 21080 8406 ', 'F '),
( '11733502-k ', ' ', 'Noguera ', '1984-1-3 ', 'Graciana ','+56944387283', '(2) 23018 4241 ', 'F '),
( '11740188-k ', ' ', 'Sola ', '1984-6-19 ', 'Isabel ','+56917441042', '(2) 23786 8812 ', 'M '),
( '11744859-2 ', ' ', 'Céspedes ', '1984-11-3 ', 'Noa ','+56980728158', '(2) 28473 2843 ', 'F '),
( '11759443-2 ', ' ', 'Castejón ', '1984-4-10 ', 'Olga ','+56957241143', '(2) 23262 7391 ', 'F '),
( '11761847-1 ', ' ', 'Giner ', '1984-10-15 ', 'Gerónimo ','+56935325533', '(2) 25163 8743 ', 'M '),
( '11776869-4 ', ' ', 'Rincón ', '1984-7-27 ', 'Isaura ','+56974297636', '(2) 24292 7921 ', 'F '),
( '11794615-0 ', ' ', 'Dominguez ', '1984-6-16 ', 'Eva ','+56946183921', '(2) 26092 4590 ', 'F '),
( '11810267-3 ', 'Rueda ', 'Corral ', '1984-7-2 ', 'Maxi ','+56989648512', '(2) 28726 2339 ', 'M '),
( '11819750-k ', ' ', 'Morales ', '1984-7-28 ', 'Úrsula ','+56929302161', '(2) 25156 5044 ', 'F '),
( '11833788-3 ', ' ', 'Carrillo ', '1984-7-16 ', 'Consuela ','+56933147872', '(2) 21024 8029 ', 'F '),
( '11836666-2 ', ' ', 'Pacheco ', '1984-7-11 ', 'Humberto ','+56972804828', '(2) 21840 6880 ', 'M '),
( '11850206-k ', ' ', 'Lucas ', '1983-9-6 ', 'Gracia ','+56925385779', '(2) 22641 5715 ', 'F '),
( '11868373-0 ', ' ', ' ', '1983-4-10 ', 'África ','+56972736983', '(2) 23926 6923 ', 'F '),
( '11873643-5 ', ' ', 'Báez ', '1983-7-15 ', 'Leire ','+56916275976', '(2) 25994 7845 ', 'M '),
( '11881844-k ', ' ', 'Sánchez ', '1983-6-26 ', 'Reyes ','+56948706558', '(2) 28586 2375 ', 'M '),
( '11904379-4 ', ' ', 'Pujol ', '1983-12-7 ', 'Marina ','+56977536765', '(2) 25389 4722 ', 'F '),
( '11906416-3 ', ' ', 'Sala ', '1983-11-8 ', 'Encarna ','+56924733960', '(2) 23813 4966 ', 'F '),
( '11917875-4 ', ' ', 'Navarro ', '1983-9-25 ', 'Imelda ','+56986411845', '(2) 23189 8490 ', 'F '),
( '11946591-5 ', ' ', 'Briones ', '1983-2-27 ', 'Remigio ','+56958337811', '(2) 23448 3684 ', 'M '),
( '11958784-0 ', ' ', ' ', '1983-12-14 ', 'Saturnina ','+56956683315', '(2) 26533 7551 ', 'F '),
( '11959645-9 ', 'Guerrero ', 'Sanz ', '1983-5-27 ', 'Ariadna ','+56915494054', '(2) 27729 1327 ', 'F '),
( '11959835-4 ', ' ', ' ', '1983-8-18 ', 'Borja ','+56964442779', '(2) 25835 6852 ', 'F '),
( '11974383-4 ', ' ', 'Gutierrez ', '1983-4-6 ', 'Baldomero ','+56948687178', '(2) 25821 5744 ', 'M '),
( '12001609-1 ', ' ', 'Barba ', '1983-7-14 ', 'Bautista ','+56988356574', '(2) 22002 6260 ', 'F '),
( '12004414-1 ', 'Berrocal ', 'Iborra ', '1983-9-13 ', 'Rosa ','+56936431870', '(2) 26887 7100 ', 'F '),
( '12026928-3 ', ' ', ' ', '1983-6-14 ', 'Conrado ','+56988767316', '(2) 27474 1472 ', 'M '),
( '12033070-5 ', ' ', 'Perera ', '1983-4-10 ', 'Juanito ','+56916768176', '(2) 25010 3383 ', 'M '),
( '12035695-k ', ' ', 'Jordá ', '1983-2-14 ', 'Elisa ','+56976757860', '(2) 26074 5741 ', 'F '),
( '12051453-9 ', ' ', 'Méndez ', '1983-5-27 ', 'José ','+56946864978', '(2) 27280 3498 ', 'M '),
( '12057597-k ', ' ', 'Velázquez ', '1983-2-12 ', 'Lucio ','+56961375944', '(2) 22870 2606 ', 'M '),
( '12070423-0 ', ' ', ' ', '1983-10-10 ', 'Carlito ','+56957606469', '(2) 21132 3495 ', 'M '),
( '12077732-7 ', ' ', 'Armas ', '1983-1-10 ', 'Crescencia ','+56961764179', '(2) 27528 6754 ', 'F '),
( '12078844-2 ', ' ', 'Acedo ', '1983-11-6 ', 'Felix ','+56911565612', '(2) 21597 1671 ', 'M '),
( '12086533-1 ', ' ', 'Torrent ', '1983-8-26 ', 'Antonio ','+56931688713', '(2) 25180 2723 ', 'M '),
( '12089722-5 ', ' ', 'Valls ', '1983-5-26 ', 'Susana ','+56954685327', '(2) 23382 6593 ', 'F '),
( '12102298-2 ', ' ', 'Rosell ', '1983-1-2 ', 'Blanca ','+56910307643', '(2) 27089 2421 ', 'F '),
( '12108304-3 ', ' ', 'Zorrilla ', '1983-10-17 ', 'Isidoro ','+56989162781', '(2) 28032 4783 ', 'M '),
( '12123814-4 ', ' ', 'Castellanos-Marqués ', '1983-6-10 ', 'María ','+56933373980', '(2) 26401 5758 ', 'F '),
( '12135980-4 ', ' ', 'Heras-Martin ', '1983-2-27 ', 'María ','+56911802832', '(2) 27973 7343 ', 'F '),
( '12136075-6 ', 'Valenciano ', 'Trujillo ', '1983-6-23 ', 'Ricarda ','+56988273731', '(2) 28206 1100 ', 'F '),
( '12136289-9 ', ' ', 'Gomez ', '1983-2-14 ', 'Tomás ','+56951782862', '(2) 24563 5561 ', 'M '),
( '12143946-8 ', ' ', 'España ', '1983-9-23 ', 'Nilda ','+56956224542', '(2) 24617 8573 ', 'F '),
( '12158243-0 ', ' ', 'Tolosa ', '1983-6-5 ', 'Tatiana ','+56976193750', '(2) 21932 3483 ', 'F '),
( '12160085-4 ', ' ', 'Velázquez ', '1983-10-23 ', 'Desiderio ','+56933365735', '(2) 21547 8725 ', 'M '),
( '12161455-3 ', ' ', 'Mancebo ', '1983-2-8 ', 'José ','+56965101047', '(2) 23109 4901 ', 'M '),
( '12187703-1 ', ' ', ' ', '1983-12-1 ', 'Imelda ','+56921808673', '(2) 28076 4679 ', 'F '),
( '12198763-5 ', ' ', 'Hoyos ', '1983-4-13 ', 'África ','+56942841543', '(2) 28381 2706 ', 'F '),
( '12199624-3 ', ' ', 'Pujadas ', '1983-12-5 ', 'Geraldo ','+56981677820', '(2) 21573 2616 ', 'M '),
( '12203790-8 ', ' ', 'Valencia ', '1983-9-16 ', 'Reyna ','+56937747634', '(2) 22747 5897 ', 'F '),
( '12224585-3 ', ' ', 'Nicolás ', '1983-1-23 ', 'Paloma ','+56933431068', '(2) 23020 8151 ', 'F '),
( '12233991-2 ', ' ', 'Ferrando ', '1983-1-3 ', 'Isaías ','+56931201011', '(2) 25859 6061 ', 'M '),
( '12247052-0 ', ' ', 'Saldaña ', '1983-6-10 ', 'Nereida ','+56934872485', '(2) 26407 6423 ', 'F '),
( '12249675-9 ', 'Bolaños ', 'Calleja ', '1983-10-11 ', 'Ambrosio ','+56984108737', '(2) 26217 8819 ', 'M '),
( '12253177-5 ', 'Enríquez ', 'Echevarría ', '1983-10-3 ', 'José ','+56984547478', '(2) 27630 1267 ', 'M '),
( '12256834-2 ', ' ', 'Quesada ', '1983-5-4 ', 'Dora ','+56920711557', '(2) 27025 5312 ', 'F '),
( '12267765-6 ', ' ', ' ', '1983-3-11 ', 'Dorita ','+56957206637', '(2) 27668 5231 ', 'F '),
( '12274620-8 ', ' ', 'Moraleda ', '1983-1-27 ', 'Nieves ','+56982301223', '(2) 24513 2061 ', 'M '),
( '12302949-6 ', ' ', 'Carrión ', '1983-3-2 ', 'Custodia ','+56971568577', '(2) 26563 4359 ', 'F '),
( '12304987-k ', ' ', 'Jara ', '1983-11-11 ', 'Ricardo ','+56961466064', '(2) 22057 6637 ', 'M '),
( '12321870-1 ', ' ', 'Juliá ', '1983-10-28 ', 'Ágata ','+56977134285', '(2) 26890 5157 ', 'F '),
( '12322583-k ', ' ', 'Ruano ', '1983-12-23 ', 'Agapito ','+56932741437', '(2) 23954 2839 ', 'M '),
( '12326211-5 ', ' ', 'Mas ', '1983-4-23 ', 'Mireia ','+56973748839', '(2) 25292 8927 ', 'F '),
( '12331008-k ', ' ', 'Valero ', '1983-8-21 ', 'Manuel ','+56926234084', '(2) 21018 6368 ', 'M '),
( '12345194-5 ', ' ', 'Sáez ', '1983-10-9 ', 'Corona ','+56989396166', '(2) 26602 8989 ', 'F '),
( '12353202-3 ', 'Gordillo ', 'Gallo ', '1982-2-22 ', 'Juan ','+56938396372', '(2) 21293 5761 ', 'M '),
( '12357698-5 ', ' ', 'Galván ', '1982-11-14 ', 'Paola ','+56934472719', '(2) 24755 1304 ', 'F '),
( '12400096-3 ', ' ', 'Lillo ', '1982-4-18 ', 'Aarón ','+56953633610', '(2) 21329 2189 ', 'M '),
( '12402978-3 ', ' ', ' ', '1982-8-6 ', 'Aurelia ','+56966332132', '(2) 27536 3801 ', 'F '),
( '12404518-5 ', ' ', 'Izaguirre ', '1982-8-2 ', 'Baudelio ','+56923116580', '(2) 27531 3450 ', 'M '),
( '12408398-2 ', ' ', 'Grau ', '1982-12-6 ', 'Lucila ','+56948782023', '(2) 24889 5594 ', 'F '),
( '12412784-k ', 'Elías ', 'Alba ', '1982-6-16 ', 'Martin ','+56968622780', '(2) 23075 6291 ', 'M '),
( '12415134-1 ', ' ', 'Marín ', '1982-8-24 ', 'Zaida ','+56988622133', '(2) 24144 3600 ', 'F '),
( '12425989-4 ', 'Agustín ', 'de ', '1982-3-7 ', 'María ','+56965178520', '(2) 27186 3191 ', 'F '),
( '12429692-7 ', ' ', 'Blázquez ', '1982-6-23 ', 'Elena ','+56956404473', '(2) 22188 8869 ', 'F '),
( '12442756-8 ', ' ', 'Peñas ', '1982-7-24 ', 'Glauco ','+56968846873', '(2) 25204 7704 ', 'M '),
( '12462396-0 ', ' ', ' ', '1982-4-15 ', 'Ricarda ','+56973616341', '(2) 25294 4941 ', 'F '),
( '12463586-1 ', 'Ramón ', 'del ', '1982-3-1 ', 'Eva ','+56943893450', '(2) 28283 7567 ', 'F '),
( '12482661-6 ', ' ', 'Ferrero ', '1982-2-16 ', 'Sabina ','+56924742022', '(2) 23588 5141 ', 'F '),
( '12489531-6 ', ' ', 'Ochoa ', '1982-2-8 ', 'Hector ','+56949425984', '(2) 26741 5390 ', 'M '),
( '12503946-4 ', ' ', ' ', '1982-3-16 ', 'Eutropio ','+56971307148', '(2) 22251 6966 ', 'M '),
( '12507657-2 ', ' ', ' ', '1982-5-8 ', 'Laura ','+56990447234', '(2) 28441 6601 ', 'F '),
( '12526155-8 ', ' ', 'Mata ', '1982-5-24 ', 'Visitación ','+56949322023', '(2) 21092 1942 ', 'M '),
( '12546347-9 ', ' ', 'Pastor ', '1982-3-26 ', 'Sofía ','+56955365632', '(2) 27903 1401 ', 'F '),
( '12567318-k ', ' ', 'Benavent ', '1982-11-1 ', 'Victorino ','+56982635959', '(2) 28087 2518 ', 'M '),
( '12577750-3 ', ' ', ' ', '1982-8-25 ', 'Angelita ','+56931631113', '(2) 23465 5176 ', 'F '),
( '12579409-2 ', ' ', 'Salom ', '1982-6-4 ', 'Bibiana ','+56936383286', '(2) 27334 5852 ', 'F '),
( '12580480-2 ', ' ', ' ', '1982-7-17 ', 'Florinda ','+56957377384', '(2) 25247 8843 ', 'F '),
( '12582057-3 ', ' ', 'Caparrós ', '1982-10-9 ', 'Rita ','+56925315130', '(2) 25821 5212 ', 'F '),
( '12606604-k ', 'Juliá ', 'Mercedes ', '1982-11-4 ', 'Rosa ','+56966284226', '(2) 24226 8112 ', 'F '),
( '12608347-5 ', ' ', 'Asenjo ', '1982-3-8 ', 'Amalia ','+56933435790', '(2) 26352 8077 ', 'F '),
( '12611214-9 ', ' ', 'Martorell ', '1982-9-18 ', 'Baldomero ','+56928655610', '(2) 22414 4721 ', 'M '),
( '12628491-8 ', 'Durán ', 'Dueñas ', '1982-5-8 ', 'Juan ','+56986512478', '(2) 23123 7762 ', 'M '),
( '12632919-9 ', ' ', 'Escribano ', '1982-8-10 ', 'Federico ','+56941477047', '(2) 27043 2313 ', 'M '),
( '12672315-6 ', 'Jimenez ', 'Español ', '1982-3-26 ', 'Azahara ','+56926894949', '(2) 28517 8012 ', 'F '),
( '12680923-9 ', 'Guerra ', 'Juliá ', '1982-12-5 ', 'Juan ','+56943656068', '(2) 27539 7087 ', 'M '),
( '12717457-1 ', ' ', 'Galvez ', '1982-12-15 ', 'Noelia ','+56970162383', '(2) 27973 6753 ', 'F '),
( '12720040-8 ', ' ', 'Hoyos ', '1982-12-10 ', 'Emma ','+56983195743', '(2) 26409 4312 ', 'F '),
( '12743380-1 ', ' ', 'Camps ', '1982-1-18 ', 'Atilio ','+56981168185', '(2) 23473 4732 ', 'M '),
( '12749398-7 ', ' ', 'Arellano ', '1982-10-12 ', 'Félix ','+56911124344', '(2) 27387 2686 ', 'M '),
( '12767532-5 ', ' ', 'Benavente ', '1982-1-9 ', 'Toribio ','+56982382233', '(2) 22508 6439 ', 'M '),
( '12777742-k ', ' ', 'Duarte ', '1982-5-14 ', 'Olegario ','+56951705127', '(2) 22482 1441 ', 'M '),
( '12804380-2 ', ' ', 'Alfonso ', '1982-3-4 ', 'Maura ','+56952674364', '(2) 22189 3554 ', 'F '),
( '12833818-7 ', 'Padilla ', 'Rebollo ', '1982-6-13 ', 'Nicolás ','+56923397368', '(2) 28299 7376 ', 'M '),
( '12839134-7 ', ' ', 'Villaverde ', '1982-1-18 ', 'Zaira ','+56966333578', '(2) 25033 5608 ', 'F '),
( '12854262-0 ', ' ', ' ', '1982-6-28 ', 'Concha ','+56984396942', '(2) 28411 4279 ', 'F '),
( '12856748-8 ', ' ', 'Santamaria ', '1982-12-9 ', 'Priscila ','+56959787122', '(2) 27740 8912 ', 'F '),
( '12859330-6 ', ' ', 'Peral ', '1982-8-26 ', 'Ignacia ','+56978307779', '(2) 26989 1674 ', 'F '),
( '12878102-1 ', ' ', 'Ibañez ', '1982-6-15 ', 'Áurea ','+56957142736', '(2) 23508 4313 ', 'F '),
( '12893775-7 ', ' ', 'Borrás ', '1981-5-23 ', 'Salomé ','+56913722838', '(2) 25452 8297 ', 'M '),
( '12941720-k ', 'Rojas ', 'de ', '1981-11-25 ', 'Jose ','+56947163781', '(2) 22484 4948 ', 'M '),
( '12960555-3 ', ' ', 'Tejero ', '1981-4-21 ', 'Sosimo ','+56982361276', '(2) 28613 4780 ', 'M '),
( '12998143-1 ', ' ', 'Mateo ', '1981-5-8 ', 'Marina ','+56947325040', '(2) 21959 3450 ', 'F '),
( '13007742-0 ', 'Matas ', 'Pomares ', '1981-1-2 ', 'Valerio ','+56929152128', '(2) 21511 5109 ', 'M '),
( '13012660-k ', ' ', 'Valera ', '1981-8-1 ', 'Germán ','+56911813446', '(2) 26278 3913 ', 'M '),
( '13014361-k ', ' ', ' ', '1981-11-9 ', 'Angélica ','+56961627049', '(2) 25444 4525 ', 'F '),
( '13022922-0 ', ' ', 'Neira ', '1981-2-1 ', 'Ruth ','+56938867827', '(2) 23561 2223 ', 'M '),
( '13036082-3 ', ' ', 'Toro ', '1981-7-5 ', 'Lorenzo ','+56957308113', '(2) 26861 4519 ', 'M '),
( '13053465-1 ', ' ', 'León ', '1981-7-26 ', 'Jonatan ','+56978121890', '(2) 28986 2701 ', 'M '),
( '13071620-2 ', ' ', ' ', '1981-5-27 ', 'Joaquina ','+56979565315', '(2) 24805 8492 ', 'F '),
( '13074835-k ', 'Quevedo ', 'Garzón ', '1981-8-13 ', 'Mohamed ','+56934552436', '(2) 26845 5992 ', 'M '),
( '13104816-5 ', ' ', ' ', '1981-8-8 ', 'Adelardo ','+56935427446', '(2) 24254 6139 ', 'M '),
( '13127102-6 ', ' ', 'Herranz ', '1981-5-10 ', 'Paulina ','+56917596440', '(2) 23101 7533 ', 'F '),
( '13164403-5 ', ' ', 'Colomer ', '1981-11-26 ', 'Timoteo ','+56935442280', '(2) 28863 1369 ', 'M '),
( '13164845-6 ', ' ', 'Valverde ', '1981-4-5 ', 'Marcio ','+56913505476', '(2) 28961 3592 ', 'M '),
( '13166555-5 ', ' ', 'Baró ', '1981-10-22 ', 'Joaquina ','+56914112883', '(2) 26815 7341 ', 'F '),
( '13169178-5 ', ' ', 'Piña ', '1981-3-24 ', 'Sabina ','+56940321243', '(2) 26682 1723 ', 'F '),
( '13169897-6 ', ' ', ' ', '1981-10-1 ', 'Ramón ','+56941511984', '(2) 23699 3138 ', 'M '),
( '13172585-k ', ' ', 'Peñas ', '1981-5-13 ', 'Guadalupe ','+56932316431', '(2) 24980 6940 ', 'M '),
( '13176516-9 ', ' ', 'Reguera ', '1981-5-21 ', 'Fortunata ','+56957315917', '(2) 21944 4174 ', 'F '),
( '13180112-2 ', ' ', 'Juan ', '1981-10-22 ', 'Nacho ','+56990467915', '(2) 25334 5666 ', 'M '),
( '13187874-5 ', ' ', 'Benito ', '1981-9-18 ', 'Sergio ','+56984611444', '(2) 24806 5994 ', 'M '),
( '13189569-0 ', ' ', 'Albero ', '1981-11-23 ', 'Reyes ','+56914421543', '(2) 27654 6573 ', 'M '),
( '13229854-8 ', ' ', ' ', '1981-11-6 ', 'Pastor ','+56985378527', '(2) 27809 4131 ', 'M '),
( '13230860-8 ', ' ', 'Duarte ', '1981-12-2 ', 'Raúl ','+56948904513', '(2) 25756 6184 ', 'M '),
( '13236896-1 ', ' ', 'Menendez ', '1981-8-11 ', 'Paulina ','+56973334830', '(2) 25189 7488 ', 'F '),
( '13250207-2 ', ' ', 'Colom ', '1981-3-10 ', 'Gustavo ','+56961724885', '(2) 28251 4108 ', 'M '),
( '13255996-1 ', ' ', ' ', '1981-5-28 ', 'Benjamín ','+56940422815', '(2) 26381 5421 ', 'M '),
( '13257517-7 ', ' ', 'Echeverría ', '1981-5-13 ', 'Lorenzo ','+56944521514', '(2) 21759 5204 ', 'M '),
( '13258827-9 ', ' ', ' ', '1981-7-2 ', 'Bienvenida ','+56941235626', '(2) 28587 2444 ', 'F '),
( '13263791-1 ', ' ', 'Valverde ', '1981-7-27 ', 'Sarita ','+56980783844', '(2) 21358 3096 ', 'F '),
( '13263940-k ', 'Palomares ', 'Fernandez ', '1981-9-15 ', 'Rafa ','+56942788860', '(2) 26913 1128 ', 'F '),
( '13269124-k ', ' ', 'Carbajo ', '1980-3-1 ', 'Celestina ','+56954487814', '(2) 26471 8535 ', 'F '),
( '13276952-4 ', 'Mata ', 'Mendoza ', '1980-11-12 ', 'Francisco ','+56986321713', '(2) 22446 7074 ', 'M '),
( '13283228-5 ', 'Araujo ', 'Casals ', '1980-10-17 ', 'Alex ','+56923643454', '(2) 27258 3774 ', 'M '),
( '13287555-3 ', ' ', 'Pintor ', '1980-5-14 ', 'Josep ','+56945387210', '(2) 27503 6235 ', 'M '),
( '13287638-k ', ' ', ' ', '1980-3-26 ', 'Jordán ','+56961684240', '(2) 21221 3266 ', 'M '),
( '13293393-6 ', 'Pazos ', 'Tamayo ', '1980-6-13 ', 'María ','+56921574963', '(2) 21383 2250 ', 'F '),
( '13296241-3 ', ' ', ' ', '1980-11-13 ', 'Eva ','+56941871926', '(2) 28309 5356 ', 'F '),
( '13317341-2 ', ' ', 'Polo ', '1980-11-16 ', 'Álvaro ','+56920271564', '(2) 26497 3908 ', 'M '),
( '13322547-1 ', 'Rey ', 'del ', '1980-2-9 ', 'Juan ','+56962251155', '(2) 24456 3008 ', 'M '),
( '13362228-4 ', ' ', 'Cabañas ', '1980-2-26 ', 'Víctor ','+56977693665', '(2) 21154 7958 ', 'M '),
( '13363861-k ', ' ', 'Milla ', '1980-12-24 ', 'Gervasio ','+56914732524', '(2) 27623 8642 ', 'M '),
( '13363944-6 ', ' ', 'Burgos ', '1980-2-13 ', 'Emma ','+56985107046', '(2) 27434 7907 ', 'F '),
( '13372558-k ', ' ', 'Navarrete ', '1980-7-27 ', 'Aitana ','+56947507426', '(2) 27492 8245 ', 'F '),
( '13374749-4 ', ' ', 'Montesinos ', '1980-4-11 ', 'Ovidio ','+56955274323', '(2) 25910 6587 ', 'M '),
( '13388365-7 ', ' ', 'Pol ', '1980-8-28 ', 'Chelo ','+56981244211', '(2) 27754 8662 ', 'M '),
( '13410580-1 ', ' ', 'Martín ', '1980-2-10 ', 'Lucía ','+56925653434', '(2) 25651 6175 ', 'F '),
( '13411638-2 ', ' ', 'Céspedes ', '1980-7-6 ', 'Nélida ','+56983165882', '(2) 23702 6009 ', 'F '),
( '13417558-3 ', ' ', 'Baeza ', '1980-6-8 ', 'Paco ','+56984523669', '(2) 21623 3759 ', 'M '),
( '13423811-9 ', ' ', ' ', '1980-5-8 ', 'Maxi ','+56981358844', '(2) 27987 4698 ', 'M '),
( '13443180-6 ', ' ', ' ', '1980-5-11 ', 'Estela ','+56987428618', '(2) 27640 3916 ', 'F '),
( '13448142-0 ', ' ', 'Gimeno ', '1980-5-17 ', 'Maite ','+56969166968', '(2) 24592 4795 ', 'M '),
( '13455567-k ', ' ', 'Pinilla ', '1980-6-7 ', 'Edgardo ','+56911386410', '(2) 22987 1437 ', 'M '),
( '13462736-0 ', ' ', ' ', '1980-3-26 ', 'Fátima ','+56945322517', '(2) 26851 2576 ', 'F '),
( '13465574-7 ', 'Echeverría ', 'Mohamed ', '1980-9-7 ', 'Jose ','+56956692138', '(2) 28704 3112 ', 'M '),
( '13466545-9 ', ' ', 'Saavedra ', '1980-6-18 ', 'Angelina ','+56941324059', '(2) 25066 2613 ', 'F '),
( '13474067-1 ', ' ', ' ', '1980-1-10 ', 'Bernarda ','+56927281774', '(2) 27742 1708 ', 'F '),
( '13474325-5 ', 'Moreno ', 'Tello ', '1980-2-16 ', 'Elba ','+56941593014', '(2) 25321 7504 ', 'F '),
( '13478959-k ', ' ', 'Bolaños ', '1980-5-10 ', 'Manuelita ','+56937501345', '(2) 21320 3780 ', 'F '),
( '13490604-9 ', ' ', 'Pardo ', '1980-4-24 ', 'Adalberto ','+56914585383', '(2) 23715 5168 ', 'M '),
( '13493857-9 ', ' ', 'Múgica ', '1980-3-2 ', 'Evita ','+56985881825', '(2) 25077 6664 ', 'F '),
( '13506199-9 ', ' ', 'Gallardo ', '1980-5-17 ', 'Rosalía ','+56942603968', '(2) 25614 6572 ', 'F '),
( '13511651-3 ', ' ', 'Vaquero ', '1980-6-19 ', 'Alejo ','+56923465690', '(2) 23392 1389 ', 'M '),
( '13529640-6 ', ' ', 'Nogueira ', '1980-3-4 ', 'Lupe ','+56944165275', '(2) 25465 6776 ', 'M '),
( '13532532-5 ', ' ', 'Ponce ', '1980-4-28 ', 'Eugenio ','+56963681866', '(2) 25974 4409 ', 'M '),
( '13539393-2 ', ' ', ' ', '1980-10-27 ', 'Teófila ','+56983625516', '(2) 27081 2993 ', 'F '),
( '13539789-k ', 'Tenorio ', 'Caro ', '1980-12-12 ', 'Sigfrido ','+56916312361', '(2) 22238 5982 ', 'M '),
( '13543595-3 ', ' ', 'Ríos ', '1980-11-28 ', 'Tito ','+56986291621', '(2) 21256 8329 ', 'M '),
( '13547242-5 ', ' ', 'Larrañaga ', '1980-1-17 ', 'Jorge ','+56944303168', '(2) 23657 8577 ', 'M '),
( '13549704-5 ', ' ', 'Lumbreras ', '1980-6-25 ', 'Andrés ','+56978281819', '(2) 22596 5919 ', 'M '),
( '13558917-9 ', ' ', 'Juliá ', '1980-5-11 ', 'Encarnacion ','+56934711684', '(2) 26033 1414 ', 'M '),
( '13565523-6 ', ' ', 'Manrique ', '1980-5-6 ', 'Jessica ','+56930827188', '(2) 28160 6567 ', 'F '),
( '13567240-8 ', ' ', 'Jerez ', '1980-6-14 ', 'Pía ','+56915704050', '(2) 27617 5602 ', 'F '),
( '13567255-6 ', 'Muñoz ', 'de ', '1980-4-21 ', 'Francisco ','+56979885111', '(2) 26598 4648 ', 'M '),
( '13602705-0 ', ' ', 'Barrena ', '1979-8-13 ', 'Seve ','+56985252813', '(2) 21031 1289 ', 'M '),
( '13622701-7 ', ' ', 'Bayo ', '1979-12-7 ', 'Prudencia ','+56924778886', '(2) 24307 6552 ', 'F '),
( '13630884-k ', ' ', 'Palmer ', '1979-5-13 ', 'Rosenda ','+56929848188', '(2) 24116 7363 ', 'F '),
( '13632855-7 ', ' ', 'Toledo ', '1979-7-9 ', 'Ximena ','+56946683582', '(2) 28412 7370 ', 'F '),
( '13639690-0 ', ' ', 'Gracia ', '1979-10-18 ', 'Chema ','+56964302260', '(2) 21982 6679 ', 'F '),
( '13648490-7 ', ' ', 'Chaves ', '1979-1-15 ', 'Daniela ','+56914768728', '(2) 26076 2755 ', 'F '),
( '13660551-8 ', 'Folch ', 'Seguí ', '1979-5-18 ', 'Miguel ','+56958238462', '(2) 24709 1800 ', 'M '),
( '13674283-3 ', ' ', 'Coca ', '1979-2-3 ', 'Cipriano ','+56974806957', '(2) 22165 3799 ', 'M '),
( '13675794-6 ', 'Somoza ', 'Ródenas ', '1979-3-21 ', 'Arturo ','+56931874656', '(2) 23579 5769 ', 'M '),
( '13686122-0 ', ' ', 'Girón ', '1979-6-27 ', 'Virginia ','+56941184647', '(2) 24441 2624 ', 'F '),
( '13688966-4 ', ' ', ' ', '1979-5-28 ', 'Saturnino ','+56914798243', '(2) 24325 1784 ', 'M '),
( '13719528-3 ', ' ', 'Benitez ', '1979-11-3 ', 'Martirio ','+56925244153', '(2) 23281 5329 ', 'M '),
( '13725066-7 ', 'Castells ', 'Barrio ', '1979-8-28 ', 'Ramón ','+56926451233', '(2) 25778 7560 ', 'M '),
( '13742329-4 ', ' ', 'Herrera ', '1979-8-10 ', 'Cloe ','+56927596478', '(2) 26276 6621 ', 'M '),
( '13754872-0 ', ' ', 'Peralta ', '1979-8-15 ', 'Juan ','+56952262533', '(2) 23825 8426 ', 'M '),
( '13755681-2 ', 'Milla ', 'Cerro ', '1979-9-2 ', 'Rodrigo ','+56960305785', '(2) 22512 4487 ', 'M '),
( '13761711-0 ', 'Leal ', 'Méndez ', '1979-1-21 ', 'Fausto ','+56922681832', '(2) 22540 4676 ', 'M '),
( '13790481-0 ', ' ', 'Martinez ', '1979-7-27 ', 'Javi ','+56974334861', '(2) 22671 7018 ', 'M '),
( '13792757-8 ', ' ', 'Tomas ', '1979-7-3 ', 'José ','+56975871314', '(2) 21403 3577 ', 'M '),
( '13795755-8 ', ' ', ' ', '1979-6-28 ', 'Cruz ','+56986297879', '(2) 24156 7045 ', 'M '),
( '13812346-4 ', ' ', ' ', '1979-11-20 ', 'Beatriz ','+56975618175', '(2) 25504 7787 ', 'M '),
( '13822330-2 ', 'Aparicio ', 'Garcés ', '1979-9-19 ', 'Ascensión ','+56925298762', '(2) 22017 4854 ', 'M '),
( '13822989-0 ', ' ', 'Gascón ', '1979-10-27 ', 'Rebeca ','+56945337839', '(2) 27296 2492 ', 'F '),
( '13824547-0 ', ' ', 'Casas ', '1979-7-14 ', 'Candela ','+56964843676', '(2) 22204 6881 ', 'F '),
( '13833729-4 ', ' ', 'Calderón ', '1979-1-1 ', 'David ','+56965741134', '(2) 23731 5362 ', 'M '),
( '13834142-9 ', ' ', 'Boix ', '1979-11-8 ', 'Josep ','+56921454110', '(2) 23437 1618 ', 'M '),
( '13846172-6 ', ' ', 'Criado ', '1979-6-17 ', 'Juliana ','+56981508442', '(2) 22689 7847 ', 'F '),
( '13852329-2 ', ' ', 'Ballesteros ', '1979-4-20 ', 'Baudelio ','+56937815257', '(2) 23216 1913 ', 'M '),
( '13866551-8 ', 'Mascaró ', 'Escobar ', '1979-8-27 ', 'Piedad ','+56927221158', '(2) 23670 1229 ', 'M '),
( '13886495-2 ', ' ', 'Barbero ', '1979-5-7 ', 'Luis ','+56948683350', '(2) 27334 8967 ', 'M '),
( '13912617-3 ', ' ', 'Maestre-Arribas ', '1979-5-2 ', 'María ','+56962796238', '(2) 21801 7994 ', 'F '),
( '13913725-6 ', ' ', 'Gallego ', '1979-10-26 ', 'Narciso ','+56932108429', '(2) 24256 6685 ', 'M '),
( '13970857-1 ', ' ', 'Benet ', '1979-4-1 ', 'Calista ','+56983594076', '(2) 22140 2024 ', 'F '),
( '13979267-k ', ' ', ' ', '1979-9-26 ', 'Elba ','+56910562555', '(2) 25934 3522 ', 'F '),
( '13983572-7 ', ' ', ' ', '1979-2-5 ', 'Jonatan ','+56935102072', '(2) 24404 3439 ', 'M '),
( '13985194-3 ', ' ', 'Polo ', '1979-9-6 ', 'Feliciana ','+56936824934', '(2) 23635 1311 ', 'F '),
( '14003611-0 ', 'Escalona ', 'Luna ', '1979-4-3 ', 'Pío ','+56949484038', '(2) 21322 2260 ', 'M '),
( '14004197-1 ', ' ', 'Rebollo ', '1979-3-27 ', 'Dolores ','+56984758769', '(2) 26488 3000 ', 'M '),
( '14004836-4 ', ' ', 'Belda ', '1979-4-18 ', 'Griselda ','+56951813781', '(2) 28926 4054 ', 'F '),
( '14011311-5 ', ' ', 'Pons ', '1979-4-21 ', 'Paca ','+56929492022', '(2) 24278 3230 ', 'F '),
( '14017776-8 ', ' ', ' ', '1979-5-1 ', 'Alondra ','+56979132433', '(2) 28433 2948 ', 'F '),
( '14041899-4 ', ' ', 'Ricart ', '1979-2-6 ', 'Kike ','+56986108154', '(2) 24263 7231 ', 'M '),
( '14068550-k ', ' ', 'Perea ', '1979-3-18 ', 'Wilfredo ','+56959661057', '(2) 21033 6842 ', 'M '),
( '14074955-9 ', ' ', 'Pellicer ', '1979-11-13 ', 'Mireia ','+56933392937', '(2) 28050 3845 ', 'F '),
( '14078233-5 ', 'Bellido ', 'Amores ', '1979-3-3 ', 'Moisés ','+56960646184', '(2) 21826 5024 ', 'M '),
( '14134348-3 ', ' ', ' ', '1978-4-8 ', 'Sigfrido ','+56974581775', '(2) 27482 6994 ', 'M '),
( '14149250-0 ', ' ', ' ', '1978-3-25 ', 'Espiridión ','+56984451934', '(2) 23087 7553 ', 'M '),
( '14156047-6 ', ' ', 'Gallart ', '1978-12-8 ', 'Fortunata ','+56979476542', '(2) 22145 3054 ', 'F '),
( '14168155-9 ', ' ', 'Prada ', '1978-4-1 ', 'Fernando ','+56921238262', '(2) 22721 3020 ', 'M '),
( '14197219-7 ', ' ', 'Páez ', '1978-12-11 ', 'Reynaldo ','+56961635118', '(2) 24250 1540 ', 'M '),
( '14209858-k ', ' ', 'Garriga ', '1978-12-9 ', 'Saturnina ','+56932191364', '(2) 28177 5030 ', 'F '),
( '14218894-5 ', ' ', 'Peral ', '1978-6-12 ', 'Adelina ','+56988196667', '(2) 27544 2603 ', 'F '),
( '14224136-6 ', ' ', 'Calatayud ', '1978-11-10 ', 'Raquel ','+56937291132', '(2) 23435 3715 ', 'M '),
( '14225191-4 ', ' ', ' ', '1978-5-17 ', 'Iván ','+56963621469', '(2) 21071 8160 ', 'M '),
( '14249583-k ', ' ', ' ', '1978-2-18 ', 'Danilo ','+56962637989', '(2) 24741 4585 ', 'M '),
( '14256080-1 ', ' ', 'Sans ', '1978-11-18 ', 'Adelina ','+56975874969', '(2) 28822 5325 ', 'F '),
( '14257703-8 ', ' ', 'Cabrera ', '1978-11-6 ', 'Visitación ','+56942516588', '(2) 21034 4695 ', 'M '),
( '14275763-k ', ' ', 'Sierra ', '1978-3-9 ', 'Fernando ','+56976387876', '(2) 25935 6919 ', 'M '),
( '14281043-3 ', ' ', 'Aguado ', '1978-11-9 ', 'Florina ','+56937408478', '(2) 21780 2630 ', 'F '),
( '14287344-3 ', ' ', 'Ortega ', '1978-12-14 ', 'Jimena ','+56916573718', '(2) 26661 5318 ', 'F '),
( '14296021-4 ', ' ', 'Godoy ', '1978-10-23 ', 'Hermenegildo ','+56926694359', '(2) 28583 8961 ', 'M '),
( '14305011-4 ', 'Llanos ', 'Frutos ', '1978-11-27 ', 'Fulgencio ','+56981635289', '(2) 22323 3499 ', 'M '),
( '14305013-0 ', ' ', ' ', '1978-8-12 ', 'Aureliano ','+56983893669', '(2) 22853 5335 ', 'M '),
( '14317456-5 ', ' ', 'Donoso ', '1978-11-18 ', 'Marcial ','+56926873488', '(2) 24237 7665 ', 'M '),
( '14323291-3 ', ' ', 'Arco ', '1978-9-18 ', 'Fidela ','+56924696641', '(2) 26299 4627 ', 'F '),
( '14335545-4 ', ' ', 'Piquer ', '1978-5-20 ', 'Fabricio ','+56982483946', '(2) 25881 7469 ', 'M '),
( '14341357-8 ', ' ', 'Escalona ', '1978-1-12 ', 'Tecla ','+56927723361', '(2) 26291 6288 ', 'F '),
( '14363025-0 ', ' ', 'Oliver ', '1978-4-13 ', 'Teodoro ','+56928106886', '(2) 22198 4327 ', 'M '),
( '14370588-9 ', ' ', ' ', '1978-2-20 ', 'Lucas ','+56918883631', '(2) 27395 5363 ', 'M '),
( '14379776-7 ', ' ', ' ', '1978-12-16 ', 'Eligia ','+56958898982', '(2) 24881 8106 ', 'F '),
( '14386647-5 ', ' ', 'Jódar ', '1978-4-23 ', 'Cesar ','+56961794018', '(2) 28442 7619 ', 'M '),
( '14420070-5 ', ' ', ' ', '1978-12-25 ', 'Dora ','+56930613762', '(2) 27395 2765 ', 'F '),
( '14422764-6 ', ' ', 'Aparicio ', '1978-2-28 ', 'Hugo ','+56915603852', '(2) 21268 5815 ', 'M '),
( '14457172-k ', ' ', 'Andreu ', '1978-1-14 ', 'Norberto ','+56910384353', '(2) 24602 7256 ', 'M '),
( '14462369-k ', 'Lasa ', 'Arce ', '1978-8-1 ', 'Juan ','+56954353877', '(2) 25771 2557 ', 'M '),
( '14472366-k ', ' ', 'Girona ', '1978-11-14 ', 'Adelina ','+56929606443', '(2) 24450 6013 ', 'F '),
( '14486694-0 ', ' ', 'Lucena ', '1978-10-20 ', 'Chuy ','+56989258436', '(2) 23568 4737 ', 'M '),
( '14491813-4 ', ' ', 'Álvarez ', '1978-7-20 ', 'Graciana ','+56935883624', '(2) 27125 4184 ', 'F '),
( '14501107-8 ', ' ', 'Barceló ', '1978-4-16 ', 'Jaime ','+56984572332', '(2) 27085 3470 ', 'M '),
( '14509486-0 ', ' ', 'Maza ', '1978-5-11 ', 'Abraham ','+56927622920', '(2) 28941 4424 ', 'M '),
( '14510271-5 ', 'Casado ', 'Alarcón ', '1978-7-14 ', 'María ','+56919397565', '(2) 23089 8112 ', 'F '),
( '14539285-3 ', ' ', 'Pelayo ', '1978-6-4 ', 'Gisela ','+56922425963', '(2) 27182 6261 ', 'F '),
( '14549981-k ', ' ', 'Pedrero ', '1978-12-27 ', 'Jordán ','+56910691385', '(2) 22826 2231 ', 'M '),
( '14554230-8 ', ' ', 'Mercader ', '1978-5-2 ', 'Marisela ','+56932252744', '(2) 24360 7735 ', 'F '),
( '14554251-0 ', ' ', 'Higueras ', '1978-6-15 ', 'Oriana ','+56912106922', '(2) 25426 3442 ', 'F '),
( '14567934-6 ', ' ', 'Uriarte ', '1978-9-28 ', 'Perlita ','+56946666473', '(2) 26641 2456 ', 'F '),
( '14574849-6 ', 'Flor ', 'José ', '1978-8-8 ', 'Ámbar ','+56956193929', '(2) 28345 6588 ', 'M '),
( '14598145-k ', ' ', 'Ribas ', '1978-3-28 ', 'Olga ','+56920531143', '(2) 28590 3674 ', 'F '),
( '14605101-4 ', ' ', 'Corral ', '1978-9-28 ', 'Isaac ','+56928671179', '(2) 26721 3409 ', 'M '),
( '14627082-4 ', ' ', ' ', '1978-9-20 ', 'Roque ','+56978496238', '(2) 28633 4794 ', 'M '),
( '14628456-6 ', ' ', 'Bayo ', '1978-2-4 ', 'Marcia ','+56973446864', '(2) 25900 6674 ', 'F '),
( '14633324-9 ', ' ', 'Pinilla ', '1978-7-21 ', 'Mireia ','+56962687714', '(2) 23123 2911 ', 'F '),
( '14645067-9 ', ' ', 'Larrañaga ', '1978-3-26 ', 'Hilario ','+56939461355', '(2) 27855 4781 ', 'M '),
( '14645492-5 ', ' ', 'Lorenzo ', '1978-11-9 ', 'Camilo ','+56937311318', '(2) 26346 8269 ', 'M '),
( '14656786-k ', ' ', 'Plaza ', '1978-10-3 ', 'Dorotea ','+56977743265', '(2) 24738 5396 ', 'F '),
( '14661529-5 ', ' ', ' ', '1978-7-3 ', 'Jaime ','+56989385734', '(2) 27129 1815 ', 'M '),
( '14671112-k ', ' ', 'Valderrama ', '1978-1-28 ', 'Edmundo ','+56974585418', '(2) 23922 7340 ', 'M '),
( '14671421-8 ', ' ', ' ', '1978-11-27 ', 'Mohamed ','+56962362432', '(2) 27343 4531 ', 'M '),
( '14678670-7 ', ' ', 'Duarte ', '1977-2-19 ', 'Félix ','+56956678750', '(2) 23802 1635 ', 'M '),
( '14680619-8 ', ' ', 'Tenorio ', '1977-2-6 ', 'Ángel ','+56923534226', '(2) 25785 2838 ', 'M '),
( '14686507-0 ', ' ', 'Royo ', '1977-7-10 ', 'Leticia ','+56971502734', '(2) 25796 5754 ', 'F '),
( '14694086-2 ', 'Pagès ', 'Quiroga ', '1977-8-9 ', 'Paca ','+56918162938', '(2) 27964 3903 ', 'F '),
( '14696505-9 ', ' ', 'Franco ', '1977-9-4 ', 'Espiridión ','+56958308376', '(2) 21550 2590 ', 'M '),
( '14709163-k ', ' ', 'Lopez ', '1977-4-19 ', 'Jacobo ','+56946344181', '(2) 28011 4494 ', 'M '),
( '14715101-2 ', ' ', ' ', '1977-11-8 ', 'Domitila ','+56981206112', '(2) 22812 4139 ', 'F '),
( '14753433-7 ', ' ', 'Ferreras ', '1977-8-24 ', 'Ruy ','+56930882159', '(2) 25876 6381 ', 'M '),
( '14759187-k ', ' ', 'Rico ', '1977-8-14 ', 'Dionisia ','+56980717441', '(2) 26730 4319 ', 'F '),
( '14760260-k ', ' ', ' ', '1977-4-8 ', 'Felicidad ','+56938408343', '(2) 24584 4026 ', 'M '),
( '14760767-9 ', ' ', ' ', '1977-4-22 ', 'Marco ','+56945651441', '(2) 21731 2120 ', 'M '),
( '14770207-8 ', ' ', 'Nicolau ', '1977-3-14 ', 'Zoraida ','+56987324237', '(2) 22668 3308 ', 'F '),
( '14782495-5 ', ' ', 'Hoyos ', '1977-6-20 ', 'Macaria ','+56936556379', '(2) 22312 3983 ', 'F '),
( '14800687-3 ', 'Valenzuela ', 'Mena ', '1977-5-4 ', 'Hermenegildo ','+56960206611', '(2) 27236 5267 ', 'M '),
( '14804677-8 ', ' ', 'Cañas ', '1977-6-9 ', 'Merche ','+56968561360', '(2) 26058 5983 ', 'M '),
( '14809441-1 ', ' ', ' ', '1977-11-20 ', 'Rosario ','+56937206478', '(2) 25297 4476 ', 'M '),
( '14814543-1 ', ' ', 'Esparza ', '1977-6-28 ', 'Vicente ','+56941421480', '(2) 28709 3406 ', 'M '),
( '14822144-8 ', ' ', 'Llobet ', '1977-9-28 ', 'Zaira ','+56942176971', '(2) 25713 3111 ', 'F '),
( '14828016-9 ', ' ', 'Bosch ', '1977-1-7 ', 'Fernanda ','+56939837683', '(2) 27364 6730 ', 'F '),
( '14830496-3 ', ' ', 'Zabala ', '1977-1-17 ', 'Blas ','+56957228015', '(2) 27282 8707 ', 'M '),
( '14838403-7 ', ' ', ' ', '1977-2-13 ', 'Águeda ','+56928787545', '(2) 26309 8672 ', 'F '),
( '14851657-k ', ' ', ' ', '1977-4-18 ', 'Noemí ','+56934364822', '(2) 22529 5627 ', 'M '),
( '14860166-6 ', ' ', ' ', '1977-4-1 ', 'Erasmo ','+56984405247', '(2) 23890 3090 ', 'M '),
( '14883937-9 ', ' ', ' ', '1977-2-2 ', 'Itziar ','+56973428122', '(2) 24564 5918 ', 'M '),
( '14917382-k ', ' ', 'Caparrós ', '1977-9-10 ', 'Graciana ','+56921817977', '(2) 25847 1893 ', 'F '),
( '14923274-5 ', ' ', 'Ochoa ', '1977-5-14 ', 'Clotilde ','+56929595813', '(2) 24523 3622 ', 'M '),
( '14926790-5 ', ' ', 'Quintana ', '1977-4-14 ', 'Samuel ','+56927107760', '(2) 21047 2740 ', 'M '),
( '14927880-k ', ' ', ' ', '1977-2-28 ', 'Emperatriz ','+56941217115', '(2) 23944 2762 ', 'M '),
( '14929309-4 ', ' ', 'Patiño ', '1977-12-7 ', 'Miguel ','+56948683158', '(2) 22090 2509 ', 'M '),
( '14934729-1 ', ' ', ' ', '1977-7-15 ', 'Carlota ','+56975866975', '(2) 27205 4018 ', 'F '),
( '14936387-4 ', 'Jover ', 'Pazos ', '1977-10-8 ', 'Jose ','+56927578710', '(2) 22048 4741 ', 'M '),
( '14936591-5 ', ' ', 'Mur ', '1977-8-12 ', 'Priscila ','+56959497876', '(2) 27952 1840 ', 'F '),
( '14938591-6 ', 'Verdejo ', 'del ', '1977-6-28 ', 'Juan ','+56959838839', '(2) 23382 7261 ', 'M '),
( '14941244-1 ', 'Ponce ', 'Ignacio ', '1977-12-1 ', 'Andrés ','+56934228214', '(2) 25786 6161 ', 'M '),
( '14964175-0 ', ' ', 'Marco ', '1977-10-18 ', 'Elodia ','+56953155844', '(2) 28840 1900 ', 'F '),
( '14965443-7 ', ' ', 'Salvador ', '1977-5-7 ', 'Daniel ','+56928624437', '(2) 28672 7495 ', 'M '),
( '14988821-7 ', ' ', 'Soto ', '1977-5-23 ', 'Ascensión ','+56914206584', '(2) 28690 3503 ', 'M '),
( '14999507-2 ', ' ', 'Pons ', '1977-1-28 ', 'Julián ','+56985873147', '(2) 23977 7893 ', 'M '),
( '15009257-4 ', 'Villar ', 'Bartolomé ', '1977-9-4 ', 'Cayetano ','+56987138743', '(2) 22422 7053 ', 'M '),
( '15013289-4 ', 'Reig ', 'Alba ', '1977-3-5 ', 'Roxana ','+56976372482', '(2) 23861 1220 ', 'F '),
( '15016763-9 ', ' ', 'Leon ', '1977-11-3 ', 'Armando ','+56967252236', '(2) 22055 1759 ', 'M '),
( '15021905-1 ', ' ', 'Pont ', '1976-2-17 ', 'Lupe ','+56983846658', '(2) 22419 7239 ', 'M '),
( '15023801-3 ', ' ', 'Domingo ', '1976-6-8 ', 'Sosimo ','+56973172881', '(2) 22727 5548 ', 'M '),
( '15028253-5 ', 'Arce ', 'del ', '1976-8-23 ', 'María ','+56925141087', '(2) 24576 6416 ', 'F '),
( '15043360-6 ', ' ', 'Batalla ', '1976-4-27 ', 'Moisés ','+56948542664', '(2) 23500 6743 ', 'M '),
( '15062275-1 ', ' ', 'Carpio ', '1976-1-9 ', 'Mireia ','+56956762840', '(2) 22383 7330 ', 'F '),
( '15071585-7 ', 'Benavente ', 'Porras ', '1976-10-25 ', 'Basilio ','+56967905385', '(2) 28400 5551 ', 'M '),
( '15084210-7 ', ' ', ' ', '1976-9-19 ', 'Reyna ','+56975343957', '(2) 28734 2377 ', 'F '),
( '15087728-8 ', 'Ballester ', 'Acuña ', '1976-12-22 ', 'Ascensión ','+56969102081', '(2) 27455 4562 ', 'M '),
( '15091385-3 ', ' ', 'Ibañez ', '1976-6-25 ', 'Hortensia ','+56989671778', '(2) 27108 7143 ', 'F '),
( '15093745-0 ', ' ', 'Cerezo ', '1976-9-10 ', 'Segismundo ','+56964601052', '(2) 27781 4956 ', 'M '),
( '15098921-3 ', ' ', 'Díaz ', '1976-11-1 ', 'Olivia ','+56990674210', '(2) 28066 2686 ', 'F '),
( '15103188-9 ', ' ', 'Bellido ', '1976-6-8 ', 'Ignacia ','+56976794571', '(2) 24994 1363 ', 'F '),
( '15110295-6 ', 'Cano ', 'Mateo ', '1976-5-9 ', 'Víctor ','+56926843879', '(2) 26985 2343 ', 'M '),
( '15120096-6 ', ' ', 'Larrañaga ', '1976-9-22 ', 'Luis ','+56971652614', '(2) 22202 5925 ', 'M '),
( '15124284-7 ', ' ', 'Iborra ', '1976-1-28 ', 'Charo ','+56989732029', '(2) 21671 6329 ', 'M '),
( '15135848-9 ', ' ', 'Morillo ', '1976-4-10 ', 'Tomasa ','+56914836430', '(2) 24093 6490 ', 'F '),
( '15149866-3 ', ' ', ' ', '1976-4-27 ', 'Micaela ','+56936503320', '(2) 23560 5590 ', 'F '),
( '15153256-k ', ' ', 'Chaves ', '1976-2-10 ', 'Diego ','+56963327864', '(2) 21758 2283 ', 'M '),
( '15158590-6 ', ' ', 'Borrás ', '1976-2-15 ', 'Ximena ','+56982542784', '(2) 23031 7947 ', 'F '),
( '15160344-0 ', ' ', 'Bolaños ', '1976-2-15 ', 'Berto ','+56934774456', '(2) 23978 6535 ', 'M '),
( '15161490-6 ', ' ', ' ', '1976-9-11 ', 'Modesto ','+56962115218', '(2) 25623 3905 ', 'M '),
( '15166715-5 ', ' ', 'Blanch ', '1976-2-13 ', 'Bernabé ','+56943156328', '(2) 21722 5710 ', 'M '),
( '15172797-2 ', ' ', ' ', '1976-2-16 ', 'Asunción ','+56916537185', '(2) 23717 8304 ', 'M '),
( '15199194-7 ', ' ', 'Duque ', '1976-2-13 ', 'Pascual ','+56956343776', '(2) 22202 4966 ', 'M '),
( '15201587-9 ', ' ', 'Amat ', '1976-1-1 ', 'Régulo ','+56969475386', '(2) 25924 5418 ', 'M '),
( '15212839-8 ', ' ', 'Arévalo ', '1976-6-22 ', 'Edelmiro ','+56960777220', '(2) 21312 8543 ', 'M '),
( '15229771-8 ', ' ', 'Cazorla ', '1976-8-15 ', 'Ale ','+56957803519', '(2) 21926 7360 ', 'M '),
( '15240538-3 ', ' ', 'Angulo ', '1976-4-20 ', 'Manu ','+56960415756', '(2) 28414 4732 ', 'M '),
( '15248739-8 ', ' ', ' ', '1976-7-5 ', 'Fidela ','+56936174910', '(2) 21992 5721 ', 'F '),
( '15264344-6 ', 'Feijoo ', 'Pons ', '1976-12-15 ', 'Jose ','+56950341384', '(2) 25062 4731 ', 'M '),
( '15268105-4 ', ' ', 'Tolosa ', '1976-5-17 ', 'María ','+56927703165', '(2) 27363 6066 ', 'F '),
( '15268163-1 ', ' ', 'Múñiz ', '1976-11-8 ', 'Isabel ','+56989452264', '(2) 24268 4088 ', 'M '),
( '15273230-9 ', ' ', 'Fuster ', '1976-9-18 ', 'Perlita ','+56981451910', '(2) 22997 8300 ', 'F '),
( '15299339-0 ', ' ', 'Borja ', '1976-6-12 ', 'Marciano ','+56970186178', '(2) 25835 5296 ', 'M '),
( '15303918-6 ', ' ', 'Bolaños ', '1976-9-20 ', 'Cleto ','+56979444347', '(2) 22854 8693 ', 'M '),
( '15332885-4 ', ' ', 'Sanmiguel ', '1976-8-8 ', 'Emilio ','+56970816843', '(2) 27965 5555 ', 'M '),
( '15348005-2 ', ' ', 'Izquierdo ', '1976-11-6 ', 'Gustavo ','+56976526582', '(2) 23170 2568 ', 'M '),
( '15354132-9 ', 'Carnero ', 'Ballester ', '1976-12-13 ', 'María ','+56976836516', '(2) 21388 2727 ', 'F '),
( '15354372-0 ', ' ', 'Luna ', '1976-2-21 ', 'Eloísa ','+56986519039', '(2) 27326 1836 ', 'F '),
( '15368061-2 ', ' ', 'Mora ', '1976-1-19 ', 'Ángel ','+56985761458', '(2) 24603 6145 ', 'M '),
( '15370774-k ', 'Báez ', 'Salgado ', '1976-7-20 ', 'Lupita ','+56943215860', '(2) 26340 2413 ', 'F '),
( '15383436-9 ', ' ', ' ', '1976-12-24 ', 'Iris ','+56990808779', '(2) 23372 7672 ', 'M '),
( '15400857-8 ', 'Bermúdez ', 'Talavera ', '1976-8-2 ', 'Filomena ','+56965745448', '(2) 26146 1311 ', 'F '),
( '15405104-k ', ' ', ' ', '1976-9-2 ', 'Vera ','+56935752746', '(2) 26753 8833 ', 'F '),
( '15411010-0 ', ' ', 'Puig ', '1976-7-15 ', 'Máximo ','+56915355051', '(2) 22474 2015 ', 'M '),
( '15426643-7 ', ' ', 'Martorell ', '1976-3-13 ', 'Aarón ','+56941773267', '(2) 26818 7085 ', 'M '),
( '15431892-5 ', 'Cobo ', 'de ', '1976-11-6 ', 'José ','+56931395783', '(2) 23369 8044 ', 'M '),
( '15454085-7 ', ' ', ' ', '1976-12-28 ', 'Anastasio ','+56924553819', '(2) 25015 1249 ', 'M '),
( '15469561-3 ', ' ', ' ', '1976-4-10 ', 'Flavia ','+56911434573', '(2) 23091 2321 ', 'F '),
( '15475600-0 ', ' ', 'Hoyos ', '1976-10-4 ', 'Margarita ','+56987486811', '(2) 25696 1482 ', 'F '),
( '15477960-4 ', ' ', 'Moraleda ', '1975-3-10 ', 'Casandra ','+56980655974', '(2) 23875 3776 ', 'F '),
( '15478142-0 ', ' ', 'Lerma ', '1975-3-13 ', 'Amelia ','+56953183571', '(2) 21125 1570 ', 'F '),
( '15478674-0 ', 'Noguera ', 'Diego ', '1975-7-21 ', 'Armando ','+56921585047', '(2) 26746 3993 ', 'M '),
( '15486035-5 ', ' ', 'Arroyo ', '1975-7-5 ', 'Omar ','+56973387569', '(2) 26707 1122 ', 'M '),
( '15496912-8 ', 'Vazquez ', 'Ribera ', '1975-5-4 ', 'Candelario ','+56964637651', '(2) 28727 2929 ', 'M '),
( '15497259-5 ', ' ', 'Sarabia ', '1975-5-27 ', 'Isidro ','+56920564472', '(2) 24435 8931 ', 'M '),
( '15516987-7 ', ' ', 'Gordillo ', '1975-7-11 ', 'Catalina ','+56941374513', '(2) 28225 2682 ', 'F '),
( '15521004-4 ', ' ', 'Torrent ', '1975-10-14 ', 'Flor ','+56966893486', '(2) 28132 6925 ', 'M '),
( '15532803-7 ', ' ', 'Busquets ', '1975-4-22 ', 'Delfina ','+56921473337', '(2) 22441 5539 ', 'F '),
( '15534518-7 ', ' ', 'Quintero ', '1975-7-1 ', 'Pelayo ','+56936858983', '(2) 23782 8160 ', 'M '),
( '15535291-4 ', ' ', ' ', '1975-3-5 ', 'Leyre ','+56918211534', '(2) 26281 7723 ', 'M '),
( '15535399-6 ', ' ', 'Vélez ', '1975-7-18 ', 'Nazaret ','+56989212914', '(2) 22951 7041 ', 'M '),
( '15543512-7 ', 'Chamorro ', 'Calderon ', '1975-5-23 ', 'Teodoro ','+56957132876', '(2) 24150 3443 ', 'M '),
( '15556118-1 ', ' ', 'Berenguer ', '1975-10-28 ', 'Aníbal ','+56944798431', '(2) 22580 7734 ', 'M '),
( '15560302-k ', ' ', 'Carrera ', '1975-9-27 ', 'Pepita ','+56979706745', '(2) 27017 3421 ', 'F '),
( '15565853-3 ', ' ', 'Querol ', '1975-5-11 ', 'Noelia ','+56971726013', '(2) 22298 2098 ', 'F '),
( '15567123-8 ', 'Roman ', 'Anaya ', '1975-1-27 ', 'Magdalena ','+56989496746', '(2) 22711 8195 ', 'F '),
( '15575064-2 ', ' ', 'Hidalgo ', '1975-4-17 ', 'Rosario ','+56943706414', '(2) 21451 8861 ', 'M '),
( '15586228-9 ', ' ', 'Correa ', '1975-9-5 ', 'Guillermo ','+56964103537', '(2) 26550 6151 ', 'M '),
( '15593079-9 ', ' ', ' ', '1975-11-11 ', 'Otilia ','+56982656845', '(2) 21915 2543 ', 'F '),
( '15601153-3 ', ' ', 'Guardiola ', '1975-9-6 ', 'Jesusa ','+56916752331', '(2) 22194 4964 ', 'F '),
( '15609722-5 ', ' ', 'Terrón ', '1975-12-4 ', 'Paula ','+56947236050', '(2) 26851 6934 ', 'F '),
( '15614408-8 ', ' ', 'Monreal ', '1975-7-25 ', 'César ','+56958783666', '(2) 23711 7626 ', 'M '),
( '15617091-7 ', ' ', 'Cabezas ', '1975-6-3 ', 'Aroa ','+56982444441', '(2) 27122 6022 ', 'F '),
( '15630700-9 ', ' ', 'Ferrández ', '1975-10-2 ', 'Anunciación ','+56982626676', '(2) 21645 3971 ', 'M '),
( '15640102-1 ', ' ', 'Cantero ', '1975-7-23 ', 'Mirta ','+56970181156', '(2) 22119 1303 ', 'F '),
( '15652002-0 ', ' ', 'Orozco ', '1975-12-3 ', 'Salvador ','+56979902047', '(2) 21628 3885 ', 'M '),
( '15671466-6 ', ' ', 'Arnal ', '1975-9-23 ', 'Xavier ','+56925798611', '(2) 28352 1965 ', 'M '),
( '15673055-6 ', ' ', 'Exposito ', '1975-11-1 ', 'Lina ','+56983505058', '(2) 24937 2903 ', 'F '),
( '15691444-4 ', ' ', 'Oliva ', '1975-11-5 ', 'Teo ','+56988643123', '(2) 23566 7396 ', 'M '),
( '15706420-7 ', 'Cabañas ', 'Sofía ', '1975-8-7 ', 'Evita ','+56942456767', '(2) 23275 5493 ', 'F '),
( '15709080-1 ', ' ', 'Gracia ', '1975-4-23 ', 'Tristán ','+56988105234', '(2) 23968 6293 ', 'M '),
( '15709726-1 ', ' ', 'Ferrero ', '1975-6-27 ', 'Nadia ','+56978226955', '(2) 24656 5301 ', 'F '),
( '15727523-2 ', ' ', 'Tirado ', '1975-8-10 ', 'Trinidad ','+56986664457', '(2) 28529 7979 ', 'M '),
( '15728824-5 ', ' ', 'Gelabert ', '1975-6-23 ', 'José ','+56944424010', '(2) 22114 7141 ', 'M '),
( '15735595-3 ', ' ', 'Mata ', '1975-9-1 ', 'Concepción ','+56932388086', '(2) 28502 5993 ', 'M '),
( '15759200-9 ', ' ', ' ', '1975-8-10 ', 'Lupe ','+56938855030', '(2) 28958 2646 ', 'M '),
( '15770343-9 ', ' ', 'Collado ', '1975-12-24 ', 'Natividad ','+56968784138', '(2) 23909 3018 ', 'M '),
( '15783910-1 ', ' ', ' ', '1975-10-23 ', 'René ','+56911648052', '(2) 21853 6530 ', 'M '),
( '15804963-5 ', ' ', 'Aragón ', '1975-8-21 ', 'Lidia ','+56954498436', '(2) 21396 4054 ', 'F '),
( '15815361-0 ', 'Palacios ', 'Victor ', '1975-2-15 ', 'Luis ','+56935863790', '(2) 25321 4771 ', 'M '),
( '15817798-6 ', ' ', 'Ripoll ', '1975-11-12 ', 'Adora ','+56960832766', '(2) 24653 8982 ', 'F '),
( '15827041-2 ', 'Huerta ', 'Mari ', '1975-8-26 ', 'Jordi ','+56945237344', '(2) 26636 7657 ', 'M '),
( '15833885-8 ', ' ', 'Pagès ', '1975-9-13 ', 'Tiburcio ','+56942726767', '(2) 24036 3080 ', 'M '),
( '15845559-5 ', ' ', ' ', '1975-3-9 ', 'Raimundo ','+56987713149', '(2) 28735 7563 ', 'M '),
( '15852575-5 ', ' ', 'Borrego ', '1974-8-20 ', 'Liliana ','+56971218313', '(2) 27160 1524 ', 'F '),
( '15897578-5 ', ' ', 'Molina ', '1974-2-9 ', 'Vicenta ','+56956391824', '(2) 26650 4288 ', 'F '),
( '15918157-k ', ' ', 'Guillén ', '1974-6-9 ', 'Natalia ','+56966584865', '(2) 21081 7329 ', 'F '),
( '15921217-3 ', ' ', 'Iñiguez ', '1974-6-14 ', 'Ovidio ','+56934415112', '(2) 22157 5440 ', 'M '),
( '15931750-1 ', ' ', 'Sevillano ', '1974-5-25 ', 'Teodora ','+56978513817', '(2) 23090 6256 ', 'F '),
( '15931800-1 ', ' ', 'Gargallo ', '1974-4-28 ', 'Sebastián ','+56960407720', '(2) 23781 8341 ', 'M '),
( '15933801-0 ', 'Barba ', 'Girona ', '1974-12-26 ', 'Edelmiro ','+56927885112', '(2) 24708 1707 ', 'M '),
( '15949539-6 ', ' ', 'Pellicer ', '1974-12-23 ', 'Severino ','+56915904669', '(2) 25102 2765 ', 'M '),
( '15961213-9 ', ' ', 'Iñiguez ', '1974-9-24 ', 'Jorge ','+56925296682', '(2) 28238 8318 ', 'M '),
( '15973612-1 ', ' ', ' ', '1974-4-3 ', 'Heliodoro ','+56930764889', '(2) 21245 1875 ', 'M '),
( '15981886-1 ', ' ', 'Pallarès ', '1974-3-22 ', 'Reyes ','+56931266381', '(2) 27914 8470 ', 'M '),
( '15986829-k ', ' ', 'Tamayo ', '1974-4-1 ', 'Rosalina ','+56937651455', '(2) 28402 4326 ', 'F '),
( '15994883-8 ', ' ', 'Uriarte ', '1974-9-25 ', 'Plácido ','+56973538979', '(2) 27532 1708 ', 'M '),
( '16002603-0 ', ' ', 'Mata ', '1974-10-27 ', 'Ovidio ','+56981898753', '(2) 21314 6559 ', 'M '),
( '16020148-7 ', ' ', 'Águila ', '1974-9-12 ', 'Dora ','+56913277158', '(2) 28627 2020 ', 'F '),
( '16027923-0 ', ' ', ' ', '1974-3-1 ', 'Ildefonso ','+56940134418', '(2) 28505 8125 ', 'M '),
( '16046570-0 ', ' ', ' ', '1974-2-21 ', 'Manu ','+56985743915', '(2) 26898 2468 ', 'M '),
( '16046712-6 ', 'Murillo ', 'Reyes ', '1974-7-13 ', 'Lisandro ','+56923701389', '(2) 26428 3443 ', 'M '),
( '16052260-7 ', ' ', 'Antúnez ', '1974-9-10 ', 'Rolando ','+56970893986', '(2) 28188 4321 ', 'M '),
( '16090908-0 ', ' ', 'Hoz ', '1974-12-2 ', 'Juan ','+56987661177', '(2) 27845 7967 ', 'M '),
( '16110739-5 ', ' ', 'Ribas ', '1974-3-10 ', 'Anunciación ','+56916732277', '(2) 27021 5605 ', 'M '),
( '16140312-1 ', ' ', 'Gallart ', '1974-11-16 ', 'Luisa ','+56919495919', '(2) 25613 5827 ', 'F '),
( '16152457-3 ', ' ', 'Beltran ', '1974-11-25 ', 'Rolando ','+56961425041', '(2) 22386 2730 ', 'M '),
( '16157921-1 ', ' ', 'Madrigal ', '1974-5-22 ', 'Eugenio ','+56957157744', '(2) 23005 5139 ', 'M '),
( '16158212-3 ', ' ', ' ', '1974-2-13 ', 'Martirio ','+56952281974', '(2) 26368 4527 ', 'M '),
( '16200275-9 ', ' ', 'Uriarte ', '1974-1-26 ', 'Timoteo ','+56981446466', '(2) 25472 4316 ', 'M '),
( '16200926-5 ', ' ', 'Roura ', '1974-12-28 ', 'Ezequiel ','+56962691644', '(2) 21565 6030 ', 'M '),
( '16208187-k ', ' ', 'Codina ', '1974-9-4 ', 'Guillermo ','+56964852237', '(2) 25161 4372 ', 'M '),
( '16219843-2 ', ' ', 'Verdú ', '1974-10-13 ', 'Espiridión ','+56952544047', '(2) 24906 4153 ', 'M '),
( '16243986-3 ', ' ', ' ', '1974-9-14 ', 'Irene ','+56989762563', '(2) 21593 8036 ', 'M '),
( '16254652-k ', ' ', 'Ricart ', '1974-8-8 ', 'Micaela ','+56965254658', '(2) 27571 5805 ', 'F '),
( '16265458-6 ', ' ', 'Ruano ', '1974-6-7 ', 'Gema ','+56961705382', '(2) 26675 7287 ', 'F '),
( '16269763-3 ', ' ', 'Benitez ', '1974-6-1 ', 'Agustina ','+56988847038', '(2) 21120 8439 ', 'F '),
( '16275663-k ', ' ', 'Torrijos ', '1974-3-10 ', 'Vasco ','+56910888916', '(2) 28493 2397 ', 'M '),
( '16283289-1 ', ' ', 'Goicoechea ', '1974-8-19 ', 'Visitación ','+56942305482', '(2) 24509 6299 ', 'M '),
( '16293629-8 ', ' ', 'Uribe ', '1973-10-14 ', 'Perlita ','+56944881857', '(2) 26029 5375 ', 'F '),
( '16301869-1 ', ' ', 'Sainz ', '1973-8-13 ', 'Andrea ','+56979128638', '(2) 24262 7771 ', 'F '),
( '16306398-0 ', ' ', 'Ródenas ', '1973-6-25 ', 'Bartolomé ','+56959392928', '(2) 27181 4724 ', 'M '),
( '16320808-3 ', ' ', 'Gallego ', '1973-6-12 ', 'Bonifacio ','+56952773787', '(2) 22366 6254 ', 'M '),
( '16327714-k ', ' ', 'Gallardo ', '1973-11-13 ', 'Samuel ','+56972845650', '(2) 24921 4008 ', 'M '),
( '16340925-9 ', ' ', 'Cuesta ', '1973-4-17 ', 'Malena ','+56933151574', '(2) 23902 5789 ', 'F '),
( '16343046-0 ', 'Piña ', 'Arranz ', '1973-11-8 ', 'Liliana ','+56972271867', '(2) 27212 3676 ', 'F '),
( '16365693-0 ', ' ', 'Río ', '1973-1-7 ', 'Manolo ','+56913822782', '(2) 27189 7360 ', 'M '),
( '16380698-3 ', ' ', ' ', '1973-4-12 ', 'Guadalupe ','+56946231140', '(2) 27434 4652 ', 'M '),
( '16382201-6 ', ' ', 'Alvarado ', '1973-12-23 ', 'Pánfilo ','+56977511666', '(2) 27095 5056 ', 'M '),
( '16387064-9 ', ' ', 'Villar ', '1973-6-14 ', 'Faustino ','+56954483184', '(2) 27950 6134 ', 'M '),
( '16399091-1 ', ' ', 'Galiano ', '1973-9-17 ', 'Joaquín ','+56961261442', '(2) 24183 5658 ', 'M '),
( '16411398-1 ', ' ', 'Bueno ', '1973-10-16 ', 'Evaristo ','+56985565964', '(2) 23031 7213 ', 'M '),
( '16413787-2 ', 'Montserrat ', 'Bautista ', '1973-5-12 ', 'Andrea ','+56942683014', '(2) 21660 7502 ', 'F '),
( '16416810-7 ', ' ', 'Domínguez ', '1973-1-19 ', 'Eufemia ','+56977282036', '(2) 25223 3928 ', 'F '),
( '16418565-6 ', ' ', 'Pintor ', '1973-12-19 ', 'Pelayo ','+56973291574', '(2) 24414 1459 ', 'M '),
( '16419175-3 ', 'Ariza ', 'Fernandez ', '1973-9-18 ', 'Araceli ','+56951887742', '(2) 23998 2517 ', 'M '),
( '16420673-4 ', 'Priego ', 'Mármol ', '1973-3-26 ', 'Juan ','+56939147080', '(2) 24308 6189 ', 'M '),
( '16422889-4 ', ' ', 'Saura ', '1973-5-17 ', 'Celestina ','+56975575584', '(2) 26035 7180 ', 'F '),
( '16429457-9 ', ' ', 'Cortes ', '1973-3-2 ', 'Manuela ','+56939615920', '(2) 28656 4662 ', 'F '),
( '16432337-4 ', ' ', 'Sanz ', '1973-1-14 ', 'Ágata ','+56966788118', '(2) 24394 3932 ', 'F '),
( '16442929-6 ', ' ', 'Madrigal ', '1973-10-12 ', 'Macario ','+56942668373', '(2) 25522 1282 ', 'M '),
( '16452081-1 ', 'Quintanilla ', 'Peñas ', '1973-7-28 ', 'Griselda ','+56981526985', '(2) 26917 8008 ', 'F '),
( '16469701-0 ', 'Ponce ', 'Aguilar ', '1973-4-1 ', 'Aníbal ','+56912243757', '(2) 22831 1821 ', 'M '),
( '16477207-1 ', 'Alcolea ', 'Emiliano ', '1973-10-28 ', 'Jose ','+56951226123', '(2) 24155 4490 ', 'M '),
( '16484467-6 ', ' ', 'Morata ', '1973-10-8 ', 'Goyo ','+56961354149', '(2) 26884 6605 ', 'M '),
( '16503858-4 ', ' ', 'Martínez ', '1973-10-26 ', 'Nazaret ','+56977533243', '(2) 22368 3411 ', 'M '),
( '16527013-4 ', ' ', 'Dueñas ', '1973-5-10 ', 'Erasmo ','+56913105012', '(2) 25434 8065 ', 'M '),
( '16536843-6 ', ' ', ' ', '1973-11-12 ', 'Alcides ','+56931242136', '(2) 21406 7762 ', 'M '),
( '16540074-7 ', ' ', 'Espejo ', '1973-3-8 ', 'Horacio ','+56979287070', '(2) 25446 8030 ', 'M '),
( '16554719-5 ', ' ', 'Morata ', '1973-2-28 ', 'Leandra ','+56950684860', '(2) 21497 8187 ', 'F '),
( '16563570-1 ', ' ', 'Vigil ', '1973-9-28 ', 'Clímaco ','+56922578619', '(2) 22733 8770 ', 'M '),
( '16574801-8 ', ' ', 'Fajardo-Benito ', '1973-6-26 ', 'Juan ','+56956171124', '(2) 24280 8469 ', 'M '),
( '16579103-7 ', ' ', 'Monreal ', '1973-9-3 ', 'Ariel ','+56957617161', '(2) 24913 5343 ', 'M '),
( '16588908-8 ', ' ', 'Solana ', '1973-3-28 ', 'Leocadio ','+56982225248', '(2) 21986 1971 ', 'M '),
( '16589970-9 ', ' ', 'Ojeda ', '1973-6-12 ', 'Maricela ','+56989124236', '(2) 23918 8937 ', 'F '),
( '16590901-1 ', 'Escobar ', 'Bayón ', '1973-1-17 ', 'Ofelia ','+56989562181', '(2) 21431 3587 ', 'F '),
( '16594034-2 ', ' ', 'Villalobos ', '1973-6-8 ', 'Zoraida ','+56971707157', '(2) 23204 3482 ', 'F '),
( '16603922-3 ', 'Diaz ', 'Avilés ', '1973-1-8 ', 'Íñigo ','+56918608357', '(2) 21426 2724 ', 'M '),
( '16621397-5 ', ' ', 'Amigó ', '1973-11-22 ', 'Inocencio ','+56974443390', '(2) 25686 8626 ', 'M '),
( '16631499-2 ', ' ', ' ', '1973-5-20 ', 'Gil ','+56925612737', '(2) 25990 1948 ', 'M '),
( '16637488-k ', ' ', 'Parra ', '1973-6-3 ', 'Marina ','+56926806378', '(2) 21492 6156 ', 'F '),
( '16643805-5 ', ' ', ' ', '1973-5-24 ', 'Bautista ','+56932903913', '(2) 23859 7787 ', 'F '),
( '16654445-9 ', ' ', 'Lluch ', '1973-3-15 ', 'Charo ','+56938216917', '(2) 28982 5597 ', 'M '),
( '16660886-4 ', ' ', ' ', '1973-5-6 ', 'Hernando ','+56943298629', '(2) 25864 4675 ', 'M '),
( '16665782-2 ', ' ', 'Chamorro ', '1973-5-6 ', 'Timoteo ','+56955357926', '(2) 28366 4363 ', 'M '),
( '16665899-3 ', ' ', 'Escamilla ', '1973-10-15 ', 'Lucho ','+56962764241', '(2) 26729 8484 ', 'M '),
( '16666436-5 ', ' ', 'Valenciano ', '1973-9-9 ', 'Toño ','+56977227557', '(2) 27144 2937 ', 'M '),
( '16669072-2 ', ' ', 'Fonseca ', '1973-12-26 ', 'Heriberto ','+56972312326', '(2) 24138 8838 ', 'M '),
( '16672251-9 ', ' ', 'Egea ', '1973-11-3 ', 'Alonso ','+56986303821', '(2) 24057 8542 ', 'M '),
( '16685640-k ', ' ', 'Calderon ', '1972-6-27 ', 'Manuela ','+56946806269', '(2) 28408 1527 ', 'F '),
( '16698356-8 ', 'Estevez ', 'Guardia ', '1972-2-7 ', 'Vicente ','+56937409073', '(2) 21549 8403 ', 'M '),
( '16711678-7 ', ' ', ' ', '1972-10-15 ', 'María ','+56911568470', '(2) 28995 6297 ', 'F '),
( '16716231-2 ', ' ', 'Azorin ', '1972-5-15 ', 'Íñigo ','+56912571717', '(2) 23869 7416 ', 'M '),
( '16717181-8 ', ' ', 'Piñol ', '1972-2-7 ', 'Marcial ','+56945796316', '(2) 22089 1483 ', 'M '),
( '16720319-1 ', ' ', 'García ', '1972-2-16 ', 'Goyo ','+56940807714', '(2) 22191 7359 ', 'M '),
( '16721160-7 ', ' ', ' ', '1972-2-1 ', 'Leoncio ','+56920155883', '(2) 24929 2441 ', 'M '),
( '16729935-0 ', ' ', 'Palomino ', '1972-4-22 ', 'Arsenio ','+56936116319', '(2) 26841 3551 ', 'M '),
( '16743869-5 ', ' ', 'Torrecilla ', '1972-4-23 ', 'Leticia ','+56911637916', '(2) 23100 5690 ', 'F '),
( '16744461-k ', ' ', ' ', '1972-9-20 ', 'Juan ','+56922835588', '(2) 26686 4203 ', 'M '),
( '16745402-k ', ' ', 'Pedrero ', '1972-11-7 ', 'Rocío ','+56944785611', '(2) 24198 4728 ', 'M '),
( '16759381-k ', ' ', 'Morán ', '1972-8-21 ', 'Marcio ','+56936802325', '(2) 24357 3357 ', 'M '),
( '16772015-3 ', ' ', 'Nieto-Franch ', '1972-1-12 ', 'María ','+56979754787', '(2) 25230 3118 ', 'F '),
( '16776725-7 ', ' ', 'Arévalo ', '1972-11-5 ', 'Chus ','+56978726568', '(2) 23173 5444 ', 'M '),
( '16785855-4 ', ' ', ' ', '1972-8-19 ', 'Fabián ','+56948827671', '(2) 24891 8781 ', 'M '),
( '16815535-2 ', ' ', 'Saavedra ', '1972-3-19 ', 'Dimas ','+56957545429', '(2) 25957 2812 ', 'M '),
( '16822010-3 ', ' ', 'Abella ', '1972-12-1 ', 'Lucía ','+56941466183', '(2) 26914 6660 ', 'F '),
( '16827933-7 ', ' ', 'Solé ', '1972-10-24 ', 'Juanito ','+56917835628', '(2) 25890 6179 ', 'M '),
( '16831263-6 ', ' ', 'Hernández ', '1972-3-22 ', 'Fabiola ','+56970477675', '(2) 27282 8457 ', 'F '),
( '16837363-5 ', ' ', 'Bernad ', '1972-9-6 ', 'Rosalina ','+56950216736', '(2) 26660 4893 ', 'F '),
( '16840694-0 ', 'Boix ', 'Cisneros ', '1972-10-10 ', 'Jacobo ','+56912235667', '(2) 25686 2332 ', 'M '),
( '16845249-7 ', ' ', 'Estevez ', '1972-11-16 ', 'Iris ','+56942643288', '(2) 26373 6004 ', 'M '),
( '16847347-8 ', 'Vallejo ', 'Cerezo ', '1972-8-21 ', 'Alma ','+56940877970', '(2) 27194 3473 ', 'F '),
( '16848191-8 ', ' ', 'Cordero ', '1972-1-4 ', 'Ema ','+56936166322', '(2) 22851 7807 ', 'F '),
( '16852945-7 ', ' ', 'Fernandez ', '1972-5-2 ', 'Alex ','+56946883362', '(2) 28858 1394 ', 'M '),
( '16856729-4 ', ' ', 'Osuna ', '1972-10-4 ', 'Ildefonso ','+56956908865', '(2) 21271 8740 ', 'M '),
( '16873869-2 ', ' ', 'Batalla ', '1972-9-4 ', 'Febe ','+56959833690', '(2) 24255 6539 ', 'M '),
( '16885505-2 ', ' ', 'Ibarra ', '1972-2-9 ', 'Irma ','+56949477163', '(2) 26386 4973 ', 'F '),
( '16911128-6 ', ' ', 'Morante ', '1972-5-21 ', 'Eloy ','+56948554124', '(2) 24868 7091 ', 'M '),
( '16930522-6 ', 'Blázquez ', 'Galiano ', '1972-4-9 ', 'Eva ','+56919884775', '(2) 23747 5849 ', 'F '),
( '16943453-0 ', ' ', 'Pineda ', '1972-2-2 ', 'Isaac ','+56975218340', '(2) 24074 3526 ', 'M '),
( '16953607-4 ', ' ', 'Cabeza ', '1972-7-8 ', 'Roque ','+56961415577', '(2) 27771 6639 ', 'M '),
( '16985866-7 ', 'Moraleda ', 'Jódar ', '1972-12-24 ', 'Sigfrido ','+56924535175', '(2) 27028 6252 ', 'M '),
( '16991425-7 ', ' ', 'Ramos ', '1972-12-25 ', 'Nazaret ','+56970246438', '(2) 24962 3725 ', 'M '),
( '16992222-5 ', ' ', ' ', '1972-9-6 ', 'Valero ','+56910463629', '(2) 22220 5356 ', 'M '),
( '16992885-1 ', ' ', ' ', '1972-5-25 ', 'Consuela ','+56938798510', '(2) 28500 2512 ', 'F '),
( '17015583-1 ', 'Morán ', 'Girona ', '1972-11-4 ', 'Selena ','+56962745765', '(2) 24528 2936 ', 'F '),
( '17022813-8 ', ' ', ' ', '1972-7-17 ', 'Camilo ','+56935443877', '(2) 23041 7532 ', 'M '),
( '17024758-2 ', ' ', 'Ramis ', '1972-12-28 ', 'Noé ','+56975497649', '(2) 22443 1184 ', 'M '),
( '17028114-4 ', ' ', 'Nadal ', '1972-9-4 ', 'Atilio ','+56940268039', '(2) 21755 5646 ', 'M '),
( '17038957-3 ', ' ', ' ', '1972-4-26 ', 'Victoria ','+56911851222', '(2) 21301 6622 ', 'F '),
( '17042778-5 ', ' ', 'Villalonga ', '1972-4-21 ', 'Chus ','+56912193811', '(2) 26383 2948 ', 'M '),
( '17057088-k ', ' ', ' ', '1972-5-13 ', 'Consuelo ','+56977284110', '(2) 21415 5456 ', 'M '),
( '17086907-9 ', ' ', ' ', '1972-1-16 ', 'Consuelo ','+56952619018', '(2) 24220 3475 ', 'M '),
( '17089467-7 ', ' ', 'Pagès ', '1971-10-16 ', 'Dora ','+56983238612', '(2) 24366 1535 ', 'F '),
( '17091096-6 ', ' ', 'Pascual ', '1971-7-11 ', 'Amada ','+56955105784', '(2) 23620 3006 ', 'F '),
( '17102846-9 ', 'Aragón ', 'Sanz ', '1971-6-8 ', 'Haroldo ','+56929512534', '(2) 23303 4626 ', 'M '),
( '17105152-5 ', ' ', 'Acevedo ', '1971-2-13 ', 'Jacinto ','+56935446222', '(2) 28872 4916 ', 'M '),
( '17108948-4 ', ' ', 'Gibert ', '1971-7-22 ', 'Jose ','+56973678967', '(2) 28268 8642 ', 'M '),
( '17122886-7 ', ' ', 'Peralta ', '1971-1-1 ', 'Arsenio ','+56919875673', '(2) 25990 8723 ', 'M '),
( '17125581-3 ', ' ', ' ', '1971-3-18 ', 'Aarón ','+56931643760', '(2) 24420 5810 ', 'M '),
( '17134387-9 ', 'Vélez ', 'Anguita ', '1971-11-4 ', 'Yésica ','+56962424166', '(2) 26953 6979 ', 'F '),
( '17145040-3 ', ' ', 'Mateos ', '1971-5-3 ', 'Julie ','+56941667968', '(2) 28626 3018 ', 'M '),
( '17156977-k ', 'Poza ', 'Gonzalo ', '1971-9-18 ', 'Efraín ','+56944278123', '(2) 23074 1672 ', 'M '),
( '17160551-2 ', 'Tamarit ', 'Victorino ', '1971-6-27 ', 'Juan ','+56983163625', '(2) 28664 8220 ', 'M '),
( '17166705-4 ', ' ', 'Pastor ', '1971-10-17 ', 'Adán ','+56984235568', '(2) 25666 1598 ', 'M '),
( '17167932-k ', ' ', 'Fabra ', '1971-10-7 ', 'Casandra ','+56990655179', '(2) 24918 6600 ', 'F '),
( '17190657-1 ', ' ', 'Mayol ', '1971-5-24 ', 'Pilar ','+56957591912', '(2) 26861 1287 ', 'M '),
( '17198003-8 ', ' ', 'Castells ', '1971-8-4 ', 'Sonia ','+56917187725', '(2) 24863 6968 ', 'F '),
( '17206784-0 ', ' ', 'Echeverría ', '1971-4-20 ', 'Marisela ','+56947842860', '(2) 23549 7125 ', 'F '),
( '17209289-6 ', ' ', 'Alemany ', '1971-9-8 ', 'Emigdio ','+56969668653', '(2) 22533 8564 ', 'M '),
( '17215797-1 ', ' ', 'Lladó ', '1971-11-4 ', 'Delia ','+56990527138', '(2) 26360 5915 ', 'F '),
( '17217511-2 ', ' ', 'Avilés ', '1971-2-27 ', 'René ','+56974763937', '(2) 23378 6492 ', 'M '),
( '17245857-2 ', ' ', 'Rios ', '1971-8-27 ', 'Abraham ','+56950658920', '(2) 23169 6213 ', 'M '),
( '17255051-7 ', ' ', 'Garcés ', '1971-9-12 ', 'Fernanda ','+56935377870', '(2) 23084 7582 ', 'F '),
( '17257333-9 ', ' ', 'Bello ', '1971-8-13 ', 'Perla ','+56939205726', '(2) 25791 5284 ', 'F '),
( '17261510-4 ', ' ', 'Oller ', '1971-10-13 ', 'Evaristo ','+56959253642', '(2) 26623 6823 ', 'M '),
( '17272719-0 ', ' ', 'Alfonso ', '1971-6-20 ', 'Virgilio ','+56970711311', '(2) 26746 1853 ', 'M '),
( '17288657-4 ', ' ', ' ', '1971-2-19 ', 'Sabas ','+56926506449', '(2) 23379 5866 ', 'M '),
( '17306575-2 ', ' ', 'Coloma ', '1971-6-6 ', 'Luciana ','+56986417345', '(2) 24350 7088 ', 'F '),
( '17306582-5 ', ' ', 'Belmonte ', '1971-2-26 ', 'Georgina ','+56964895855', '(2) 21434 3071 ', 'F '),
( '17340339-9 ', ' ', 'Peralta ', '1971-1-14 ', 'Matías ','+56973746674', '(2) 24497 1996 ', 'M '),
( '17340745-9 ', ' ', 'Solé ', '1971-8-12 ', 'Cristian ','+56946751068', '(2) 27434 2310 ', 'M '),
( '17345780-4 ', ' ', ' ', '1971-10-20 ', 'Jennifer ','+56967385211', '(2) 28187 2006 ', 'M '),
( '17349210-3 ', ' ', 'Agullo ', '1971-7-1 ', 'Áurea ','+56953264664', '(2) 28977 1039 ', 'F '),
( '17365106-6 ', ' ', 'Suarez ', '1971-11-23 ', 'Cándido ','+56920253332', '(2) 24251 6657 ', 'M '),
( '17378283-7 ', ' ', 'Guzmán ', '1971-8-6 ', 'Silvestre ','+56965555627', '(2) 24502 1447 ', 'M '),
( '17382963-9 ', ' ', ' ', '1971-6-13 ', 'Marcos ','+56966455068', '(2) 22887 1159 ', 'M '),
( '17386909-6 ', ' ', 'Adadia ', '1971-7-19 ', 'Heraclio ','+56910668061', '(2) 26156 6473 ', 'M '),
( '17389967-k ', ' ', 'Trujillo ', '1971-1-6 ', 'Matías ','+56922693182', '(2) 21575 6396 ', 'M '),
( '17410219-8 ', 'Requena ', 'Galván ', '1971-10-21 ', 'Isaura ','+56939104516', '(2) 23137 2038 ', 'F '),
( '17415920-3 ', ' ', 'Sandoval ', '1971-2-12 ', 'Cristina ','+56965751222', '(2) 25529 6272 ', 'F '),
( '17427726-5 ', ' ', 'Fonseca ', '1971-3-15 ', 'Ruy ','+56917718210', '(2) 26595 4622 ', 'M '),
( '17434178-8 ', ' ', ' ', '1971-5-19 ', 'Gaspar ','+56944404110', '(2) 27912 1812 ', 'M '),
( '17488738-1 ', ' ', 'Lastra ', '1971-1-28 ', 'Violeta ','+56981443676', '(2) 24422 2778 ', 'F '),
( '17496764-4 ', 'Gilabert ', 'Ribes ', '1970-3-9 ', 'Jessica ','+56965743218', '(2) 22919 3720 ', 'F '),
( '17496959-0 ', ' ', ' ', '1970-7-8 ', 'Damián ','+56940214413', '(2) 24950 5519 ', 'M '),
( '17504306-3 ', ' ', ' ', '1970-5-8 ', 'Amada ','+56922774145', '(2) 23016 5774 ', 'F '),
( '17510703-7 ', ' ', 'Pedrero ', '1970-3-10 ', 'Luisa ','+56930595653', '(2) 26443 7827 ', 'F '),
( '17510923-4 ', ' ', 'Pi ', '1970-9-10 ', 'Nicanor ','+56916904553', '(2) 23025 8959 ', 'M '),
( '17513847-1 ', ' ', ' ', '1970-3-23 ', 'Ángeles ','+56956205155', '(2) 22211 4067 ', 'M '),
( '17515016-1 ', ' ', 'Almeida ', '1970-8-23 ', 'Bernardo ','+56916497680', '(2) 23785 4028 ', 'M '),
( '17516176-7 ', ' ', ' ', '1970-1-19 ', 'Raúl ','+56920294642', '(2) 28436 7910 ', 'M '),
( '17517892-9 ', ' ', 'Cabello ', '1970-1-13 ', 'Estefanía ','+56915168639', '(2) 27601 2742 ', 'F '),
( '17523182-k ', ' ', 'Carreras ', '1970-5-17 ', 'Amanda ','+56922801539', '(2) 26533 6452 ', 'F '),
( '17526299-7 ', ' ', 'Muñoz ', '1970-12-14 ', 'Bárbara ','+56940578666', '(2) 26230 6228 ', 'F '),
( '17528329-3 ', ' ', ' ', '1970-1-11 ', 'Imelda ','+56929603137', '(2) 21622 1422 ', 'F '),
( '17544384-3 ', 'Hernández ', 'Rivera ', '1970-2-19 ', 'Delfina ','+56916368059', '(2) 23610 8975 ', 'F '),
( '17548626-7 ', ' ', 'Martin ', '1970-11-14 ', 'Alfonso ','+56963527526', '(2) 27037 2827 ', 'M '),
( '17551533-k ', ' ', 'Jove ', '1970-2-6 ', 'Mamen ','+56912868447', '(2) 28395 5666 ', 'M '),
( '17574582-3 ', ' ', ' ', '1970-6-18 ', 'Hipólito ','+56928613386', '(2) 25599 5947 ', 'M '),
( '17578021-1 ', ' ', 'Miguel-Gutierrez ', '1970-8-3 ', 'Ana ','+56933573552', '(2) 27586 7452 ', 'F '),
( '17591429-3 ', ' ', ' ', '1970-7-26 ', 'Emilio ','+56955534366', '(2) 21230 4658 ', 'M '),
( '17599794-6 ', ' ', ' ', '1970-5-25 ', 'Aitana ','+56915384773', '(2) 22916 7640 ', 'F '),
( '17612335-4 ', ' ', ' ', '1970-9-13 ', 'Américo ','+56921518161', '(2) 27893 8859 ', 'M '),
( '17627037-3 ', ' ', 'Contreras ', '1970-10-25 ', 'Lisandro ','+56970882316', '(2) 27477 7865 ', 'M '),
( '17630615-7 ', ' ', 'Canet ', '1970-12-19 ', 'Jenaro ','+56912834579', '(2) 22530 5580 ', 'M '),
( '17643244-6 ', ' ', ' ', '1970-8-4 ', 'Mireia ','+56938903918', '(2) 23618 5615 ', 'F '),
( '17647355-k ', ' ', ' ', '1970-6-14 ', 'Faustino ','+56948731831', '(2) 27669 5944 ', 'M '),
( '17648399-7 ', ' ', ' ', '1970-7-5 ', 'Eric ','+56964307780', '(2) 26274 4925 ', 'M '),
( '17651138-9 ', ' ', 'Rubio ', '1970-4-24 ', 'Duilio ','+56941255073', '(2) 28915 8815 ', 'M '),
( '17672481-1 ', ' ', 'Royo ', '1970-8-15 ', 'Constanza ','+56929878026', '(2) 28294 5916 ', 'F '),
( '17676307-8 ', ' ', 'Márquez ', '1970-6-8 ', 'Rómulo ','+56947196757', '(2) 22700 7901 ', 'M '),
( '17696112-0 ', ' ', 'Amor ', '1970-10-4 ', 'Evangelina ','+56932163574', '(2) 25810 1328 ', 'F '),
( '17707464-0 ', 'Piquer ', 'Benavides ', '1970-4-7 ', 'Leonardo ','+56955392364', '(2) 26240 3034 ', 'M '),
( '17716337-6 ', ' ', 'Mendoza ', '1970-4-11 ', 'Gilberto ','+56914366864', '(2) 22529 1971 ', 'M '),
( '17720800-0 ', ' ', 'Amores ', '1970-2-11 ', 'Faustino ','+56927367774', '(2) 22021 5775 ', 'M '),
( '17728887-k ', ' ', 'Grau ', '1970-4-27 ', 'Román ','+56923634964', '(2) 27201 6672 ', 'M '),
( '17747682-k ', ' ', 'Campos ', '1970-8-4 ', 'Joaquina ','+56965326254', '(2) 27511 1832 ', 'F '),
( '17747986-1 ', ' ', 'Almansa ', '1970-6-5 ', 'Pablo ','+56979538461', '(2) 23028 5156 ', 'M '),
( '17777532-0 ', ' ', ' ', '1969-5-18 ', 'Noé ','+56966142979', '(2) 26368 5612 ', 'M '),
( '17779762-6 ', ' ', 'Ferrándiz ', '1969-4-24 ', 'Ciriaco ','+56954654968', '(2) 27585 3346 ', 'M '),
( '17798706-9 ', ' ', ' ', '1969-10-16 ', 'Roldán ','+56970378249', '(2) 26881 6640 ', 'M '),
( '17802810-3 ', ' ', 'Alcolea ', '1969-5-11 ', 'Azahar ','+56913198642', '(2) 21095 8782 ', 'M '),
( '17810544-2 ', ' ', 'Díez-Carretero ', '1969-1-11 ', 'María ','+56970247937', '(2) 26938 1075 ', 'F '),
( '17817613-7 ', ' ', 'Villegas ', '1969-4-7 ', 'Julia ','+56966541686', '(2) 26959 1240 ', 'F '),
( '17819072-5 ', ' ', 'Huertas ', '1969-4-23 ', 'Marina ','+56920226780', '(2) 22319 7853 ', 'F '),
( '17825245-3 ', ' ', 'Poza ', '1969-12-25 ', 'Aarón ','+56960698416', '(2) 28579 2756 ', 'M '),
( '17846200-8 ', ' ', 'Aparicio ', '1969-12-4 ', 'Ovidio ','+56946903920', '(2) 25674 5472 ', 'M '),
( '17846240-7 ', ' ', 'Parejo ', '1969-3-17 ', 'Eduardo ','+56922652763', '(2) 28907 7812 ', 'M '),
( '17858210-0 ', 'Expósito ', 'Fábregas ', '1969-8-21 ', 'Francisco ','+56922198756', '(2) 27801 8597 ', 'M '),
( '17878199-5 ', ' ', 'Gual ', '1969-3-14 ', 'Jonatan ','+56983545852', '(2) 25940 5037 ', 'M '),
( '17888190-6 ', ' ', 'Talavera ', '1969-1-11 ', 'Ovidio ','+56952191429', '(2) 22886 3962 ', 'M '),
( '17901164-6 ', ' ', ' ', '1969-12-17 ', 'Ascensión ','+56921767516', '(2) 26586 2926 ', 'M '),
( '17908788-k ', ' ', 'Gálvez ', '1969-2-7 ', 'Jenaro ','+56934823490', '(2) 21893 1029 ', 'M '),
( '17917469-3 ', ' ', 'Portero ', '1969-2-21 ', 'Borja ','+56920476817', '(2) 27323 2967 ', 'F '),
( '17921289-7 ', ' ', 'Garrido ', '1969-8-16 ', 'Adrián ','+56941478851', '(2) 22013 1815 ', 'M '),
( '17933448-8 ', ' ', ' ', '1969-9-9 ', 'Rosario ','+56966185437', '(2) 22437 7919 ', 'M '),
( '17950136-8 ', 'Planas ', 'León ', '1969-12-15 ', 'Aránzazu ','+56958672219', '(2) 21799 7228 ', 'M '),
( '17960002-1 ', ' ', 'Bas ', '1969-5-9 ', 'Roxana ','+56985648646', '(2) 27044 3406 ', 'F '),
( '17981124-3 ', ' ', 'Durán ', '1969-8-1 ', 'Juanito ','+56985558440', '(2) 24874 8686 ', 'M '),
( '17996112-1 ', ' ', 'Coca ', '1969-10-5 ', 'Modesta ','+56987195662', '(2) 28060 2356 ', 'F '),
( '18023817-4 ', ' ', 'Riba ', '1969-4-6 ', 'Miguel ','+56975451247', '(2) 22664 2586 ', 'M '),
( '18024443-3 ', ' ', 'Gallo ', '1969-8-25 ', 'Lucio ','+56983877647', '(2) 21978 2736 ', 'M '),
( '18027932-6 ', 'Macías ', 'Matas ', '1969-2-3 ', 'Trinidad ','+56930439061', '(2) 22868 1315 ', 'M '),
( '18029066-4 ', ' ', 'Porras ', '1969-7-22 ', 'Alfredo ','+56954138970', '(2) 28503 2767 ', 'M '),
( '18058884-1 ', ' ', ' ', '1969-3-4 ', 'Roque ','+56927718330', '(2) 28826 7014 ', 'M '),
( '18059881-2 ', ' ', 'Estevez ', '1969-10-7 ', 'Édgar ','+56921622237', '(2) 23285 3589 ', 'M '),
( '18087272-8 ', ' ', 'Hoyos ', '1968-12-4 ', 'Domingo ','+56945812841', '(2) 24879 1763 ', 'M '),
( '18107022-6 ', ' ', ' ', '1968-3-18 ', 'Marianela ','+56967208140', '(2) 21080 8612 ', 'F '),
( '18113046-6 ', ' ', 'Montserrat ', '1968-3-21 ', 'Valero ','+56986602972', '(2) 25449 1948 ', 'M '),
( '18121760-k ', ' ', 'Carretero ', '1968-4-14 ', 'Moreno ','+56951447170', '(2) 23268 1488 ', 'M '),
( '18126350-4 ', ' ', ' ', '1968-10-1 ', 'Rolando ','+56916196838', '(2) 28507 4987 ', 'M '),
( '18131392-7 ', ' ', 'Andres ', '1968-3-6 ', 'Raúl ','+56918314239', '(2) 28148 2609 ', 'M '),
( '18136863-2 ', ' ', 'Perales ', '1968-7-1 ', 'Jonatan ','+56940754630', '(2) 22382 4030 ', 'M '),
( '18137035-1 ', ' ', 'Martin ', '1968-12-12 ', 'Eusebia ','+56910416813', '(2) 24305 4011 ', 'F '),
( '18137603-1 ', ' ', 'Cobos ', '1968-2-13 ', 'Nilo ','+56936212712', '(2) 21321 3285 ', 'M '),
( '18142901-1 ', ' ', 'Marti ', '1968-6-10 ', 'Maura ','+56964682144', '(2) 28085 1134 ', 'F '),
( '18149685-1 ', ' ', 'Santana ', '1968-8-2 ', 'Lucio ','+56938284756', '(2) 23276 5065 ', 'M '),
( '18167463-6 ', ' ', 'Calatayud ', '1968-5-14 ', 'Piedad ','+56960218755', '(2) 23435 7310 ', 'M '),
( '18170302-4 ', ' ', 'Roura ', '1968-4-11 ', 'Luisina ','+56951697519', '(2) 28974 8519 ', 'F '),
( '18182094-2 ', ' ', 'Anaya ', '1968-1-4 ', 'Candelas ','+56973716689', '(2) 21449 5278 ', 'M '),
( '18183784-5 ', ' ', 'Iniesta ', '1968-12-3 ', 'Mateo ','+56927266279', '(2) 28201 8406 ', 'M '),
( '18202329-9 ', ' ', 'Blasco ', '1968-5-13 ', 'Eustaquio ','+56986306317', '(2) 27793 1125 ', 'M '),
( '18209421-8 ', ' ', 'Márquez ', '1968-1-12 ', 'Pepe ','+56967494575', '(2) 23988 7877 ', 'M '),
( '18223184-3 ', 'Aparicio ', 'Ferreras ', '1968-5-24 ', 'María ','+56983531363', '(2) 21524 5209 ', 'F '),
( '18233494-4 ', ' ', 'Angulo ', '1968-9-24 ', 'Obdulia ','+56926177079', '(2) 21278 6191 ', 'F '),
( '18246071-0 ', ' ', 'Riera ', '1968-6-8 ', 'Nayara ','+56914461737', '(2) 21616 2099 ', 'F '),
( '18253279-7 ', ' ', 'Marti ', '1968-10-25 ', 'Néstor ','+56947808021', '(2) 22100 5952 ', 'M '),
( '18262298-2 ', ' ', 'Lladó ', '1968-1-9 ', 'Feliciana ','+56967801671', '(2) 26184 8047 ', 'F '),
( '18270475-k ', ' ', 'Barroso ', '1968-11-9 ', 'Emilia ','+56927205977', '(2) 25182 2860 ', 'F '),
( '18278471-0 ', ' ', 'Carrillo ', '1968-3-24 ', 'Marco ','+56949868177', '(2) 28241 4435 ', 'M '),
( '18281705-8 ', ' ', 'Cervantes ', '1968-1-11 ', 'Maximiliano ','+56918181677', '(2) 26387 4854 ', 'M '),
( '18285397-6 ', ' ', 'Cueto ', '1968-11-2 ', 'Duilio ','+56955834373', '(2) 27153 8831 ', 'M '),
( '18302636-4 ', ' ', ' ', '1968-12-20 ', 'Inmaculada ','+56947475076', '(2) 28467 6257 ', 'F '),
( '18321456-k ', ' ', ' ', '1968-6-8 ', 'Priscila ','+56963784887', '(2) 28232 3220 ', 'F '),
( '18323651-2 ', ' ', ' ', '1968-1-21 ', 'Lucía ','+56971716167', '(2) 23185 3420 ', 'F '),
( '18334910-4 ', ' ', 'Vives ', '1968-8-2 ', 'Calista ','+56978188263', '(2) 28412 1298 ', 'F '),
( '18356107-3 ', ' ', 'Vidal ', '1968-4-2 ', 'Erasmo ','+56965254418', '(2) 21533 6535 ', 'M '),
( '18358153-8 ', ' ', 'Amador ', '1968-11-18 ', 'Azahara ','+56936905780', '(2) 22779 7749 ', 'F '),
( '18360082-6 ', ' ', 'Vidal ', '1968-7-22 ', 'Mariano ','+56978655377', '(2) 27843 2869 ', 'M '),
( '18363517-4 ', ' ', 'Rovira ', '1968-5-2 ', 'Modesta ','+56959447311', '(2) 24026 4591 ', 'F '),
( '18379022-6 ', 'Muñoz ', 'Castrillo ', '1968-10-5 ', 'Natalio ','+56969243333', '(2) 23744 4684 ', 'M '),
( '18397725-3 ', ' ', 'Alegria ', '1968-11-23 ', 'Nacho ','+56970143678', '(2) 26954 3478 ', 'M '),
( '18401996-5 ', ' ', 'Posada ', '1968-11-1 ', 'Bienvenida ','+56942667052', '(2) 24142 1931 ', 'F '),
( '18430407-4 ', 'Amigó ', 'Oliveras ', '1968-6-15 ', 'Alejandra ','+56953804632', '(2) 28685 5855 ', 'F '),
( '18440268-8 ', ' ', 'Cabañas ', '1968-3-14 ', 'Agustín ','+56911331712', '(2) 27707 5974 ', 'M '),
( '18481991-0 ', ' ', 'Vila ', '1968-2-16 ', 'Esperanza ','+56963234450', '(2) 21555 2936 ', 'F '),
( '18486531-9 ', 'Puente ', 'Isern ', '1968-7-12 ', 'Ariel ','+56957612762', '(2) 23011 4631 ', 'M '),
( '18487169-6 ', 'Sureda ', 'Purificación ', '1968-8-10 ', 'María ','+56988279027', '(2) 21983 3124 ', 'F '),
( '18491573-1 ', ' ', ' ', '1968-9-14 ', 'Hermenegildo ','+56949145143', '(2) 22215 1052 ', 'M '),
( '18495766-3 ', ' ', 'Morante ', '1968-2-20 ', 'Filomena ','+56988164274', '(2) 23609 2038 ', 'F '),
( '18532071-5 ', ' ', ' ', '1968-9-19 ', 'Tere ','+56918558510', '(2) 26899 5667 ', 'M '),
( '18543862-7 ', ' ', ' ', '1967-12-13 ', 'Moisés ','+56934356420', '(2) 22897 7580 ', 'M '),
( '18575156-2 ', ' ', ' ', '1967-4-7 ', 'Camilo ','+56987805439', '(2) 25708 6450 ', 'M '),
( '18595030-1 ', ' ', 'Villalobos ', '1967-9-18 ', 'Tania ','+56975451563', '(2) 24951 1190 ', 'F '),
( '18598960-7 ', ' ', 'Molins ', '1967-7-25 ', 'Adolfo ','+56929194652', '(2) 28672 2334 ', 'M '),
( '18599136-9 ', ' ', 'Pizarro ', '1967-5-23 ', 'Nydia ','+56928271058', '(2) 26984 1726 ', 'F '),
( '18604493-2 ', ' ', 'Giralt ', '1967-1-20 ', 'Rodolfo ','+56951855220', '(2) 25259 5934 ', 'M '),
( '18619682-1 ', 'Niño ', 'Pinilla ', '1967-2-11 ', 'Oriana ','+56969448812', '(2) 27649 3910 ', 'F '),
( '18631423-9 ', ' ', 'Feijoo ', '1967-1-12 ', 'Elodia ','+56934856348', '(2) 25745 4993 ', 'F '),
( '18638684-1 ', ' ', 'Soler ', '1967-6-22 ', 'Marciano ','+56960726229', '(2) 21380 8049 ', 'M '),
( '18645135-k ', ' ', 'Chico ', '1967-2-23 ', 'Lázaro ','+56933698518', '(2) 25427 4600 ', 'M '),
( '18653731-9 ', ' ', ' ', '1967-2-11 ', 'Reyes ','+56970117422', '(2) 28360 1114 ', 'M '),
( '18660568-3 ', ' ', 'Arroyo ', '1967-9-20 ', 'Magdalena ','+56981531530', '(2) 23873 4625 ', 'F '),
( '18686963-k ', 'Ferrer ', 'Ródenas ', '1967-7-27 ', 'Jose ','+56919404776', '(2) 27062 7399 ', 'M '),
( '18691861-4 ', ' ', ' ', '1967-5-15 ', 'Carlito ','+56923182046', '(2) 21601 3672 ', 'M '),
( '18700817-4 ', ' ', 'Fortuny ', '1967-7-22 ', 'Josué ','+56959738281', '(2) 28098 8489 ', 'M '),
( '18721005-4 ', ' ', 'Garzón ', '1967-5-18 ', 'Fidela ','+56938283455', '(2) 24327 2431 ', 'F '),
( '18728155-5 ', ' ', 'Cabanillas ', '1967-7-17 ', 'Cleto ','+56958465861', '(2) 23462 8169 ', 'M '),
( '18738186-k ', ' ', ' ', '1967-6-24 ', 'Modesta ','+56914407730', '(2) 28718 7451 ', 'F '),
( '18744001-7 ', ' ', ' ', '1967-12-14 ', 'Eligio ','+56986841687', '(2) 25017 8737 ', 'M '),
( '18749256-4 ', ' ', 'Raya ', '1967-1-19 ', 'Juliana ','+56963681754', '(2) 24113 3673 ', 'F '),
( '18756477-8 ', ' ', 'Iñiguez ', '1967-5-21 ', 'Lupe ','+56937392582', '(2) 26067 7888 ', 'M '),
( '18762861-k ', ' ', 'Vicente ', '1967-6-16 ', 'Reynaldo ','+56950543242', '(2) 22580 5791 ', 'M '),
( '18766791-7 ', ' ', ' ', '1967-10-23 ', 'Abraham ','+56925369030', '(2) 25909 4446 ', 'M '),
( '18767755-6 ', ' ', 'Casares-Ruano ', '1967-12-10 ', 'Andrés ','+56930703749', '(2) 24778 6415 ', 'M '),
( '18783520-8 ', ' ', 'Moraleda ', '1967-12-14 ', 'Encarnación ','+56945608376', '(2) 22075 6497 ', 'M '),
( '18798124-7 ', ' ', 'Coronado ', '1967-1-2 ', 'Fermín ','+56970818369', '(2) 21785 6025 ', 'M '),
( '18814692-9 ', ' ', ' ', '1967-11-21 ', 'Florentino ','+56960344046', '(2) 22303 1720 ', 'M '),
( '18816018-2 ', ' ', 'Arévalo ', '1967-2-7 ', 'Lupita ','+56942163750', '(2) 21030 6329 ', 'F '),
( '18844964-6 ', ' ', 'Gelabert ', '1967-9-21 ', 'Leoncio ','+56975866048', '(2) 28370 7790 ', 'M '),
( '18845209-4 ', ' ', 'Palomo ', '1967-8-1 ', 'Sebastián ','+56983312030', '(2) 25258 1004 ', 'M '),
( '18852359-5 ', ' ', 'Capdevila ', '1967-4-20 ', 'Fulgencio ','+56932685320', '(2) 25313 5327 ', 'M '),
( '18855282-k ', ' ', 'Bertrán ', '1967-11-17 ', 'Soraya ','+56986181251', '(2) 21097 1255 ', 'F '),
( '18855611-6 ', ' ', 'Granados ', '1967-9-16 ', 'Teo ','+56990124286', '(2) 28094 2441 ', 'M '),
( '18858185-4 ', ' ', 'Morales ', '1967-9-13 ', 'Maricela ','+56946477476', '(2) 22379 4145 ', 'F '),
( '18874107-k ', ' ', 'Coello ', '1967-8-9 ', 'Maxi ','+56946138448', '(2) 26749 2305 ', 'M '),
( '18875515-1 ', ' ', 'Alberto ', '1967-9-3 ', 'Segismundo ','+56968235036', '(2) 28940 8077 ', 'M '),
( '18893694-6 ', ' ', 'Ferrer ', '1967-9-8 ', 'Zaira ','+56934378714', '(2) 23598 4729 ', 'F '),
( '18900246-7 ', ' ', ' ', '1966-8-10 ', 'Noelia ','+56948285374', '(2) 22784 6588 ', 'F '),
( '18911726-4 ', ' ', 'Marcos ', '1966-7-3 ', 'Palmira ','+56957246184', '(2) 26763 5755 ', 'F '),
( '18922942-9 ', 'Rivera ', 'Heredia ', '1966-10-12 ', 'Jose ','+56950123177', '(2) 28639 3974 ', 'M '),
( '18926834-3 ', ' ', 'Ramón ', '1966-9-25 ', 'Susanita ','+56918104327', '(2) 28185 1609 ', 'F '),
( '18927008-9 ', ' ', 'Ramis ', '1966-1-11 ', 'Gonzalo ','+56918851066', '(2) 26215 8893 ', 'M '),
( '18935628-5 ', ' ', 'Gil ', '1966-7-6 ', 'Apolinar ','+56981357189', '(2) 27637 3962 ', 'M '),
( '18936163-7 ', ' ', 'Alberto ', '1966-2-24 ', 'Balduino ','+56916534873', '(2) 22188 7085 ', 'M '),
( '18949920-5 ', ' ', 'Romero ', '1966-11-27 ', 'Arsenio ','+56936201916', '(2) 24342 2402 ', 'M '),
( '18953288-1 ', ' ', 'Fortuny ', '1966-9-7 ', 'Alma ','+56933305641', '(2) 24854 2035 ', 'F '),
( '18956474-0 ', ' ', 'Estrada ', '1966-10-8 ', 'María ','+56911173379', '(2) 23711 5713 ', 'F '),
( '18978016-8 ', ' ', ' ', '1966-6-3 ', 'Úrsula ','+56919614186', '(2) 27146 2011 ', 'F '),
( '18979688-9 ', ' ', 'Adán ', '1966-10-10 ', 'Natalio ','+56959677188', '(2) 26201 3818 ', 'M '),
( '18982627-3 ', ' ', ' ', '1966-4-3 ', 'Candelas ','+56920453642', '(2) 24266 1003 ', 'M '),
( '18999464-8 ', ' ', ' ', '1966-11-1 ', 'Loreto ','+56990557372', '(2) 25848 4000 ', 'M '),
( '19006555-3 ', ' ', 'Castejón ', '1966-4-26 ', 'Ulises ','+56924766342', '(2) 21741 7903 ', 'M '),
( '19018136-7 ', ' ', 'Uribe ', '1966-7-11 ', 'Armida ','+56916321382', '(2) 26660 5647 ', 'F '),
( '19026280-4 ', ' ', 'Barros ', '1966-11-7 ', 'Marcela ','+56955386486', '(2) 28284 6013 ', 'F '),
( '19036268-k ', ' ', 'Tormo ', '1966-1-22 ', 'Fausto ','+56950245042', '(2) 24326 4576 ', 'M '),
( '19058643-k ', ' ', 'Galindo ', '1966-4-28 ', 'Teresa ','+56940586710', '(2) 26161 2246 ', 'F '),
( '19096620-8 ', ' ', 'Balaguer ', '1966-2-14 ', 'Ildefonso ','+56961524039', '(2) 22882 7444 ', 'M '),
( '19105493-8 ', ' ', 'Lledó ', '1966-10-1 ', 'Carolina ','+56950191880', '(2) 26528 5197 ', 'F '),
( '19115407-k ', ' ', 'Acedo ', '1966-6-3 ', 'Edu ','+56944316864', '(2) 22418 5582 ', 'M '),
( '19120436-0 ', ' ', ' ', '1966-10-3 ', 'Rosa ','+56977445921', '(2) 21925 2402 ', 'F '),
( '19128881-5 ', ' ', 'Carbó ', '1966-11-10 ', 'Carmela ','+56970598413', '(2) 27260 5728 ', 'F '),
( '19135515-6 ', ' ', 'Gomez ', '1966-9-11 ', 'Encarnacion ','+56969642033', '(2) 28683 1427 ', 'M '),
( '19155144-3 ', ' ', 'Pardo ', '1966-4-4 ', 'Rosario ','+56966271516', '(2) 28882 6339 ', 'M '),
( '19163059-9 ', ' ', ' ', '1966-2-28 ', 'Evaristo ','+56988658625', '(2) 27761 2830 ', 'M '),
( '19176601-6 ', ' ', ' ', '1966-3-15 ', 'Natalio ','+56953453775', '(2) 22592 2296 ', 'M '),
( '19184328-2 ', ' ', 'Llopis ', '1966-6-12 ', 'Cándida ','+56946685376', '(2) 27181 6110 ', 'F '),
( '19198923-6 ', ' ', ' ', '1966-7-16 ', 'Clímaco ','+56948905316', '(2) 28056 1110 ', 'M '),
( '19199357-8 ', ' ', 'Verdugo ', '1966-7-10 ', 'Luciana ','+56948473572', '(2) 21106 1161 ', 'F '),
( '19204242-9 ', 'Andrade ', 'Heras ', '1966-10-18 ', 'Otilia ','+56933288921', '(2) 25597 6376 ', 'F '),
( '19233618-k ', ' ', ' ', '1966-12-16 ', 'Andrés ','+56960204479', '(2) 26320 7737 ', 'M '),
( '19237267-4 ', ' ', 'Roca ', '1966-2-9 ', 'Samanta ','+56926701539', '(2) 26456 5014 ', 'F '),
( '19250569-0 ', ' ', ' ', '1966-4-21 ', 'Ariel ','+56982195683', '(2) 24546 4621 ', 'M '),
( '19253791-6 ', ' ', 'Huerta ', '1966-5-3 ', 'Serafina ','+56914734946', '(2) 28335 8396 ', 'F '),
( '19255256-7 ', 'Campos ', 'Armando ', '1966-12-27 ', 'Jose ','+56927727643', '(2) 28051 3851 ', 'M '),
( '19270650-5 ', ' ', ' ', '1966-1-10 ', 'José ','+56948121090', '(2) 27064 5404 ', 'M '),
( '19292152-k ', ' ', 'Bejarano ', '1966-10-10 ', 'Celia ','+56928508874', '(2) 27558 1540 ', 'F '),
( '19308270-k ', 'Vazquez ', 'Garcés ', '1966-5-4 ', 'Juan ','+56950492869', '(2) 22396 5979 ', 'M '),
( '19311341-9 ', 'Lobo ', 'Villena ', '1966-4-22 ', 'Gregorio ','+56985125966', '(2) 23510 5525 ', 'M '),
( '19324641-9 ', ' ', 'Morales ', '1966-8-20 ', 'Sonia ','+56984291423', '(2) 27711 8441 ', 'F '),
( '19335925-6 ', ' ', ' ', '1966-1-5 ', 'Rebeca ','+56986584834', '(2) 27769 7571 ', 'F '),
( '19341550-4 ', ' ', 'Gutiérrez ', '1966-7-22 ', 'Perlita ','+56926756355', '(2) 25491 6837 ', 'F '),
( '19369379-2 ', ' ', 'Sarmiento ', '1966-7-5 ', 'Susana ','+56921111552', '(2) 27496 4039 ', 'F '),
( '19382159-6 ', ' ', ' ', '1966-12-9 ', 'Palmira ','+56957897626', '(2) 25436 2546 ', 'F '),
( '19384334-4 ', ' ', 'Cánovas ', '1966-2-28 ', 'Eliseo ','+56990783627', '(2) 23136 6143 ', 'M '),
( '19385443-5 ', ' ', 'Pozo ', '1966-4-15 ', 'Lisandro ','+56962263739', '(2) 25015 8243 ', 'M '),
( '19386900-9 ', 'Donaire ', 'Solsona ', '1966-12-3 ', 'Jose ','+56975652335', '(2) 25100 4526 ', 'M '),
( '19400209-2 ', ' ', ' ', '1966-9-4 ', 'Dorotea ','+56968814820', '(2) 27486 1139 ', 'F '),
( '19402121-6 ', ' ', ' ', '1966-3-15 ', 'Yéssica ','+56948295024', '(2) 26656 7373 ', 'F '),
( '19411124-k ', ' ', 'Berrocal ', '1966-11-10 ', 'Eutimio ','+56933753938', '(2) 26593 8812 ', 'M '),
( '19432846-k ', ' ', ' ', '1966-10-14 ', 'Heliodoro ','+56985807751', '(2) 24274 7783 ', 'M '),
( '19438767-9 ', ' ', 'Gimenez ', '1966-6-27 ', 'Valeria ','+56981217153', '(2) 27137 3442 ', 'F '),
( '19448250-7 ', 'Arnaiz ', 'Díaz ', '1965-3-2 ', 'Jose ','+56928441114', '(2) 23120 7198 ', 'M '),
( '19454640-8 ', ' ', 'Castañeda ', '1965-2-19 ', 'Joaquina ','+56971371665', '(2) 26674 2091 ', 'F '),
( '19457785-0 ', ' ', 'Martínez ', '1965-11-7 ', 'Alejo ','+56974661474', '(2) 27901 6243 ', 'M '),
( '19473318-6 ', ' ', ' ', '1965-9-12 ', 'Noé ','+56937361552', '(2) 26613 4837 ', 'M '),
( '19484957-5 ', ' ', 'Perelló-Haro ', '1965-9-19 ', 'María ','+56987104332', '(2) 22115 6540 ', 'F '),
( '19528644-2 ', ' ', 'Codina ', '1965-4-14 ', 'Wálter ','+56932155829', '(2) 27694 1560 ', 'M '),
( '19547817-1 ', ' ', 'Pardo ', '1965-2-6 ', 'Lorenzo ','+56926238990', '(2) 21484 6736 ', 'M '),
( '19548611-5 ', ' ', 'Neira ', '1965-12-8 ', 'Bibiana ','+56947145910', '(2) 22597 5828 ', 'F '),
( '19557515-0 ', ' ', ' ', '1965-7-25 ', 'David ','+56988365530', '(2) 23710 8966 ', 'M '),
( '19559641-7 ', ' ', 'Rocamora ', '1965-10-22 ', 'Flora ','+56926597448', '(2) 26010 4526 ', 'F '),
( '19569203-3 ', ' ', 'Sainz ', '1965-1-20 ', 'Azeneth ','+56979756083', '(2) 22883 5089 ', 'M '),
( '19583718-k ', 'Pineda ', 'Madrid ', '1965-6-3 ', 'Nicolás ','+56932418656', '(2) 26995 6794 ', 'M '),
( '19585533-1 ', ' ', 'Alberola ', '1965-11-19 ', 'Crescencia ','+56945112769', '(2) 27334 8016 ', 'F '),
( '19586515-9 ', ' ', 'Garay ', '1965-3-24 ', 'Emilia ','+56958268667', '(2) 22832 8422 ', 'F '),
( '19631044-4 ', 'Mayol ', 'Borrego ', '1965-10-17 ', 'Miguel ','+56915363329', '(2) 22543 8513 ', 'M '),
( '19634706-2 ', 'Téllez ', 'Torrens ', '1965-12-25 ', 'Miguel ','+56914728363', '(2) 27483 8851 ', 'M '),
( '19656943-k ', ' ', ' ', '1965-2-1 ', 'Bienvenida ','+56926441363', '(2) 24086 6720 ', 'F '),
( '19659359-4 ', ' ', 'Agullo ', '1965-10-23 ', 'Nicanor ','+56969854634', '(2) 24948 6567 ', 'M '),
( '19664081-9 ', ' ', 'Sanchez ', '1965-10-13 ', 'Elba ','+56946345789', '(2) 28670 7083 ', 'F '),
( '19669963-5 ', ' ', 'Ibañez ', '1965-1-1 ', 'Cosme ','+56984637011', '(2) 26050 4622 ', 'M '),
( '19670967-3 ', ' ', 'Casanovas ', '1965-11-21 ', 'Vicenta ','+56977412274', '(2) 28515 3014 ', 'F '),
( '19676501-8 ', ' ', ' ', '1965-9-11 ', 'Marcelo ','+56915895984', '(2) 23600 6330 ', 'M '),
( '19687629-4 ', 'Llorens ', 'Gonzalez ', '1965-8-18 ', 'Mateo ','+56987741153', '(2) 27497 4797 ', 'M '),
( '19700750-8 ', ' ', 'Cano ', '1965-9-24 ', 'Trinidad ','+56967814062', '(2) 24240 1609 ', 'M '),
( '19714290-1 ', ' ', 'Criado ', '1965-5-14 ', 'Reyes ','+56927134045', '(2) 28974 5950 ', 'M '),
( '19743620-4 ', ' ', ' ', '1965-1-24 ', 'Melisa ','+56920693855', '(2) 21704 1186 ', 'F '),
( '19748195-1 ', 'Arcos ', 'Tomás ', '1965-7-18 ', 'Francisco ','+56949296740', '(2) 23772 7715 ', 'M '),
( '19752704-8 ', ' ', 'Piñeiro ', '1965-5-26 ', 'Benita ','+56920864721', '(2) 22370 3526 ', 'F '),
( '19755898-9 ', ' ', 'Cabrera ', '1965-10-15 ', 'Amada ','+56982748635', '(2) 24420 2523 ', 'F '),
( '19783662-8 ', 'Fuentes ', 'Recio ', '1965-3-12 ', 'Gaspar ','+56935447982', '(2) 28120 6427 ', 'M '),
( '19815608-6 ', ' ', ' ', '1965-2-3 ', 'Reyes ','+56980605781', '(2) 22664 1309 ', 'M '),
( '19823600-4 ', ' ', 'Ojeda ', '1965-5-14 ', 'Genoveva ','+56934372532', '(2) 27712 6994 ', 'F '),
( '19840621-k ', ' ', 'Arnau ', '1965-2-19 ', 'Marcio ','+56965887688', '(2) 23303 7183 ', 'M '),
( '19848581-0 ', ' ', 'Azcona ', '1965-6-2 ', 'Luciano ','+56965756466', '(2) 26150 3860 ', 'M '),
( '19850820-9 ', ' ', 'Aguirre ', '1965-9-9 ', 'Godofredo ','+56929306232', '(2) 27313 5391 ', 'M '),
( '19853989-9 ', ' ', 'Uría ', '1965-3-20 ', 'Encarnita ','+56923673041', '(2) 24641 7870 ', 'F '),
( '19860422-4 ', ' ', 'Barreda ', '1965-10-21 ', 'Quique ','+56914597716', '(2) 26292 6597 ', 'M '),
( '19866433-2 ', ' ', ' ', '1965-9-3 ', 'Fabián ','+56940314084', '(2) 25443 6680 ', 'M '),
( '19878870-8 ', 'Castilla ', 'Jódar ', '1965-6-12 ', 'María ','+56921611844', '(2) 24272 7422 ', 'F '),
( '19886592-3 ', ' ', ' ', '1965-5-27 ', 'Aristides ','+56921803276', '(2) 27665 5939 ', 'M '),
( '19910380-6 ', ' ', 'Alberto ', '1964-6-7 ', 'Chelo ','+56973422331', '(2) 23255 4145 ', 'M '),
( '19918987-5 ', 'Cañete ', 'Navarro ', '1964-10-26 ', 'Hernando ','+56951111417', '(2) 26824 8148 ', 'M '),
( '19932684-8 ', ' ', 'Roca ', '1964-1-21 ', 'Asdrubal ','+56967626587', '(2) 27749 8693 ', 'M '),
( '19935501-5 ', ' ', ' ', '1964-5-19 ', 'Cruz ','+56959564266', '(2) 21783 4332 ', 'M '),
( '19947745-5 ', ' ', 'Almansa ', '1964-5-10 ', 'Bienvenida ','+56932254770', '(2) 23572 6833 ', 'F '),
( '19948887-2 ', ' ', 'Garcia ', '1964-7-19 ', 'Chema ','+56949496227', '(2) 22926 4007 ', 'F '),
( '19958763-3 ', ' ', 'Zorrilla ', '1964-9-12 ', 'Tiburcio ','+56952162132', '(2) 24069 3498 ', 'M ');



INSERT INTO [dbo].[t_rep_legal]
           ([rep_legal_persona_rut])
     VALUES
( '10007672-1 '),
( '10020197-6 '),
( '10023418-1 '),
( '10028406-5 '),
( '10030941-6 '),
( '10033211-6 '),
( '10042303-0 '),
( '10045179-4 '),
( '10069276-7 '),
( '10078762-8 '),
( '10087828-3 '),
( '10141047-1 '),
( '10145326-k '),
( '10156977-2 '),
( '10158382-1 '),
( '10170629-k '),
( '10207401-7 '),
( '10224802-3 '),
( '10241265-6 ');

INSERT INTO [dbo].[t_sost]
           ([sost_rep_legal_id],[sost_nombre])
     VALUES
		('1','ACUMAR'),
		('2','CAMILO HENRIQUEZ'),
		('3','DINABEC COLLEGE'),
		('4','E.I.E. COLEGIO TÉCNICO PROFESIONAL SANTA TERESA DE LOS ANDES DE OSORNO'),
		('5','FORM-ARTE CORPORACIÓN EDUCACIONAL'),
		('6','GODOY  & ROJAS CORPORACIÓN  EDUCACIONAL'),
		('7','HERMANAS FRANCISCANAS DE GANTE'),
		('8','IGLESIA DE CRISTO IBEROAMERICANA'),
		('9','JAVIERA CARRERA DE LINARES E.I.E.'),
		('10','KENNEDY SCHOOL'),
		('11','LA MAGIA DE APRENDER C.E.'),
		('12','MARCELA PAZ CONCEPCION'),
		('13','NAGUILAN'),
		('14','OBRA DON GUANELLA'),
		('15','PARROQUIA SAGRADO CORAZON DE JESUS DE CHINCOLCO'),
		('16','QUILLAIMAVIDA'),
		('17','R.PALACIOSP E.I.E'),
		('18','SABIDURIA ENTIDAD INDIVIDUAL DE EDUCACION'),
		('19','TERESA YON JORQUERA E.I.E.');

INSERT INTO [dbo].[t_tipo_area]
           ([tipo_area_nombre])
     VALUES
           ('Rural'),
           ('Urbano');

INSERT INTO [dbo].[t_direccion]
          ([direccion_calle]
          ,[direccion_geo_x]
          ,[direccion_geo_y]
          ,[direccion_info_adicional]
          ,[direccion_comuna_id]
          ,[direccion_tipo_area])
    VALUES
('`PARCELA ``EL PINO`` CAMINO SAN MIGUEL` S/N','','-374662257','-723875091',224,1),
('AV LIBERTADOR B. O¨HIGGINS 2973','','-334494291','-706775856',17,1),
('AV.JERUSALEN 3901 SECTOR EL BORO 3901','','-20246623','-701007518',226,1),
('BALMACEDA 400','','-341622857','-707329432',49,1),
('BAQUEDANO 804','','-405705625','-731393886',37,1),
('CAMINO CABRERO KM. 36 S/N','','-334494290','-731393887',148,2),
('DIEGO PORTALES 980','','-334494289','-731393887',5,2),
('ESMERALDA 190','','-334494288','-731393887',148,2),
('FREIRE 965','','-334494287','-731393887',296,2),
('GALVARINO 1310','','-334494286','-731393887',214,2),
('LIBERTAD 244','','-334494285','-731393887',175,2),
('MANTOS BLANCOS 2267, VILLA SAN LUIS 5. S/N','','-334494284','-731393887',327,2),
('MANUEL RODRIGUEZ 1044','','-334494283','-731393887',223,2),
('MICHIMALONCO 3855 S/N','','-334494282','-731393887',235,2),
('MONTEPIO 357','','-334494281','-731393887',100,2),
('O`HIGGINS 763 S/N','','-334494280','-731393887',233,2),
('PAMPA BAJA SITIO 40','','-334494279','-731393887',241,2),
('PARCELA 2 B SANTA AMELIA S/N','','-334494278','-731393887',44,2),
('PEDRO MONTT S/N CHINCOLCO S/N','','-334494277','-731393887',187,2),
('PELANTARO 1091','','-334494276','-731393887',30,2),
('PORTALES 132','','-334494275','-731393887',233,2),
('UNICA S/N S/N','','-334494274','-731393887',233,2);

INSERT INTO [dbo].[t_establ]
           ([establ_cod_area]
           ,[establ_nombre]
           ,[establ_numero_telefonico]
           ,[establ_depend_id]
           ,[establ_direccion_id]
           ,[establ_sost_id])
     VALUES
(41,'ESCUELA ACUMAR',2380391,3,1,1),
(41,'COLEGIO ACUMAR',2380391,3,18,1),
(41,'PARVULARIO EL NAZARENO',2380391,3,21,1),
(41,'COLEGIO CAMILO HENRIQUEZ',2220834,3,20,2),
(43,'LICEO COMERCIAL CAMILO HENRIQUEZ',345450,3,10,2),
(42,'DINABEC COLLEGE',2836670,3,7,3),
(64,'COLEGIO TECNICO PROFESIONAL SANTA TERESA DE LOS ANDES',2203400,3,5,4),
(51,'COLEGIO ARTISTICO CULTURAL FORM-ARTE',2406193,3,17,5),
(53,'ESCUELA PARTICULAR EL DURAZNO',2741405,3,22,6),
(2,'COLEGIO PARTICULAR SAN FRANCISCO DE ASIS',27976816,3,15,7),
(2,'ESCUELA BASICA PART. CRISTIANO DE LOS HEROES',25141596,3,12,8),
(73,'INST. EDUC. DE ADULTOS JAVIERA CARRERA',2213208,3,16,9),
(41,'COLEGIO PARTICULAR KENNEDY SCHOOL',2362151,3,11,10),
(75,'JARDIN INFANTIL MAGIC CASTLE',411394,3,8,11),
(41,'COLEGIO MARCELA PAZ',2240243,3,13,12),
(41,'COLEGIO PAULO FREIRE',3213450,3,14,13),
(72,'ESCUELA PARTICULAR JULIO VALENZUELA',2228310,3,4,14),
(33,'COLEGIO SAGRADO CORAZON',781489,3,19,15),
(41,'ESCUELA PARTICULAR UNICORNIO',0,3,6,16),
(67,'COLEGIO ANTOINE DE SAINT EXUPERY',2232020,3,9,17),
(72,'JARDIN INFANTIL SEMILLITA DE SABIDURIA',2534535,3,2,18),
(57,'ESCUELA SANTA LAURA',2625384,3,3,19);

INSERT INTO [dbo].[t_establ_cod_ense]
           ([establ_cod_ense_cod_ense_id]
           ,[establ_cod_ense_establ_id])
     VALUES
(9,1),
(10,2),
(110,3),
(160,4),
(165,5),
(167,6),
(180,7),
(181,8),
(182,9),
(190,10),
(191,11),
(192,12),
(200,13),
(201,14),
(202,15),
(220,16),
(230,17),
(231,18),
(232,19),
(240,20),
(241,21),
(242,22),
(250,1),
(251,2),
(252,3),
(260,4),
(261,5),
(262,6),
(263,7),
(264,8),
(265,9),
(266,10),
(267,11),
(268,12),
(269,13),
(270,14),
(271,15),
(272,16),
(280,17),
(290,18),
(291,19),
(292,20),
(310,21),
(360,22),
(361,1),
(365,2),
(410,3),
(460,4),
(461,5),
(465,6),
(510,7),
(560,8),
(561,9),
(565,10),
(610,11),
(660,12);

INSERT INTO [dbo].[t_asignatura]
           ([asignatura_nombre])
     VALUES
   ('Artes visuales'),
	('Ciencias naturales'),
	('Educación física y salud'),
	('Historia, geografía y ciencias sociales'),
	('Inglés'),
	('Lengua indígena'),
	('Lenguaje y comunicación'),
	('Lengua y literatura'),
	('Lengua y Cultura de los Pueblos Originarios Ancestrales'),
	('Matemática'),
	('Música'),
	('Orientación'),
	('Religión'),
	('Tecnología');

INSERT INTO [dbo].[t_docente]
           ([docente_persona_rut])
     VALUES
('10253981-8'),
('10258276-4'),
('10282003-7'),
('10283850-5'),
('10284435-1'),
('10289034-5'),
('10294702-9'),
('10307783-4'),
('10309856-4'),
('10335354-8'),
('10337268-2'),
('10341783-k'),
('10343931-0'),
('10344239-7'),
('10371655-1'),
('10372585-2'),
('10383412-0'),
('10419644-6'),
('10426377-1'),
('10440686-6'),
('10442532-1'),
('10452525-3'),
('10461021-8'),
('10462201-1'),
('10474580-6'),
('10477159-9'),
('10504838-6'),
('10508665-2'),
('10510257-7'),
('10511035-9'),
('10536148-3'),
('10539485-3'),
('10547385-0'),
('10553589-9'),
('10556456-2'),
('10575408-6'),
('10584120-5'),
('10593687-7'),
('10617869-0'),
('10628551-9'),
('10633287-8'),
('10659332-9'),
('10672491-1'),
('10695109-8'),
('10700522-6'),
('10705549-5'),
('10706331-5'),
('10721723-1'),
('10733695-8'),
('10738748-k'),
('10740172-5'),
('10744132-8'),
('10763343-k'),
('10773848-7'),
('10779229-5'),
('10788953-1'),
('10802648-0'),
('10814200-6'),
('10830649-1'),
('10830895-8'),
('10836337-1'),
('10861765-9'),
('10866223-9'),
('10883566-4'),
('10897741-8'),
('10905674-k'),
('10938191-8'),
('10942645-8'),
('10949037-7'),
('10955920-2'),
('10956528-8'),
('10962131-5'),
('10967060-k'),
('10967188-6'),
('10987992-4'),
('11007556-1'),
('11008805-1'),
('11036749-k'),
('11050974-k'),
('11054915-6'),
('11059095-4'),
('11062704-1'),
('11082022-4'),
('11084619-3'),
('11098895-8'),
('11123065-k'),
('11126113-k'),
('11145086-2'),
('11145641-0'),
('11164951-0'),
('11168517-7'),
('11173549-2'),
('11176016-0'),
('11176056-k'),
('11182218-2'),
('11185639-7'),
('11188577-k'),
('11198467-0'),
('11199081-6'),
('11208457-6'),
('11216921-0'),
('11217170-3'),
('11219994-2'),
('11227400-6'),
('11253393-1'),
('11284745-6'),
('11297502-0'),
('11303471-8'),
('11309691-8'),
('11315203-6'),
('11316271-6'),
('11322539-4'),
('11322765-6'),
('11334648-5'),
('11352824-9'),
('11353432-k'),
('11358792-k'),
('11408393-3'),
('11430437-9'),
('11431877-9'),
('11433382-4'),
('11434461-3'),
('11444595-9'),
('11451351-2'),
('11455765-k'),
('11469397-9'),
('11471072-5'),
('11480725-7'),
('11499957-1'),
('11517664-1'),
('11524508-2'),
('11527425-2'),
('11577212-0'),
('11598215-k'),
('11601329-0'),
('11605505-8'),
('11616524-4'),
('11624333-4'),
('11633547-6'),
('11660317-9'),
('11666439-9'),
('11671016-1'),
('11674014-1'),
('11683737-4'),
('11708304-7'),
('11711168-7'),
('11722146-6'),
('11733502-k'),
('11740188-k'),
('11744859-2'),
('11759443-2'),
('11761847-1'),
('11776869-4'),
('11794615-0'),
('11810267-3'),
('11819750-k'),
('11833788-3'),
('11836666-2'),
('11850206-k'),
('11868373-0'),
('11873643-5'),
('11881844-k'),
('11904379-4'),
('11906416-3'),
('11917875-4'),
('11946591-5'),
('11958784-0'),
('11959645-9'),
('11959835-4'),
('11974383-4'),
('12001609-1'),
('12004414-1'),
('12026928-3'),
('12033070-5'),
('12035695-k'),
('12051453-9'),
('12057597-k'),
('12070423-0'),
('12077732-7'),
('12078844-2'),
('12086533-1'),
('12089722-5'),
('12102298-2'),
('12108304-3'),
('12123814-4'),
('12135980-4'),
('12136075-6'),
('12136289-9'),
('12143946-8'),
('12158243-0'),
('12160085-4'),
('12161455-3'),
('12187703-1'),
('12198763-5'),
('12199624-3'),
('12203790-8'),
('12224585-3'),
('12233991-2'),
('12247052-0'),
('12249675-9'),
('12253177-5'),
('12256834-2'),
('12267765-6'),
('12274620-8'),
('12302949-6'),
('12304987-k'),
('12321870-1'),
('12322583-k'),
('12326211-5'),
('12331008-k'),
('12345194-5'),
('12353202-3'),
('12357698-5'),
('12400096-3'),
('12402978-3'),
('12404518-5'),
('12408398-2'),
('12412784-k'),
('12415134-1'),
('12425989-4'),
('12429692-7'),
('12442756-8'),
('12462396-0'),
('12463586-1'),
('12482661-6'),
('12489531-6'),
('12503946-4'),
('12507657-2'),
('12526155-8'),
('12546347-9'),
('12567318-k'),
('12577750-3'),
('12579409-2'),
('12580480-2'),
('12582057-3'),
('12606604-k'),
('12608347-5'),
('12611214-9'),
('12628491-8'),
('12632919-9'),
('12672315-6'),
('12680923-9'),
('12717457-1'),
('12720040-8'),
('12743380-1'),
('12749398-7'),
('12767532-5'),
('12777742-k'),
('12804380-2'),
('12833818-7'),
('12839134-7'),
('12854262-0'),
('12856748-8'),
('12859330-6'),
('12878102-1'),
('12893775-7'),
('12941720-k'),
('12960555-3'),
('12998143-1'),
('13007742-0'),
('13012660-k'),
('13014361-k'),
('13022922-0'),
('13036082-3'),
('13053465-1'),
('13071620-2'),
('13074835-k'),
('13104816-5'),
('13127102-6'),
('13164403-5'),
('13164845-6'),
('13166555-5'),
('13169178-5'),
('13169897-6'),
('13172585-k'),
('13176516-9'),
('13180112-2'),
('13187874-5'),
('13189569-0'),
('13229854-8'),
('13230860-8'),
('13236896-1'),
('13250207-2'),
('13255996-1'),
('13257517-7'),
('13258827-9'),
('13263791-1'),
('13263940-k'),
('13269124-k'),
('13276952-4'),
('13283228-5'),
('13287555-3'),
('13287638-k'),
('13293393-6'),
('13296241-3'),
('13317341-2'),
('13322547-1'),
('13362228-4'),
('13363861-k'),
('13363944-6'),
('13372558-k'),
('13374749-4'),
('13388365-7'),
('13410580-1'),
('13411638-2'),
('13417558-3'),
('13423811-9'),
('13443180-6'),
('13448142-0'),
('13455567-k'),
('13462736-0'),
('13465574-7'),
('13466545-9'),
('13474067-1'),
('13474325-5'),
('13478959-k'),
('13490604-9'),
('13493857-9'),
('13506199-9'),
('13511651-3'),
('13529640-6'),
('13532532-5'),
('13539393-2'),
('13539789-k'),
('13543595-3'),
('13547242-5'),
('13549704-5'),
('13558917-9'),
('13565523-6'),
('13567240-8'),
('13567255-6'),
('13602705-0'),
('13622701-7'),
('13630884-k'),
('13632855-7'),
('13639690-0'),
('13648490-7'),
('13660551-8'),
('13674283-3'),
('13675794-6'),
('13686122-0'),
('13688966-4'),
('13719528-3'),
('13725066-7'),
('13742329-4'),
('13754872-0'),
('13755681-2'),
('13761711-0'),
('13790481-0'),
('13792757-8'),
('13795755-8'),
('13812346-4'),
('13822330-2'),
('13822989-0'),
('13824547-0'),
('13833729-4'),
('13834142-9'),
('13846172-6'),
('13852329-2'),
('13866551-8'),
('13886495-2'),
('13912617-3'),
('13913725-6'),
('13970857-1'),
('13979267-k'),
('13983572-7'),
('13985194-3'),
('14003611-0'),
('14004197-1'),
('14004836-4'),
('14011311-5'),
('14017776-8'),
('14041899-4'),
('14068550-k'),
('14074955-9'),
('14078233-5'),
('14134348-3'),
('14149250-0'),
('14156047-6'),
('14168155-9'),
('14197219-7'),
('14209858-k'),
('14218894-5'),
('14224136-6'),
('14225191-4'),
('14249583-k'),
('14256080-1'),
('14257703-8'),
('14275763-k'),
('14281043-3'),
('14287344-3'),
('14296021-4'),
('14305011-4'),
('14305013-0'),
('14317456-5'),
('14323291-3'),
('14335545-4'),
('14341357-8'),
('14363025-0'),
('14370588-9'),
('14379776-7');

INSERT INTO [dbo].[t_curso_establ]
           ([curso_establ_curso_id]
           ,[curso_establ_establ_id])
     VALUES
(1,1),
(2,1),
(3,1),
(4,1),
(5,1),
(6,1),
(7,1),
(8,1),
(9,1),
(10,1),
(11,1),
(12,1),
(13,1),
(14,1),
(15,1),
(16,1),
(17,1),
(18,1),
(19,1),
(20,1),
(21,1),
(22,1),
(23,1),
(24,1),
(25,1),
(26,1),
(1,2),
(2,2),
(3,2),
(4,2),
(5,2),
(6,2),
(7,2),
(8,2),
(9,2),
(10,2),
(11,2),
(12,2),
(13,2),
(14,2),
(15,2),
(16,2),
(17,2),
(18,2),
(19,2),
(20,2),
(21,2),
(22,2),
(23,2),
(24,2),
(25,2),
(26,2),
(1,3),
(2,3),
(3,3),
(4,3),
(5,3),
(6,3),
(7,3),
(8,3),
(9,3),
(10,3),
(11,3),
(12,3),
(13,3),
(14,3),
(15,3),
(16,3),
(17,3),
(18,3),
(19,3),
(20,3),
(21,3),
(22,3),
(23,3),
(24,3),
(25,3),
(26,3),
(1,4),
(2,4),
(3,4),
(4,4),
(5,4),
(6,4),
(7,4),
(8,4),
(9,4),
(10,4),
(11,4),
(12,4),
(13,4),
(14,4),
(15,4),
(16,4),
(17,4),
(18,4),
(19,4),
(20,4),
(21,4),
(22,4),
(23,4),
(24,4),
(25,4),
(26,4),
(1,5),
(2,5),
(3,5),
(4,5),
(5,5),
(6,5),
(7,5),
(8,5),
(9,5),
(10,5),
(11,5),
(12,5),
(13,5),
(14,5),
(15,5),
(16,5),
(17,5),
(18,5),
(19,5),
(20,5),
(21,5),
(22,5),
(23,5),
(24,5),
(25,5),
(26,5),
(1,6),
(2,6),
(3,6),
(4,6),
(5,6),
(6,6),
(7,6),
(8,6),
(9,6),
(10,6),
(11,6),
(12,6),
(13,6),
(14,6),
(15,6),
(16,6),
(17,6),
(18,6),
(19,6),
(20,6),
(21,6),
(22,6),
(23,6),
(24,6),
(25,6),
(26,6),
(1,7),
(2,7),
(3,7),
(4,7),
(5,7),
(6,7),
(7,7),
(8,7),
(9,7),
(10,7),
(11,7),
(12,7),
(13,7),
(14,7),
(15,7),
(16,7),
(17,7),
(18,7),
(19,7),
(20,7),
(21,7),
(22,7),
(23,7),
(24,7),
(25,7),
(26,7),
(1,8),
(2,8),
(3,8),
(4,8),
(5,8),
(6,8),
(7,8),
(8,8),
(9,8),
(10,8),
(11,8),
(12,8),
(13,8),
(14,8),
(15,8),
(16,8),
(17,8),
(18,8),
(19,8),
(20,8),
(21,8),
(22,8),
(23,8),
(24,8),
(25,8),
(26,8),
(1,9),
(2,9),
(3,9),
(4,9),
(5,9),
(6,9),
(7,9),
(8,9),
(9,9),
(10,9),
(11,9),
(12,9),
(13,9),
(14,9),
(15,9),
(16,9),
(17,9),
(18,9),
(19,9),
(20,9),
(21,9),
(22,9),
(23,9),
(24,9),
(25,9),
(26,9),
(1,10),
(2,10),
(3,10),
(4,10),
(5,10),
(6,10),
(7,10),
(8,10),
(9,10),
(10,10),
(11,10),
(12,10),
(13,10),
(14,10),
(15,10),
(16,10),
(17,10),
(18,10),
(19,10),
(20,10),
(21,10),
(22,10),
(23,10),
(24,10),
(25,10),
(26,10),
(1,11),
(2,11),
(3,11),
(4,11),
(5,11),
(6,11),
(7,11),
(8,11),
(9,11),
(10,11),
(11,11),
(12,11),
(13,11),
(14,11),
(15,11),
(16,11),
(17,11),
(18,11),
(19,11),
(20,11),
(21,11),
(22,11),
(23,11),
(24,11),
(25,11),
(26,11),
(1,12),
(2,12),
(3,12),
(4,12),
(5,12),
(6,12),
(7,12),
(8,12),
(9,12),
(10,12),
(11,12),
(12,12),
(13,12),
(14,12),
(15,12),
(16,12),
(17,12),
(18,12),
(19,12),
(20,12),
(21,12),
(22,12),
(23,12),
(24,12),
(25,12),
(26,12),
(1,12),
(2,12),
(3,12),
(4,12),
(5,12),
(6,12),
(7,12),
(8,12),
(9,12),
(10,12),
(11,12),
(12,12),
(13,12),
(14,12),
(15,12),
(16,12),
(17,12),
(18,12),
(19,12),
(20,12),
(21,12),
(22,12),
(23,12),
(24,12),
(25,12),
(26,12),
(1,13),
(2,13),
(3,13),
(4,13),
(5,13),
(6,13),
(7,13),
(8,13),
(9,13),
(10,13),
(11,13),
(12,13),
(13,13),
(14,13),
(15,13),
(16,13),
(17,13),
(18,13),
(19,13),
(20,13),
(21,13),
(22,13),
(23,13),
(24,13),
(25,13),
(26,13),
(1,14),
(2,14),
(3,14),
(4,14),
(5,14),
(6,14),
(7,14),
(8,14),
(9,14),
(10,14),
(11,14),
(12,14),
(13,14),
(14,14),
(15,14),
(16,14),
(17,14),
(18,14),
(19,14),
(20,14),
(21,14),
(22,14),
(23,14),
(24,14),
(25,14),
(26,14),
(1,15),
(2,15),
(3,15),
(4,15),
(5,15),
(6,15),
(7,15),
(8,15),
(9,15),
(10,15),
(11,15),
(12,15),
(13,15),
(14,15),
(15,15),
(16,15),
(17,15),
(18,15),
(19,15),
(20,15),
(21,15),
(22,15),
(23,15),
(24,15),
(25,15),
(26,15),
(1,16),
(2,16),
(3,16),
(4,16),
(5,16),
(6,16),
(7,16),
(8,16),
(9,16),
(10,16),
(11,16),
(12,16),
(13,16),
(14,16),
(15,16),
(16,16),
(17,16),
(18,16),
(19,16),
(20,16),
(21,16),
(22,16),
(23,16),
(24,16),
(25,16),
(26,16),
(1,17),
(2,17),
(3,17),
(4,17),
(5,17),
(6,17),
(7,17),
(8,17),
(9,17),
(10,17),
(11,17),
(12,17),
(13,17),
(14,17),
(15,17),
(16,17),
(17,17),
(18,17),
(19,17),
(20,17),
(21,17),
(22,17),
(23,17),
(24,17),
(25,17),
(26,17),
(1,18),
(2,18),
(3,18),
(4,18),
(5,18),
(6,18),
(7,18),
(8,18),
(9,18),
(10,18),
(11,18),
(12,18),
(13,18),
(14,18),
(15,18),
(16,18),
(17,18),
(18,18),
(19,18),
(20,18),
(21,18),
(22,18),
(23,18),
(24,18),
(25,18),
(26,18),
(1,20),
(2,20),
(3,20),
(4,20),
(5,20),
(6,20),
(7,20),
(8,20),
(9,20),
(10,20),
(11,20),
(12,20),
(13,20),
(14,20),
(15,20),
(16,20),
(17,20),
(18,20),
(19,20),
(20,20),
(21,20),
(22,20),
(23,20),
(24,20),
(25,20),
(26,20),
(1,21),
(2,21),
(3,21),
(4,21),
(5,21),
(6,21),
(7,21),
(8,21),
(9,21),
(10,21),
(11,21),
(12,21),
(13,21),
(14,21),
(15,21),
(16,21),
(17,21),
(18,21),
(19,21),
(20,21),
(21,21),
(22,21),
(23,21),
(24,21),
(25,21),
(26,21),
(1,22),
(2,22),
(3,22),
(4,22),
(5,22),
(6,22),
(7,22),
(8,22),
(9,22),
(10,22),
(11,22),
(12,22),
(13,22),
(14,22),
(15,22),
(16,22),
(17,22),
(18,22),
(19,22),
(20,22),
(21,22),
(22,22),
(23,22),
(24,22),
(25,22),
(26,22),
(1,19),
(2,19),
(3,19),
(4,19),
(5,19),
(6,19),
(7,19),
(8,19),
(9,19),
(10,19),
(11,19),
(12,19),
(13,19),
(14,19),
(15,19),
(16,19),
(17,19),
(18,19),
(19,19),
(20,19),
(21,19),
(22,19),
(23,19),
(24,19),
(25,19),
(26,19);

INSERT INTO [dbo].[t_docente_curso]
           ([docente_curso_fecha_inicio]
           ,[docente_cuso_fecha_fin]
           ,[docente_curso_establ_id]
           ,[docente_curso_docente_id])
     VALUES
('2038-12-8','2015-4-24',1,1),
('2028-5-2','2012-4-25',2,2),
('2033-8-11','2009-9-23',3,3),
('2035-8-19','2006-8-25',4,4),
('2025-3-18','2020-12-1',5,5),
('2040-6-9','2004-12-13',6,6),
('2034-7-18','2019-10-4',7,7),
('2039-6-12','2008-2-13',8,8),
('2037-3-10','2002-10-9',9,9),
('2039-11-13','2016-11-20',10,10),
('2030-4-14','2012-6-9',11,11),
('2028-11-20','2012-9-1',12,12),
('2033-9-8','2020-3-3',13,13),
('2038-4-23','2001-7-11',14,14),
('2023-5-2','2001-8-15',15,15),
('2023-2-2','2017-11-19',16,16),
('2033-7-27','2014-10-21',17,17),
('2025-1-4','2003-2-18',18,18),
('2035-5-26','2015-7-7',19,19),
('2027-6-25','2014-11-4',20,20),
('2022-6-23','2021-2-27',21,21),
('2038-5-9','2000-4-2',22,22),
('2024-7-16','2012-1-8',23,23),
('2024-7-4','2014-9-10',24,24),
('2034-6-15','2002-3-6',25,25),
('2025-2-24','2006-11-13',26,26),
('2036-3-8','2020-4-17',27,27),
('2023-4-27','2013-2-10',28,28),
('2036-5-24','2001-8-23',29,29),
('2022-7-3','2008-2-20',30,30),
('2034-6-13','2010-3-15',31,31),
('2024-4-19','2010-4-9',32,32),
('2030-12-13','2006-8-4',33,33),
('2034-8-17','2002-12-5',34,34),
('2033-6-15','2013-8-9',35,35),
('2027-12-14','2012-2-13',36,36),
('2024-7-22','2022-3-6',37,37),
('2026-6-22','2003-8-20',38,38),
('2029-6-12','2003-2-12',39,39),
('2022-10-7','2003-5-23',40,40),
('2025-3-20','2017-9-22',41,41),
('2040-7-20','2001-9-22',42,42),
('2036-7-11','2002-10-12',43,43),
('2040-1-22','2010-5-20',44,44),
('2034-4-23','2006-9-21',45,45),
('2026-8-7','2017-10-8',46,46),
('2034-7-21','2000-9-15',47,47),
('2032-3-2','2017-11-27',48,48),
('2034-1-8','2019-2-24',49,49),
('2040-4-5','2015-1-3',50,50),
('2028-11-14','2018-11-21',51,51),
('2028-10-14','2003-2-13',52,52),
('2027-11-3','2020-5-7',53,53),
('2035-4-12','2001-3-23',54,54),
('2040-7-16','2021-7-27',55,55),
('2038-9-12','2005-10-16',56,56),
('2033-9-25','2011-5-12',57,57),
('2036-6-9','2019-9-8',58,58),
('2031-2-12','2011-10-10',59,59),
('2029-4-12','2006-2-17',60,60),
('2039-5-16','2002-10-16',61,61),
('2035-8-26','2022-6-16',62,62),
('2034-12-26','2003-9-20',63,63),
('2035-9-25','2021-6-11',64,64),
('2023-10-3','2016-11-25',65,65),
('2026-5-17','2007-11-1',66,66),
('2038-4-7','2009-9-26',67,67),
('2037-5-17','2018-2-20',68,68),
('2040-9-8','2006-6-15',69,69),
('2038-9-22','2008-10-23',70,70),
('2028-11-13','2000-4-3',71,71),
('2030-12-25','2001-12-14',72,72),
('2032-7-26','2017-8-5',73,73),
('2040-8-11','2008-5-22',74,74),
('2035-5-17','2004-11-27',75,75),
('2028-9-22','2001-12-19',76,76),
('2035-6-17','2019-6-18',77,77),
('2035-9-18','2004-4-19',78,78),
('2038-4-27','2004-11-5',79,79),
('2030-8-8','2022-7-21',80,80),
('2022-7-4','2011-11-9',81,81),
('2023-10-7','2020-7-23',82,82),
('2032-2-3','2007-8-11',83,83),
('2026-4-18','2017-8-24',84,84),
('2032-12-27','2010-2-27',85,85),
('2033-10-13','2007-10-2',86,86),
('2028-6-6','2008-7-9',87,87),
('2026-1-25','2012-9-7',88,88),
('2032-6-16','2018-9-10',89,89),
('2027-10-4','2019-9-21',90,90),
('2022-8-14','2019-11-15',91,91),
('2032-4-8','2011-6-19',92,92),
('2032-2-18','2007-5-2',93,93),
('2037-2-21','2009-10-15',94,94),
('2026-10-4','2006-2-7',95,95),
('2025-6-20','2007-11-26',96,96),
('2036-1-5','2013-9-21',97,97),
('2040-9-19','2003-7-5',98,98),
('2035-6-22','2009-7-25',99,99),
('2026-10-8','2000-3-16',100,100),
('2034-3-2','2004-4-5',101,101),
('2024-2-4','2005-11-5',102,102),
('2028-8-6','2008-6-3',103,103),
('2035-10-5','2012-8-13',104,104),
('2029-3-7','2007-8-6',105,105),
('2038-6-18','2000-3-8',106,106),
('2037-2-25','2020-10-24',107,107),
('2037-9-10','2015-9-19',108,108),
('2033-7-9','2007-9-19',109,109),
('2034-9-9','2011-8-15',110,110),
('2036-12-11','2016-10-2',111,111),
('2031-4-27','2019-6-18',112,112),
('2024-4-19','2019-5-20',113,113),
('2025-7-10','2008-8-12',114,114),
('2027-1-5','2016-2-10',115,115),
('2031-7-13','2007-10-21',116,116),
('2024-8-27','2011-4-27',117,117),
('2023-11-23','2006-2-23',118,118),
('2031-4-21','2004-9-9',119,119),
('2034-1-26','2003-11-10',120,120),
('2028-11-26','2021-10-11',121,121),
('2026-3-25','2006-12-6',122,122),
('2029-12-18','2017-8-2',123,123),
('2030-7-27','2009-6-18',124,124),
('2023-9-19','2006-7-12',125,125),
('2026-2-20','2009-6-19',126,126),
('2030-4-26','2016-7-25',127,127),
('2030-6-14','2009-10-15',128,128),
('2038-5-12','2011-4-8',129,129),
('2025-9-20','2001-4-21',130,130),
('2025-4-22','2007-2-10',131,131),
('2022-1-15','2005-3-4',132,132),
('2033-8-13','2015-4-18',133,133),
('2030-2-6','2011-4-24',134,134),
('2023-6-15','2013-12-10',135,135),
('2037-7-22','2001-6-25',136,136),
('2040-1-25','2012-1-18',137,137),
('2034-5-27','2014-3-21',138,138),
('2040-3-6','2004-1-27',139,139),
('2024-4-10','2019-8-2',140,140),
('2025-4-23','2014-8-18',141,141),
('2025-1-22','2017-6-2',142,142),
('2036-1-27','2003-6-4',143,143),
('2022-8-20','2002-1-24',144,144),
('2024-9-4','2012-7-27',145,145),
('2022-7-8','2022-6-12',146,146),
('2031-9-9','2004-1-22',147,147),
('2040-2-18','2014-11-27',148,148),
('2029-10-25','2004-4-5',149,149),
('2028-2-14','2010-3-4',150,150),
('2023-2-22','2020-7-27',151,151),
('2037-4-4','2006-5-2',152,152),
('2032-5-14','2021-4-8',153,153),
('2025-10-24','2022-11-19',154,154),
('2025-3-2','2001-11-15',155,155),
('2030-1-5','2020-4-25',156,156),
('2039-2-25','2017-2-9',157,157),
('2031-12-4','2001-5-24',158,158),
('2038-8-9','2009-11-6',159,159),
('2029-12-9','2013-11-15',160,160),
('2024-6-6','2002-12-17',161,161),
('2025-10-15','2007-10-25',162,162),
('2040-1-22','2005-11-24',163,163),
('2025-11-20','2017-7-9',164,164),
('2030-12-19','2002-12-7',165,165),
('2037-6-7','2006-10-4',166,166),
('2033-1-5','2014-6-4',167,167),
('2033-12-1','2015-6-27',168,168),
('2028-6-25','2004-4-19',169,169),
('2024-9-21','2006-7-24',170,170),
('2040-1-12','2016-3-26',171,171),
('2032-4-17','2004-12-25',172,172),
('2032-4-20','2019-7-14',173,173),
('2029-10-24','2014-10-4',174,174),
('2026-7-6','2018-11-27',175,175),
('2038-1-10','2019-3-8',176,176),
('2028-4-24','2010-1-22',177,177),
('2036-11-4','2001-6-4',178,178),
('2027-2-13','2017-10-6',179,179),
('2027-6-22','2015-10-4',180,180),
('2040-7-20','2008-4-5',181,181),
('2036-3-27','2018-2-22',182,182),
('2024-8-14','2005-1-22',183,183),
('2028-4-2','2009-3-19',184,184),
('2031-7-21','2003-1-10',185,185),
('2025-2-4','2003-8-24',186,186),
('2030-2-15','2020-9-20',187,187),
('2022-3-25','2021-3-3',188,188),
('2038-10-6','2013-2-12',189,189),
('2029-7-27','2014-8-19',190,190),
('2031-1-10','2019-1-22',191,191),
('2025-9-17','2016-6-15',192,192),
('2032-2-6','2004-5-22',193,193),
('2040-9-9','2001-12-15',194,194),
('2034-11-8','2012-12-16',195,195),
('2024-10-18','2013-12-21',196,196),
('2023-7-27','2001-4-27',197,197),
('2034-1-23','2000-2-26',198,198),
('2024-4-6','2002-6-8',199,199),
('2039-11-9','2015-8-3',200,200),
('2026-8-5','2004-12-21',201,201),
('2038-12-26','2022-8-1',202,202),
('2029-8-14','2012-9-16',203,203),
('2033-8-25','2001-11-21',204,204),
('2040-4-27','2016-8-19',205,205),
('2027-12-6','2003-6-5',206,206),
('2035-8-15','2007-5-26',207,207),
('2036-2-13','2017-12-1',208,208),
('2032-4-25','2022-11-13',209,209),
('2029-9-2','2012-8-6',210,210),
('2037-1-17','2008-11-16',211,211),
('2033-10-18','2019-3-13',212,212),
('2034-7-23','2011-8-6',213,213),
('2031-2-5','2018-12-3',214,214),
('2032-3-18','2004-9-27',215,215),
('2027-10-12','2012-2-9',216,216),
('2024-12-15','2005-12-15',217,217),
('2037-11-22','2013-12-19',218,218),
('2037-10-2','2007-10-7',219,219),
('2023-12-22','2013-7-16',220,220),
('2038-12-20','2008-1-27',221,221),
('2036-4-2','2003-4-18',222,222),
('2035-12-12','2019-11-22',223,223),
('2031-6-27','2022-6-8',224,224),
('2040-10-13','2001-1-22',225,225),
('2025-3-7','2010-7-23',226,226),
('2032-2-11','2014-5-26',227,227),
('2025-11-15','2005-5-21',228,228),
('2025-8-3','2006-9-8',229,229),
('2030-3-9','2006-3-17',230,230),
('2023-5-13','2015-2-2',231,231),
('2026-2-7','2002-11-23',232,232),
('2038-5-3','2016-10-23',233,233),
('2025-4-27','2015-5-23',234,234),
('2037-6-7','2015-11-21',235,235),
('2023-5-24','2007-6-13',236,236),
('2038-7-26','2014-5-1',237,237),
('2036-11-16','2012-8-10',238,238),
('2022-6-17','2000-4-2',239,239),
('2038-10-21','2016-4-24',240,240),
('2036-5-21','2010-5-27',241,241),
('2030-6-9','2021-10-18',242,242),
('2032-2-12','2012-10-23',243,243),
('2025-10-26','2014-1-3',244,244),
('2023-4-24','2011-10-10',245,245),
('2040-5-14','2015-3-11',246,246),
('2033-4-24','2001-1-13',247,247),
('2024-2-5','2009-5-22',248,248),
('2030-1-26','2020-8-23',249,249),
('2031-9-17','2005-11-15',250,250),
('2039-5-23','2012-3-24',251,251),
('2028-9-4','2004-8-2',252,252),
('2027-3-13','2018-11-21',253,253),
('2038-4-18','2003-1-7',254,254),
('2027-5-26','2017-10-6',255,255),
('2026-7-11','2007-2-22',256,256),
('2036-2-18','2020-12-10',257,257),
('2031-4-8','2017-7-8',258,258),
('2030-6-13','2021-1-14',259,259),
('2038-9-24','2011-1-9',260,260),
('2032-6-25','2003-2-26',261,261),
('2028-3-12','2021-1-26',262,262),
('2031-2-1','2014-8-13',263,263),
('2040-1-21','2004-8-17',264,264),
('2032-8-12','2012-1-11',265,265),
('2030-9-2','2018-7-5',266,266),
('2040-2-11','2006-4-16',267,267),
('2029-10-20','2000-9-25',268,268),
('2029-5-18','2002-9-13',269,269),
('2032-12-3','2007-2-6',270,270),
('2030-1-13','2002-10-25',271,271),
('2026-3-24','2018-7-8',272,272),
('2039-6-26','2006-4-13',273,273),
('2040-6-5','2007-5-8',274,274),
('2031-7-9','2001-10-7',275,275),
('2039-8-23','2009-11-23',276,276),
('2030-7-1','2005-10-27',277,277),
('2034-3-14','2016-9-3',278,278),
('2036-8-13','2014-1-24',279,279),
('2035-6-5','2014-2-25',280,280),
('2032-11-5','2002-1-1',281,281),
('2038-1-11','2011-11-7',282,282),
('2034-9-19','2015-4-12',283,283),
('2029-11-3','2015-12-18',284,284),
('2028-12-22','2013-1-11',285,285),
('2023-6-20','2020-8-7',286,286),
('2038-9-27','2007-9-20',287,287),
('2036-11-22','2022-12-26',288,288),
('2035-1-3','2010-2-27',289,289),
('2023-2-7','2007-7-2',290,290),
('2022-12-7','2002-8-23',291,291),
('2026-12-14','2004-3-21',292,292),
('2031-5-7','2018-10-3',293,293),
('2033-8-14','2011-7-24',294,294),
('2038-8-23','2001-11-16',295,295),
('2022-10-14','2001-2-20',296,296),
('2032-6-22','2008-6-2',297,297),
('2035-6-20','2014-10-2',298,298),
('2038-1-2','2013-4-13',299,299),
('2030-10-4','2002-7-8',300,300),
('2024-12-6','2014-6-23',301,301),
('2032-9-8','2001-6-15',302,302),
('2023-6-27','2015-10-7',303,303),
('2031-5-4','2000-6-13',304,304),
('2028-5-4','2012-11-26',305,305),
('2023-10-8','2009-11-25',306,306),
('2039-3-4','2004-1-10',307,307),
('2034-1-17','2005-5-15',308,308),
('2027-10-4','2022-2-1',309,309),
('2040-3-25','2008-11-27',310,310),
('2040-8-8','2010-8-3',311,311),
('2022-3-15','2007-1-1',312,312),
('2032-6-14','2014-8-25',313,313),
('2030-11-12','2001-11-10',314,314),
('2031-8-20','2001-3-27',315,315),
('2028-5-2','2013-4-27',316,316),
('2034-3-8','2015-12-9',317,317),
('2025-9-7','2000-7-24',318,318),
('2025-5-4','2000-9-12',319,319),
('2030-1-5','2018-5-10',320,320),
('2023-7-18','2004-7-25',321,321),
('2035-6-8','2019-4-12',322,322),
('2030-3-20','2008-3-11',323,323),
('2022-6-7','2020-12-18',324,324),
('2023-6-21','2018-6-25',325,325),
('2032-12-11','2007-3-7',326,326),
('2037-8-10','2002-6-12',327,327),
('2023-1-21','2003-12-23',328,328),
('2026-11-5','2014-3-21',329,329),
('2033-6-8','2012-6-1',330,330),
('2029-5-8','2010-1-20',331,331),
('2023-1-9','2001-10-1',332,332),
('2024-3-16','2003-11-1',333,333),
('2022-3-21','2002-11-7',334,334),
('2031-2-5','2009-2-7',335,335),
('2025-8-1','2014-5-15',336,336),
('2035-11-23','2004-10-8',337,337),
('2036-8-5','2015-5-7',338,338),
('2022-6-13','2013-4-12',339,339),
('2028-9-27','2000-12-13',340,340),
('2025-7-4','2013-7-1',341,341),
('2027-1-16','2007-8-11',342,342),
('2026-6-4','2019-11-23',343,343),
('2030-3-21','2003-3-24',344,344),
('2032-11-11','2019-5-13',345,345),
('2027-5-2','2020-4-11',346,346),
('2039-9-14','2008-8-23',347,347),
('2030-2-14','2012-12-27',348,348),
('2027-1-14','2016-8-25',349,349),
('2026-4-2','2011-1-14',350,350),
('2039-11-7','2000-8-7',351,351),
('2040-5-24','2019-11-22',352,352),
('2039-1-9','2009-3-15',353,353),
('2026-8-10','2011-11-4',354,354),
('2024-7-1','2002-1-2',355,355),
('2022-8-21','2004-7-16',356,356),
('2022-4-16','2017-3-3',357,357),
('2035-7-10','2012-5-9',358,358),
('2027-1-7','2004-10-7',359,359),
('2025-11-6','2002-12-8',360,360),
('2030-11-13','2000-2-12',361,361),
('2036-12-3','2000-3-24',362,362),
('2028-9-21','2005-2-12',363,363),
('2040-4-24','2022-10-21',364,364),
('2023-12-13','2014-12-7',365,365),
('2040-7-26','2021-8-5',366,366),
('2030-11-24','2007-10-2',367,367),
('2023-1-22','2017-10-2',368,368),
('2025-3-24','2020-9-25',369,369),
('2037-5-14','2007-4-21',370,370),
('2030-12-23','2009-5-17',371,371),
('2022-1-14','2000-11-23',372,372),
('2037-12-20','2010-2-15',373,373),
('2027-8-19','2012-10-23',374,374),
('2036-7-11','2021-6-2',375,375),
('2039-8-23','2010-12-11',376,376),
('2037-6-11','2003-6-16',377,377),
('2036-7-7','2007-1-14',378,378),
('2029-5-11','2003-12-17',379,379),
('2027-8-11','2000-4-27',380,380),
('2029-11-2','2011-5-23',381,381),
('2039-5-23','2021-6-6',382,382),
('2032-4-8','2007-3-4',383,383),
('2039-8-21','2002-12-18',384,384),
('2035-6-24','2011-7-16',385,385),
('2033-6-10','2000-9-16',386,386),
('2031-9-8','2005-7-6',387,387),
('2038-7-18','2008-4-10',388,388),
('2035-8-17','2012-6-13',389,389),
('2032-2-3','2016-9-21',390,390),
('2040-6-4','2001-9-14',391,391),
('2033-6-14','2016-9-2',392,392),
('2029-3-6','2006-11-13',393,393),
('2022-7-6','2007-8-24',394,394),
('2037-9-25','2009-4-4',395,395),
('2038-6-8','2004-2-1',396,396),
('2032-11-13','2006-1-19',397,397),
('2024-10-19','2004-7-23',398,398),
('2022-10-3','2005-1-10',399,399),
('2028-2-5','2008-8-23',400,400),
('2025-3-6','2012-6-6',401,401),
('2027-1-14','2016-8-25',402,1),
('2026-4-2','2011-1-14',403,2),
('2039-11-7','2000-8-7',404,3),
('2040-5-24','2019-11-22',405,4),
('2039-1-9','2009-3-15',406,5),
('2026-8-10','2011-11-4',407,6),
('2024-7-1','2002-1-2',408,7),
('2022-8-21','2004-7-16',409,8),
('2022-4-16','2017-3-3',410,9),
('2035-7-10','2012-5-9',411,10),
('2027-1-7','2004-10-7',412,11),
('2025-11-6','2002-12-8',413,12),
('2030-11-13','2000-2-12',414,13),
('2036-12-3','2000-3-24',415,14),
('2028-9-21','2005-2-12',416,15),
('2040-4-24','2022-10-21',417,16),
('2023-12-13','2014-12-7',418,17),
('2040-7-26','2021-8-5',419,18),
('2030-11-24','2007-10-2',420,19),
('2023-1-22','2017-10-2',421,20),
('2025-3-24','2020-9-25',422,21),
('2037-5-14','2007-4-21',423,22),
('2030-12-23','2009-5-17',424,23),
('2022-1-14','2000-11-23',425,24),
('2037-12-20','2010-2-15',426,25),
('2027-8-19','2012-10-23',427,26),
('2036-7-11','2021-6-2',428,27),
('2039-8-23','2010-12-11',429,28),
('2037-6-11','2003-6-16',430,29),
('2036-7-7','2007-1-14',431,30),
('2029-5-11','2003-12-17',432,31),
('2027-8-11','2000-4-27',433,32),
('2029-11-2','2011-5-23',434,33),
('2039-5-23','2021-6-6',435,34),
('2032-4-8','2007-3-4',436,35),
('2039-8-21','2002-12-18',437,36),
('2035-6-24','2011-7-16',438,37),
('2033-6-10','2000-9-16',439,38),
('2031-9-8','2005-7-6',440,39),
('2038-7-18','2008-4-10',441,40),
('2035-8-17','2012-6-13',442,41),
('2032-2-3','2016-9-21',443,42),
('2040-6-4','2001-9-14',444,43),
('2033-6-14','2016-9-2',445,44),
('2029-3-6','2006-11-13',446,45),
('2022-7-6','2007-8-24',447,46),
('2037-9-25','2009-4-4',448,47),
('2038-6-8','2004-2-1',449,48),
('2032-11-13','2006-1-19',450,49),
('2024-10-19','2004-7-23',451,50),
('2022-10-3','2005-1-10',452,51),
('2028-2-5','2008-8-23',453,52),
('2025-3-6','2012-6-6',454,53),
('2027-1-14','2016-8-25',455,54),
('2026-4-2','2011-1-14',456,55),
('2039-11-7','2000-8-7',457,56),
('2040-5-24','2019-11-22',458,57),
('2039-1-9','2009-3-15',459,58),
('2026-8-10','2011-11-4',460,59),
('2024-7-1','2002-1-2',461,60),
('2022-8-21','2004-7-16',462,61),
('2022-4-16','2017-3-3',463,62),
('2035-7-10','2012-5-9',464,63),
('2027-1-7','2004-10-7',465,64),
('2025-11-6','2002-12-8',466,65),
('2030-11-13','2000-2-12',467,66),
('2036-12-3','2000-3-24',468,67),
('2028-9-21','2005-2-12',469,68),
('2040-4-24','2022-10-21',470,69),
('2023-12-13','2014-12-7',471,70),
('2040-7-26','2021-8-5',472,71),
('2030-11-24','2007-10-2',473,72),
('2023-1-22','2017-10-2',474,73),
('2025-3-24','2020-9-25',475,74),
('2037-5-14','2007-4-21',476,75),
('2030-12-23','2009-5-17',477,76),
('2022-1-14','2000-11-23',478,77),
('2037-12-20','2010-2-15',479,78),
('2027-8-19','2012-10-23',480,79),
('2036-7-11','2021-6-2',481,80),
('2039-8-23','2010-12-11',482,81),
('2037-6-11','2003-6-16',483,82),
('2036-7-7','2007-1-14',484,83),
('2029-5-11','2003-12-17',485,84),
('2027-8-11','2000-4-27',486,85),
('2029-11-2','2011-5-23',487,86),
('2039-5-23','2021-6-6',488,87),
('2032-4-8','2007-3-4',489,88),
('2039-8-21','2002-12-18',490,89),
('2035-6-24','2011-7-16',491,90),
('2033-6-10','2000-9-16',492,91),
('2031-9-8','2005-7-6',493,92),
('2038-7-18','2008-4-10',494,93),
('2035-8-17','2012-6-13',495,94),
('2032-2-3','2016-9-21',496,95),
('2040-6-4','2001-9-14',497,96),
('2033-6-14','2016-9-2',498,97),
('2029-3-6','2006-11-13',499,98),
('2022-7-6','2007-8-24',500,99),
('2037-9-25','2009-4-4',501,100),
('2038-6-8','2004-2-1',502,101),
('2032-11-13','2006-1-19',503,102),
('2024-10-19','2004-7-23',504,103),
('2022-10-3','2005-1-10',505,104),
('2028-2-5','2008-8-23',506,105),
('2025-3-6','2012-6-6',507,106),
('2027-1-14','2016-8-25',508,107),
('2026-4-2','2011-1-14',509,108),
('2039-11-7','2000-8-7',510,109),
('2040-5-24','2019-11-22',511,110),
('2039-1-9','2009-3-15',512,111),
('2026-8-10','2011-11-4',513,112),
('2024-7-1','2002-1-2',514,113),
('2022-8-21','2004-7-16',515,114),
('2022-4-16','2017-3-3',516,115),
('2035-7-10','2012-5-9',517,116),
('2027-1-7','2004-10-7',518,117),
('2025-11-6','2002-12-8',519,118),
('2030-11-13','2000-2-12',520,119),
('2036-12-3','2000-3-24',521,120),
('2028-9-21','2005-2-12',522,121),
('2040-4-24','2022-10-21',523,122),
('2023-12-13','2014-12-7',524,123),
('2040-7-26','2021-8-5',525,124),
('2030-11-24','2007-10-2',526,125),
('2023-1-22','2017-10-2',527,126),
('2025-3-24','2020-9-25',528,127),
('2037-5-14','2007-4-21',529,128),
('2030-12-23','2009-5-17',530,129),
('2022-1-14','2000-11-23',531,130),
('2037-12-20','2010-2-15',532,131),
('2027-8-19','2012-10-23',533,132),
('2036-7-11','2021-6-2',534,133),
('2039-8-23','2010-12-11',535,134),
('2037-6-11','2003-6-16',536,135),
('2036-7-7','2007-1-14',537,136),
('2029-5-11','2003-12-17',538,137),
('2027-8-11','2000-4-27',539,138),
('2029-11-2','2011-5-23',540,139),
('2039-5-23','2021-6-6',541,140),
('2032-4-8','2007-3-4',542,141),
('2039-8-21','2002-12-18',543,142),
('2035-6-24','2011-7-16',544,143),
('2033-6-10','2000-9-16',545,144),
('2031-9-8','2005-7-6',546,145),
('2038-7-18','2008-4-10',547,146),
('2035-8-17','2012-6-13',548,147),
('2032-2-3','2016-9-21',549,148),
('2040-6-4','2001-9-14',550,149),
('2033-6-14','2016-9-2',551,150),
('2029-3-6','2006-11-13',552,151),
('2022-7-6','2007-8-24',553,152),
('2037-9-25','2009-4-4',554,153),
('2038-6-8','2004-2-1',555,154),
('2032-11-13','2006-1-19',556,155),
('2024-10-19','2004-7-23',557,156),
('2022-10-3','2005-1-10',558,157),
('2028-2-5','2008-8-23',559,158),
('2025-3-6','2012-6-6',560,159),
('2027-1-14','2016-8-25',561,160),
('2026-4-2','2011-1-14',562,161),
('2039-11-7','2000-8-7',563,162),
('2040-5-24','2019-11-22',564,163),
('2039-1-9','2009-3-15',565,164),
('2026-8-10','2011-11-4',566,165),
('2024-7-1','2002-1-2',567,166),
('2022-8-21','2004-7-16',568,167),
('2022-4-16','2017-3-3',569,168),
('2035-7-10','2012-5-9',570,169),
('2027-1-7','2004-10-7',571,170),
('2025-11-6','2002-12-8',572,171),
('2030-11-13','2000-2-12',573,172),
('2036-12-3','2000-3-24',574,173),
('2028-9-21','2005-2-12',575,174),
('2040-4-24','2022-10-21',576,175),
('2023-12-13','2014-12-7',577,176),
('2040-7-26','2021-8-5',578,177),
('2030-11-24','2007-10-2',579,178),
('2023-1-22','2017-10-2',580,179),
('2025-3-24','2020-9-25',581,180),
('2037-5-14','2007-4-21',582,181),
('2030-12-23','2009-5-17',583,182),
('2022-1-14','2000-11-23',584,183),
('2037-12-20','2010-2-15',585,184),
('2027-8-19','2012-10-23',586,185),
('2036-7-11','2021-6-2',587,186),
('2039-8-23','2010-12-11',588,187),
('2037-6-11','2003-6-16',589,188),
('2036-7-7','2007-1-14',590,189),
('2029-5-11','2003-12-17',591,190),
('2027-8-11','2000-4-27',592,191),
('2029-11-2','2011-5-23',593,192),
('2039-5-23','2021-6-6',594,193),
('2032-4-8','2007-3-4',595,194),
('2039-8-21','2002-12-18',596,195),
('2035-6-24','2011-7-16',597,196),
('2033-6-10','2000-9-16',598,197);

INSERT INTO [dbo].[t_asignatura_docente]
           ([asignatura_doc_fin]
           ,[asignatura_doc_inicio]
           ,[asignatura_doc_asignatura_id]
           ,[asignatura_doc_docente_establ_id])
     VALUES
('2038-12-8','2015-4-24',13,1),
('2028-5-2','2012-4-25',14,2),
('2033-8-11','2009-9-23',9,3),
('2035-8-19','2006-8-25',7,4),
('2025-3-18','2020-12-1',11,5),
('2040-6-9','2004-12-13',12,6),
('2034-7-18','2019-10-4',2,7),
('2039-6-12','2008-2-13',12,8),
('2037-3-10','2002-10-9',12,9),
('2039-11-13','2016-11-20',1,10),
('2030-4-14','2012-6-9',14,11),
('2028-11-20','2012-9-1',4,12),
('2033-9-8','2020-3-3',6,13),
('2038-4-23','2001-7-11',12,14),
('2023-5-2','2001-8-15',13,15),
('2023-2-2','2017-11-19',7,16),
('2033-7-27','2014-10-21',7,17),
('2025-1-4','2003-2-18',4,18),
('2035-5-26','2015-7-7',10,19),
('2027-6-25','2014-11-4',9,20),
('2022-6-23','2021-2-27',7,21),
('2038-5-9','2000-4-2',11,22),
('2024-7-16','2012-1-8',6,23),
('2024-7-4','2014-9-10',10,24),
('2034-6-15','2002-3-6',11,25),
('2025-2-24','2006-11-13',14,26),
('2036-3-8','2020-4-17',1,27),
('2023-4-27','2013-2-10',12,28),
('2036-5-24','2001-8-23',6,29),
('2022-7-3','2008-2-20',3,30),
('2034-6-13','2010-3-15',4,31),
('2024-4-19','2010-4-9',11,32),
('2030-12-13','2006-8-4',9,33),
('2034-8-17','2002-12-5',12,34),
('2033-6-15','2013-8-9',3,35),
('2027-12-14','2012-2-13',9,36),
('2024-7-22','2022-3-6',9,37),
('2026-6-22','2003-8-20',7,38),
('2029-6-12','2003-2-12',14,39),
('2022-10-7','2003-5-23',6,40),
('2025-3-20','2017-9-22',2,41),
('2040-7-20','2001-9-22',11,42),
('2036-7-11','2002-10-12',7,43),
('2040-1-22','2010-5-20',9,44),
('2034-4-23','2006-9-21',10,45),
('2026-8-7','2017-10-8',7,46),
('2034-7-21','2000-9-15',5,47),
('2032-3-2','2017-11-27',7,48),
('2034-1-8','2019-2-24',5,49),
('2040-4-5','2015-1-3',4,50),
('2028-11-14','2018-11-21',5,51),
('2028-10-14','2003-2-13',1,52),
('2027-11-3','2020-5-7',13,53),
('2035-4-12','2001-3-23',10,54),
('2040-7-16','2021-7-27',11,55),
('2038-9-12','2005-10-16',8,56),
('2033-9-25','2011-5-12',5,57),
('2036-6-9','2019-9-8',2,58),
('2031-2-12','2011-10-10',11,59),
('2029-4-12','2006-2-17',6,60),
('2039-5-16','2002-10-16',4,61),
('2035-8-26','2022-6-16',6,62),
('2034-12-26','2003-9-20',1,63),
('2035-9-25','2021-6-11',11,64),
('2023-10-3','2016-11-25',2,65),
('2026-5-17','2007-11-1',5,66),
('2038-4-7','2009-9-26',12,67),
('2037-5-17','2018-2-20',13,68),
('2040-9-8','2006-6-15',2,69),
('2038-9-22','2008-10-23',1,70),
('2028-11-13','2000-4-3',2,71),
('2030-12-25','2001-12-14',1,72),
('2032-7-26','2017-8-5',13,73),
('2040-8-11','2008-5-22',6,74),
('2035-5-17','2004-11-27',4,75),
('2028-9-22','2001-12-19',5,76),
('2035-6-17','2019-6-18',6,77),
('2035-9-18','2004-4-19',9,78),
('2038-4-27','2004-11-5',4,79),
('2030-8-8','2022-7-21',5,80),
('2022-7-4','2011-11-9',6,81),
('2023-10-7','2020-7-23',13,82),
('2032-2-3','2007-8-11',12,83),
('2026-4-18','2017-8-24',3,84),
('2032-12-27','2010-2-27',1,85),
('2033-10-13','2007-10-2',7,86),
('2028-6-6','2008-7-9',9,87),
('2026-1-25','2012-9-7',10,88),
('2032-6-16','2018-9-10',7,89),
('2027-10-4','2019-9-21',10,90),
('2022-8-14','2019-11-15',8,91),
('2032-4-8','2011-6-19',5,92),
('2032-2-18','2007-5-2',1,93),
('2037-2-21','2009-10-15',3,94),
('2026-10-4','2006-2-7',3,95),
('2025-6-20','2007-11-26',4,96),
('2036-1-5','2013-9-21',7,97),
('2040-9-19','2003-7-5',9,98),
('2035-6-22','2009-7-25',6,99),
('2026-10-8','2000-3-16',14,100),
('2034-3-2','2004-4-5',5,101),
('2024-2-4','2005-11-5',7,102),
('2028-8-6','2008-6-3',8,103),
('2035-10-5','2012-8-13',3,104),
('2029-3-7','2007-8-6',13,105),
('2038-6-18','2000-3-8',5,106),
('2037-2-25','2020-10-24',2,107),
('2037-9-10','2015-9-19',6,108),
('2033-7-9','2007-9-19',1,109),
('2034-9-9','2011-8-15',14,110),
('2036-12-11','2016-10-2',13,111),
('2031-4-27','2019-6-18',3,112),
('2024-4-19','2019-5-20',11,113),
('2025-7-10','2008-8-12',7,114),
('2027-1-5','2016-2-10',9,115),
('2031-7-13','2007-10-21',5,116),
('2024-8-27','2011-4-27',8,117),
('2023-11-23','2006-2-23',8,118),
('2031-4-21','2004-9-9',13,119),
('2034-1-26','2003-11-10',1,120),
('2028-11-26','2021-10-11',14,121),
('2026-3-25','2006-12-6',5,122),
('2029-12-18','2017-8-2',13,123),
('2030-7-27','2009-6-18',11,124),
('2023-9-19','2006-7-12',12,125),
('2026-2-20','2009-6-19',8,126),
('2030-4-26','2016-7-25',7,127),
('2030-6-14','2009-10-15',7,128),
('2038-5-12','2011-4-8',11,129),
('2025-9-20','2001-4-21',11,130),
('2025-4-22','2007-2-10',9,131),
('2022-1-15','2005-3-4',8,132),
('2033-8-13','2015-4-18',11,133),
('2030-2-6','2011-4-24',8,134),
('2023-6-15','2013-12-10',12,135),
('2037-7-22','2001-6-25',11,136),
('2040-1-25','2012-1-18',1,137),
('2034-5-27','2014-3-21',11,138),
('2040-3-6','2004-1-27',6,139),
('2024-4-10','2019-8-2',9,140),
('2025-4-23','2014-8-18',2,141),
('2025-1-22','2017-6-2',10,142),
('2036-1-27','2003-6-4',6,143),
('2022-8-20','2002-1-24',13,144),
('2024-9-4','2012-7-27',11,145),
('2022-7-8','2022-6-12',14,146),
('2031-9-9','2004-1-22',6,147),
('2040-2-18','2014-11-27',11,148),
('2029-10-25','2004-4-5',2,149),
('2028-2-14','2010-3-4',1,150),
('2023-2-22','2020-7-27',13,151),
('2037-4-4','2006-5-2',2,152),
('2032-5-14','2021-4-8',11,153),
('2025-10-24','2022-11-19',12,154),
('2025-3-2','2001-11-15',2,155),
('2030-1-5','2020-4-25',11,156),
('2039-2-25','2017-2-9',8,157),
('2031-12-4','2001-5-24',4,158),
('2038-8-9','2009-11-6',6,159),
('2029-12-9','2013-11-15',8,160),
('2024-6-6','2002-12-17',10,161),
('2025-10-15','2007-10-25',11,162),
('2040-1-22','2005-11-24',9,163),
('2025-11-20','2017-7-9',2,164),
('2030-12-19','2002-12-7',10,165),
('2037-6-7','2006-10-4',7,166),
('2033-1-5','2014-6-4',11,167),
('2033-12-1','2015-6-27',11,168),
('2028-6-25','2004-4-19',7,169),
('2024-9-21','2006-7-24',14,170),
('2040-1-12','2016-3-26',8,171),
('2032-4-17','2004-12-25',13,172),
('2032-4-20','2019-7-14',13,173),
('2029-10-24','2014-10-4',4,174),
('2026-7-6','2018-11-27',7,175),
('2038-1-10','2019-3-8',12,176),
('2028-4-24','2010-1-22',11,177),
('2036-11-4','2001-6-4',4,178),
('2027-2-13','2017-10-6',7,179),
('2027-6-22','2015-10-4',8,180),
('2040-7-20','2008-4-5',8,181),
('2036-3-27','2018-2-22',10,182),
('2024-8-14','2005-1-22',1,183),
('2028-4-2','2009-3-19',13,184),
('2031-7-21','2003-1-10',11,185),
('2025-2-4','2003-8-24',3,186),
('2030-2-15','2020-9-20',3,187),
('2022-3-25','2021-3-3',4,188),
('2038-10-6','2013-2-12',12,189),
('2029-7-27','2014-8-19',1,190),
('2031-1-10','2019-1-22',2,191),
('2025-9-17','2016-6-15',14,192),
('2032-2-6','2004-5-22',1,193),
('2040-9-9','2001-12-15',9,194),
('2034-11-8','2012-12-16',11,195),
('2024-10-18','2013-12-21',3,196),
('2023-7-27','2001-4-27',14,197),
('2034-1-23','2000-2-26',7,198),
('2024-4-6','2002-6-8',14,199),
('2039-11-9','2015-8-3',10,200),
('2026-8-5','2004-12-21',1,201),
('2038-12-26','2022-8-1',1,202),
('2029-8-14','2012-9-16',14,203),
('2033-8-25','2001-11-21',9,204),
('2040-4-27','2016-8-19',6,205),
('2027-12-6','2003-6-5',8,206),
('2035-8-15','2007-5-26',7,207),
('2036-2-13','2017-12-1',2,208),
('2032-4-25','2022-11-13',9,209),
('2029-9-2','2012-8-6',10,210),
('2037-1-17','2008-11-16',11,211),
('2033-10-18','2019-3-13',13,212),
('2034-7-23','2011-8-6',12,213),
('2031-2-5','2018-12-3',8,214),
('2032-3-18','2004-9-27',12,215),
('2027-10-12','2012-2-9',12,216),
('2024-12-15','2005-12-15',10,217),
('2037-11-22','2013-12-19',11,218),
('2037-10-2','2007-10-7',14,219),
('2023-12-22','2013-7-16',5,220),
('2038-12-20','2008-1-27',9,221),
('2036-4-2','2003-4-18',9,222),
('2035-12-12','2019-11-22',1,223),
('2031-6-27','2022-6-8',9,224),
('2040-10-13','2001-1-22',5,225),
('2025-3-7','2010-7-23',11,226),
('2032-2-11','2014-5-26',6,227),
('2025-11-15','2005-5-21',10,228),
('2025-8-3','2006-9-8',12,229),
('2030-3-9','2006-3-17',8,230),
('2023-5-13','2015-2-2',9,231),
('2026-2-7','2002-11-23',7,232),
('2038-5-3','2016-10-23',11,233),
('2025-4-27','2015-5-23',2,234),
('2037-6-7','2015-11-21',9,235),
('2023-5-24','2007-6-13',13,236),
('2038-7-26','2014-5-1',7,237),
('2036-11-16','2012-8-10',12,238),
('2022-6-17','2000-4-2',5,239),
('2038-10-21','2016-4-24',6,240),
('2036-5-21','2010-5-27',8,241),
('2030-6-9','2021-10-18',10,242),
('2032-2-12','2012-10-23',4,243),
('2025-10-26','2014-1-3',7,244),
('2023-4-24','2011-10-10',11,245),
('2040-5-14','2015-3-11',6,246),
('2033-4-24','2001-1-13',8,247),
('2024-2-5','2009-5-22',13,248),
('2030-1-26','2020-8-23',1,249),
('2031-9-17','2005-11-15',9,250),
('2039-5-23','2012-3-24',9,251),
('2028-9-4','2004-8-2',13,252),
('2027-3-13','2018-11-21',13,253),
('2038-4-18','2003-1-7',4,254),
('2027-5-26','2017-10-6',5,255),
('2026-7-11','2007-2-22',8,256),
('2036-2-18','2020-12-10',8,257),
('2031-4-8','2017-7-8',4,258),
('2030-6-13','2021-1-14',10,259),
('2038-9-24','2011-1-9',14,260),
('2032-6-25','2003-2-26',2,261),
('2028-3-12','2021-1-26',10,262),
('2031-2-1','2014-8-13',1,263),
('2040-1-21','2004-8-17',14,264),
('2032-8-12','2012-1-11',5,265),
('2030-9-2','2018-7-5',14,266),
('2040-2-11','2006-4-16',9,267),
('2029-10-20','2000-9-25',2,268),
('2029-5-18','2002-9-13',8,269),
('2032-12-3','2007-2-6',7,270),
('2030-1-13','2002-10-25',10,271),
('2026-3-24','2018-7-8',2,272),
('2039-6-26','2006-4-13',9,273),
('2040-6-5','2007-5-8',8,274),
('2031-7-9','2001-10-7',13,275),
('2039-8-23','2009-11-23',14,276),
('2030-7-1','2005-10-27',5,277),
('2034-3-14','2016-9-3',9,278),
('2036-8-13','2014-1-24',7,279),
('2035-6-5','2014-2-25',5,280),
('2032-11-5','2002-1-1',13,281),
('2038-1-11','2011-11-7',7,282),
('2034-9-19','2015-4-12',7,283),
('2029-11-3','2015-12-18',14,284),
('2028-12-22','2013-1-11',12,285),
('2023-6-20','2020-8-7',10,286),
('2038-9-27','2007-9-20',13,287),
('2036-11-22','2022-12-26',3,288),
('2035-1-3','2010-2-27',8,289),
('2023-2-7','2007-7-2',13,290),
('2022-12-7','2002-8-23',9,291),
('2026-12-14','2004-3-21',12,292),
('2031-5-7','2018-10-3',3,293),
('2033-8-14','2011-7-24',12,294),
('2038-8-23','2001-11-16',11,295),
('2022-10-14','2001-2-20',14,296),
('2032-6-22','2008-6-2',8,297),
('2035-6-20','2014-10-2',13,298),
('2038-1-2','2013-4-13',3,299),
('2030-10-4','2002-7-8',4,300),
('2024-12-6','2014-6-23',8,301),
('2032-9-8','2001-6-15',3,302),
('2023-6-27','2015-10-7',14,303),
('2031-5-4','2000-6-13',8,304),
('2028-5-4','2012-11-26',2,305),
('2023-10-8','2009-11-25',4,306),
('2039-3-4','2004-1-10',11,307),
('2034-1-17','2005-5-15',4,308),
('2027-10-4','2022-2-1',8,309),
('2040-3-25','2008-11-27',13,310),
('2040-8-8','2010-8-3',1,311),
('2022-3-15','2007-1-1',4,312),
('2032-6-14','2014-8-25',5,313),
('2030-11-12','2001-11-10',6,314),
('2031-8-20','2001-3-27',14,315),
('2028-5-2','2013-4-27',6,316),
('2034-3-8','2015-12-9',6,317),
('2025-9-7','2000-7-24',12,318),
('2025-5-4','2000-9-12',7,319),
('2030-1-5','2018-5-10',8,320),
('2023-7-18','2004-7-25',3,321),
('2035-6-8','2019-4-12',1,322),
('2030-3-20','2008-3-11',10,323),
('2022-6-7','2020-12-18',7,324),
('2023-6-21','2018-6-25',12,325),
('2032-12-11','2007-3-7',14,326),
('2037-8-10','2002-6-12',8,327),
('2023-1-21','2003-12-23',13,328),
('2026-11-5','2014-3-21',7,329),
('2033-6-8','2012-6-1',9,330),
('2029-5-8','2010-1-20',13,331),
('2023-1-9','2001-10-1',2,332),
('2024-3-16','2003-11-1',13,333),
('2022-3-21','2002-11-7',3,334),
('2031-2-5','2009-2-7',4,335),
('2025-8-1','2014-5-15',13,336),
('2035-11-23','2004-10-8',9,337),
('2036-8-5','2015-5-7',4,338),
('2022-6-13','2013-4-12',12,339),
('2028-9-27','2000-12-13',9,340),
('2025-7-4','2013-7-1',14,341),
('2027-1-16','2007-8-11',10,342),
('2026-6-4','2019-11-23',3,343),
('2030-3-21','2003-3-24',4,344),
('2032-11-11','2019-5-13',5,345),
('2027-5-2','2020-4-11',13,346),
('2039-9-14','2008-8-23',2,347),
('2030-2-14','2012-12-27',5,348),
('2027-1-14','2016-8-25',13,349),
('2026-4-2','2011-1-14',10,350),
('2039-11-7','2000-8-7',10,351),
('2040-5-24','2019-11-22',3,352),
('2039-1-9','2009-3-15',1,353),
('2026-8-10','2011-11-4',9,354),
('2024-7-1','2002-1-2',1,355),
('2022-8-21','2004-7-16',10,356),
('2022-4-16','2017-3-3',6,357),
('2035-7-10','2012-5-9',14,358),
('2027-1-7','2004-10-7',4,359),
('2025-11-6','2002-12-8',7,360),
('2030-11-13','2000-2-12',6,361),
('2036-12-3','2000-3-24',14,362),
('2028-9-21','2005-2-12',3,363),
('2040-4-24','2022-10-21',14,364),
('2023-12-13','2014-12-7',7,365),
('2040-7-26','2021-8-5',10,366),
('2030-11-24','2007-10-2',1,367),
('2023-1-22','2017-10-2',2,368),
('2025-3-24','2020-9-25',10,369),
('2037-5-14','2007-4-21',3,370),
('2030-12-23','2009-5-17',7,371),
('2022-1-14','2000-11-23',1,372),
('2037-12-20','2010-2-15',4,373),
('2027-8-19','2012-10-23',10,374),
('2036-7-11','2021-6-2',11,375),
('2039-8-23','2010-12-11',13,376),
('2037-6-11','2003-6-16',14,377),
('2036-7-7','2007-1-14',2,378),
('2029-5-11','2003-12-17',13,379),
('2027-8-11','2000-4-27',7,380),
('2029-11-2','2011-5-23',2,381),
('2039-5-23','2021-6-6',9,382),
('2032-4-8','2007-3-4',5,383),
('2039-8-21','2002-12-18',5,384),
('2035-6-24','2011-7-16',12,385),
('2033-6-10','2000-9-16',3,386),
('2031-9-8','2005-7-6',11,387),
('2038-7-18','2008-4-10',10,388),
('2035-8-17','2012-6-13',3,389),
('2032-2-3','2016-9-21',12,390),
('2040-6-4','2001-9-14',12,391),
('2033-6-14','2016-9-2',10,392),
('2029-3-6','2006-11-13',9,393),
('2022-7-6','2007-8-24',14,394),
('2037-9-25','2009-4-4',9,395),
('2038-6-8','2004-2-1',5,396),
('2032-11-13','2006-1-19',1,397),
('2024-10-19','2004-7-23',9,398),
('2022-10-3','2005-1-10',10,399),
('2028-2-5','2008-8-23',9,400),
('2025-3-6','2012-6-6',4,401),
('2027-1-14','2016-8-25',2,402),
('2026-4-2','2011-1-14',4,403),
('2039-11-7','2000-8-7',12,404),
('2040-5-24','2019-11-22',7,405),
('2039-1-9','2009-3-15',14,406),
('2026-8-10','2011-11-4',12,407),
('2024-7-1','2002-1-2',5,408),
('2022-8-21','2004-7-16',12,409),
('2022-4-16','2017-3-3',8,410),
('2035-7-10','2012-5-9',14,411),
('2027-1-7','2004-10-7',8,412),
('2025-11-6','2002-12-8',2,413),
('2030-11-13','2000-2-12',14,414),
('2036-12-3','2000-3-24',4,415),
('2028-9-21','2005-2-12',5,416),
('2040-4-24','2022-10-21',11,417),
('2023-12-13','2014-12-7',5,418),
('2040-7-26','2021-8-5',11,419),
('2030-11-24','2007-10-2',1,420),
('2023-1-22','2017-10-2',12,421),
('2025-3-24','2020-9-25',8,422),
('2037-5-14','2007-4-21',8,423),
('2030-12-23','2009-5-17',11,424),
('2022-1-14','2000-11-23',7,425),
('2037-12-20','2010-2-15',12,426),
('2027-8-19','2012-10-23',10,427),
('2036-7-11','2021-6-2',10,428),
('2039-8-23','2010-12-11',3,429),
('2037-6-11','2003-6-16',2,430),
('2036-7-7','2007-1-14',12,431),
('2029-5-11','2003-12-17',7,432),
('2027-8-11','2000-4-27',9,433),
('2029-11-2','2011-5-23',12,434),
('2039-5-23','2021-6-6',3,435),
('2032-4-8','2007-3-4',8,436),
('2039-8-21','2002-12-18',10,437),
('2035-6-24','2011-7-16',6,438),
('2033-6-10','2000-9-16',3,439),
('2031-9-8','2005-7-6',6,440),
('2038-7-18','2008-4-10',14,441),
('2035-8-17','2012-6-13',13,442),
('2032-2-3','2016-9-21',11,443),
('2040-6-4','2001-9-14',8,444),
('2033-6-14','2016-9-2',9,445),
('2029-3-6','2006-11-13',3,446),
('2022-7-6','2007-8-24',12,447),
('2037-9-25','2009-4-4',8,448),
('2038-6-8','2004-2-1',4,449),
('2032-11-13','2006-1-19',1,450),
('2024-10-19','2004-7-23',5,451),
('2022-10-3','2005-1-10',11,452),
('2028-2-5','2008-8-23',14,453),
('2025-3-6','2012-6-6',5,454),
('2027-1-14','2016-8-25',10,455),
('2026-4-2','2011-1-14',4,456),
('2039-11-7','2000-8-7',3,457),
('2040-5-24','2019-11-22',13,458),
('2039-1-9','2009-3-15',2,459),
('2026-8-10','2011-11-4',10,460),
('2024-7-1','2002-1-2',6,461),
('2022-8-21','2004-7-16',8,462),
('2022-4-16','2017-3-3',6,463),
('2035-7-10','2012-5-9',8,464),
('2027-1-7','2004-10-7',3,465),
('2025-11-6','2002-12-8',11,466),
('2030-11-13','2000-2-12',4,467),
('2036-12-3','2000-3-24',1,468),
('2028-9-21','2005-2-12',12,469),
('2040-4-24','2022-10-21',11,470),
('2023-12-13','2014-12-7',8,471),
('2040-7-26','2021-8-5',13,472),
('2030-11-24','2007-10-2',8,473),
('2023-1-22','2017-10-2',13,474),
('2025-3-24','2020-9-25',3,475),
('2037-5-14','2007-4-21',9,476),
('2030-12-23','2009-5-17',3,477),
('2022-1-14','2000-11-23',12,478),
('2037-12-20','2010-2-15',5,479),
('2027-8-19','2012-10-23',9,480),
('2036-7-11','2021-6-2',2,481),
('2039-8-23','2010-12-11',13,482),
('2037-6-11','2003-6-16',8,483),
('2036-7-7','2007-1-14',1,484),
('2029-5-11','2003-12-17',5,485),
('2027-8-11','2000-4-27',14,486),
('2029-11-2','2011-5-23',11,487),
('2039-5-23','2021-6-6',9,488),
('2032-4-8','2007-3-4',3,489),
('2039-8-21','2002-12-18',4,490),
('2035-6-24','2011-7-16',5,491),
('2033-6-10','2000-9-16',11,492),
('2031-9-8','2005-7-6',10,493),
('2038-7-18','2008-4-10',8,494),
('2035-8-17','2012-6-13',6,495),
('2032-2-3','2016-9-21',9,496),
('2040-6-4','2001-9-14',6,497),
('2033-6-14','2016-9-2',12,498),
('2029-3-6','2006-11-13',13,499),
('2022-7-6','2007-8-24',6,500),
('2037-9-25','2009-4-4',7,501),
('2038-6-8','2004-2-1',2,502),
('2032-11-13','2006-1-19',3,503),
('2024-10-19','2004-7-23',11,504),
('2022-10-3','2005-1-10',3,505),
('2028-2-5','2008-8-23',14,506),
('2025-3-6','2012-6-6',2,507),
('2027-1-14','2016-8-25',3,508),
('2026-4-2','2011-1-14',4,509),
('2039-11-7','2000-8-7',1,510),
('2040-5-24','2019-11-22',10,511),
('2039-1-9','2009-3-15',1,512),
('2026-8-10','2011-11-4',6,513),
('2024-7-1','2002-1-2',11,514),
('2022-8-21','2004-7-16',6,515),
('2022-4-16','2017-3-3',14,516),
('2035-7-10','2012-5-9',11,517),
('2027-1-7','2004-10-7',2,518),
('2025-11-6','2002-12-8',14,519),
('2030-11-13','2000-2-12',3,520),
('2036-12-3','2000-3-24',7,521),
('2028-9-21','2005-2-12',3,522),
('2040-4-24','2022-10-21',2,523),
('2023-12-13','2014-12-7',9,524),
('2040-7-26','2021-8-5',8,525),
('2030-11-24','2007-10-2',9,526),
('2023-1-22','2017-10-2',4,527),
('2025-3-24','2020-9-25',1,528),
('2037-5-14','2007-4-21',5,529),
('2030-12-23','2009-5-17',3,530),
('2022-1-14','2000-11-23',6,531),
('2037-12-20','2010-2-15',12,532),
('2027-8-19','2012-10-23',12,533),
('2036-7-11','2021-6-2',4,534),
('2039-8-23','2010-12-11',6,535),
('2037-6-11','2003-6-16',10,536),
('2036-7-7','2007-1-14',1,537),
('2029-5-11','2003-12-17',11,538),
('2027-8-11','2000-4-27',6,539),
('2029-11-2','2011-5-23',8,540),
('2039-5-23','2021-6-6',9,541),
('2032-4-8','2007-3-4',3,542),
('2039-8-21','2002-12-18',8,543),
('2035-6-24','2011-7-16',2,544),
('2033-6-10','2000-9-16',4,545),
('2031-9-8','2005-7-6',12,546),
('2038-7-18','2008-4-10',8,547),
('2035-8-17','2012-6-13',8,548),
('2032-2-3','2016-9-21',4,549),
('2040-6-4','2001-9-14',1,550),
('2033-6-14','2016-9-2',11,551),
('2029-3-6','2006-11-13',2,552),
('2022-7-6','2007-8-24',3,553),
('2037-9-25','2009-4-4',4,554),
('2038-6-8','2004-2-1',6,555),
('2032-11-13','2006-1-19',6,556),
('2024-10-19','2004-7-23',1,557),
('2022-10-3','2005-1-10',14,558),
('2028-2-5','2008-8-23',3,559),
('2025-3-6','2012-6-6',5,560),
('2027-1-14','2016-8-25',11,561),
('2026-4-2','2011-1-14',9,562),
('2039-11-7','2000-8-7',12,563),
('2040-5-24','2019-11-22',6,564),
('2039-1-9','2009-3-15',7,565),
('2026-8-10','2011-11-4',7,566),
('2024-7-1','2002-1-2',1,567),
('2022-8-21','2004-7-16',8,568),
('2022-4-16','2017-3-3',3,569),
('2035-7-10','2012-5-9',2,570),
('2027-1-7','2004-10-7',10,571),
('2025-11-6','2002-12-8',5,572),
('2030-11-13','2000-2-12',10,573),
('2036-12-3','2000-3-24',2,574),
('2028-9-21','2005-2-12',4,575),
('2040-4-24','2022-10-21',11,576),
('2023-12-13','2014-12-7',4,577),
('2040-7-26','2021-8-5',14,578),
('2030-11-24','2007-10-2',3,579),
('2023-1-22','2017-10-2',8,580),
('2025-3-24','2020-9-25',6,581),
('2037-5-14','2007-4-21',12,582),
('2030-12-23','2009-5-17',2,583),
('2022-1-14','2000-11-23',1,584),
('2037-12-20','2010-2-15',6,585),
('2027-8-19','2012-10-23',2,586),
('2036-7-11','2021-6-2',12,587),
('2039-8-23','2010-12-11',5,588),
('2037-6-11','2003-6-16',4,589),
('2036-7-7','2007-1-14',6,590),
('2029-5-11','2003-12-17',6,591),
('2027-8-11','2000-4-27',6,592),
('2029-11-2','2011-5-23',6,593),
('2039-5-23','2021-6-6',4,594),
('2032-4-8','2007-3-4',2,595),
('2039-8-21','2002-12-18',8,596),
('2035-6-24','2011-7-16',12,597),
('2033-6-10','2000-9-16',10,598);

INSERT INTO [dbo].[t_director]
           ([director_establ_id]
           ,[director_persona_id])
     VALUES
(1,'14218894-5'),
(2,'14224136-6'),
(3,'14225191-4'),
(4,'14249583-k'),
(5,'14256080-1'),
(6,'14257703-8'),
(7,'14275763-k'),
(8,'14281043-3'),
(9,'14287344-3'),
(10,'14296021-4'),
(11,'14305011-4'),
(12,'14305013-0'),
(13,'14317456-5'),
(14,'14323291-3'),
(15,'14335545-4'),
(16,'14341357-8'),
(17,'14363025-0'),
(18,'14370588-9'),
(19,'14379776-7'),
(20,'14386647-5'),
(21,'14420070-5'),
(22,'14422764-6');

INSERT INTO [dbo].[t_utp]
           ([utp_establ_id]
           ,[utp_persona_id])
     VALUES
		(1,'14462369-k'),
		(2,'14472366-k'),
		(3,'14486694-0'),
		(4,'14491813-4'),
		(5,'14501107-8'),
		(6,'14509486-0'),
		(7,'14510271-5'),
		(8,'14539285-3'),
		(9,'14549981-k'),
		(10,'14554230-8'),
		(11,'14554251-0'),
		(12,'14567934-6'),
		(13,'14574849-6'),
		(14,'14598145-k'),
		(15,'14605101-4'),
		(16,'14627082-4'),
		(17,'14628456-6'),
		(18,'14633324-9'),
		(19,'14645067-9'),
		(20,'14645492-5'),
		(21,'14656786-k'),
		(22,'14661529-5');

INSERT INTO [dbo].[t_persona]
           ([persona_rut]
           ,[persona_apellido_materno]
           ,[persona_apellido_paterno]
           ,[persona_fecha_nacimiento]
           ,[persona_nombre]
           ,[persona_numero_celular]
           ,[persona_numero_telefonico]
           ,[persona_sexo])
     VALUES
('10108517-1','Gómez','González','2006-2-5','ANTONIO','+56967777357','(2) 212300169','M'),
('10161263-5','Cortés','Muñoz','2018-3-8','MANUEL','+56914995595','(2) 223783328','M'),
('10191041-5','Herrera','Rojas','2008-4-21','JOSE','+56994959184','(2) 256644921','M'),
('10322147-1','Núñez','Díaz','2006-5-26','FRANCISCO','+56977429739','(2) 243985280','M'),
('10349264-5','Jara','Pérez','2016-2-14','DAVID','+56925545218','(2) 270360870','M'),
('10415592-8','Vergara','Soto','2018-2-27','JUAN','+56967222110','(2) 260915609','M'),
('10431039-7','Rivera','Contreras','2008-10-26','JAVIER','+56951693334','(2) 229009477','M'),
('10439433-7','Figueroa','Silva','2007-10-4','JOSE ANTONIO','+56940457786','(2) 253672849','M'),
('10512527-5','Riquelme','Martínez','2013-12-14','DANIEL','+56972994294','(2) 295756825','M'),
('10519484-6','García','Sepúlveda','2012-11-12','FRANCISCO JAVIER','+56980979542','(2) 267764678','M'),
('10806020-4','Miranda','Morales','2016-11-13','JOSE LUIS','+56999719517','(2) 252578643','M'),
('10881752-6','Bravo','Rodríguez','2005-11-3','CARLOS','+56922734363','(2) 239154391','M'),
('10918373-3','Vera','López','2010-8-22','JESUS','+56916313254','(2) 232108752','M'),
('10969608-0','Molina','Fuentes','2004-8-2','ALEJANDRO','+56970237747','(2) 252085148','M'),
('10978469-9','Vega','Hernández','2004-3-8','MIGUEL','+56954763512','(2) 241818478','M'),
('11162961-7','Campos','Torres','2004-1-15','JOSE MANUEL','+56957553137','(2) 296636785','M'),
('11228936-4','Sandoval','Araya','2010-10-11','RAFAEL','+56919847143','(2) 227342954','M'),
('11268329-1','Orellana','Flores','2016-8-21','MIGUEL ANGEL','+56942281787','(2) 273484057','M'),
('11280428-5','Cárdenas','Espinoza','2016-3-20','PABLO','+56988668571','(2) 251849504','M'),
('11298099-7','Olivares','Valenzuela','2010-3-13','PEDRO','+56923338181','(2) 250819772','M'),
('11315606-6','Alarcón','Castillo','2012-8-12','ANGEL','+56971103531','(2) 221467842','M'),
('11421576-7','Gallardo','Tapia','2012-12-26','SERGIO','+56912991621','(2) 215882681','M'),
('11615093-k','Ortiz','Reyes','2013-7-6','JOSE MARIA','+56934506984','(2) 231707395','M'),
('11617630-0','Garrido','Gutiérrez','2009-3-15','FERNANDO','+56918392753','(2) 276511307','M'),
('11639183-k','Salazar','Castro','2018-1-23','JORGE','+56992364637','(2) 256287234','M'),
('11648173-1','Guzmán','Pizarro','2010-6-3','LUIS','+56923846879','(2) 236205771','M'),
('11766341-8','Henríquez','Álvarez','2006-4-6','ALBERTO','+56930823631','(2) 215357489','M'),
('11826949-7','Saavedra','Vásquez','2012-1-22','ALVARO','+56915552642','(2) 267832706','M'),
('11981578-9','Navarro','Sánchez','2007-6-10','JUAN CARLOS','+56994317162','(2) 292772728','M'),
('12162815-5','Aguilera','Fernández','2008-11-2','ADRIAN','+56953857134','(2) 254407037','M'),
('12191239-2','Parra','Ramírez','2013-9-11','DIEGO','+56932875096','(2) 292675391','M'),
('12307468-8','Romero','Carrasco','2010-4-26','JUAN JOSE','+56958959878','(2) 253580998','M'),
('12451029-5','Aravena','Gómez','2016-5-7','RAUL','+56978293330','(2) 251750443','M'),
('12454407-6','Vargas','Cortés','2005-10-27','IVAN','+56930509895','(2) 258421643','M'),
('12507487-1','Vázquez','Herrera','2008-1-21','JUAN ANTONIO','+56957761470','(2) 237722323','M'),
('12695554-5','Cáceres','Núñez','2004-8-24','RUBEN','+56916967361','(2) 254017391','M'),
('12755841-8','Yáñez','Jara','2009-4-3','ENRIQUE','+56964757266','(2) 284925358','M'),
('12823570-1','Leiva','Vergara','2014-5-1','OSCAR','+56923478583','(2) 236970435','M'),
('12922804-0','Escobar','Rivera','2012-11-4','RAMON','+56931576111','(2) 252319898','M'),
('12976756-1','Ruiz','Figueroa','2012-7-12','ANDRES','+56934428729','(2) 294041735','M'),
('13018130-9','Valdés','Riquelme','2010-2-6','JUAN MANUEL','+56939487748','(2) 252143379','M'),
('13173535-9','Vidal','García','2016-5-26','VICENTE','+56975832311','(2) 255429761','M'),
('13325667-9','Salinas','Miranda','2013-10-1','SANTIAGO','+56913779082','(2) 265244536','M'),
('13352917-9','Zúñiga','Bravo','2011-9-1','JOAQUIN','+56967648882','(2) 239457428','M'),
('13427574-k','Peña','Vera','2008-12-28','MARIO','+56984266621','(2) 296206780','M'),
('13483283-5','Godoy','Molina','2009-10-13','VICTOR','+56920861538','(2) 235407781','M'),
('13506519-6','Lagos','Vega','2004-5-20','EDUARDO','+56935766667','(2) 245045669','M'),
('13642296-0','Maldonado','Campos','2011-4-5','ROBERTO','+56966412238','(2) 294317828','M'),
('13736142-6','Bustos','Sandoval','2005-8-15','JAIME','+56931817455','(2) 289333131','M'),
('13790208-7','Medina','Orellana','2008-3-10','FRANCISCO JOSE','+56958693059','(2) 247811387','M'),
('13982631-0','Pino','Cárdenas','2018-9-2','MARCOS','+56987197258','(2) 260310846','M'),
('14079018-4','Palma','Olivares','2006-5-21','HUGO','+56976712770','(2) 294499150','M'),
('14174311-2','Moreno','Alarcón','2013-4-22','IGNACIO','+56911917650','(2) 221734042','M'),
('14237977-5','Sanhueza','Gallardo','2010-2-12','JORDI','+56942244873','(2) 275713954','M'),
('14376815-5','Carvajal','Ortiz','2011-6-17','ALFONSO','+56996414511','(2) 222829288','M'),
('14383540-5','Navarrete','Garrido','2004-11-22','RICARDO','+56946316882','(2) 239344817','M'),
('14413705-1','Sáez','Salazar','2010-6-14','SALVADOR','+56941929520','(2) 257064174','M'),
('14429770-9','Alvarado','Guzmán','2004-4-4','GUILLERMO','+56936136443','(2) 299111330','M'),
('14578327-5','Donoso','Henríquez','2013-12-18','MARC','+56940484342','(2) 233418534','M'),
('14792063-6','Poblete','Saavedra','2015-6-22','GABRIEL','+56991624624','(2) 293220456','M'),
('14911793-8','Bustamante','Navarro','2012-7-10','MOHAMED','+56943917416','(2) 276162119','M'),
('14947414-5','Toro','Aguilera','2017-6-1','EMILIO','+56936962477','(2) 297267688','M'),
('15039260-8','Ortega','Parra','2004-3-6','GONZALO','+56938306051','(2) 265667822','M'),
('15048732-3','Venegas','Romero','2016-6-7','MARTIN','+56924352393','(2) 235397031','M'),
('15169412-8','Lopez','Aravena','2009-3-27','JOSE MIGUEL','+56944302115','(2) 218576446','M'),
('15179890-k','Mendoza','Vargas','2013-11-7','JULIO','+56937428762','(2) 273089536','M'),
('15185593-8','Farías','Vázquez','2012-1-7','JULIAN','+56997826561','(2) 276087274','M'),
('15262394-1','San Martín','Cáceres','2012-2-26','TOMAS','+56980702384','(2) 236390474','M'),
('15313381-6','Gómez','Yáñez','2004-10-24','NICOLAS','+56927101589','(2) 213287354','M'),
('15454715-0','Cortés','Leiva','2012-5-13','AGUSTIN','+56941634162','(2) 295548414','M'),
('15504364-4','Herrera','Escobar','2014-5-12','JOSE RAMON','+56914297370','(2) 247462582','M'),
('15579304-k','Núñez','Ruiz','2016-2-28','SAMUEL','+56963618848','(2) 215973825','M'),
('15580704-0','Jara','Valdés','2016-12-2','ISMAEL','+56952868157','(2) 260510128','M'),
('15623240-8','Vergara','Vidal','2006-6-26','CRISTIAN','+56983307688','(2) 213220070','M'),
('15681949-2','Rivera','Salinas','2015-3-14','LUCAS','+56973311981','(2) 284967724','M'),
('15825800-5','Figueroa','Zúñiga','2010-4-14','JOAN','+56958713159','(2) 252813032','M'),
('15841413-9','Riquelme','Peña','2014-6-20','FELIX','+56943306448','(2) 226541744','M'),
('15845116-6','García','Godoy','2009-3-18','AITOR','+56982636148','(2) 259353540','M'),
('15927593-0','Miranda','Lagos','2007-6-20','HECTOR','+56926326774','(2) 227578212','M'),
('16121092-7','Bravo','Maldonado','2004-1-3','IKER','+56967602860','(2) 244978816','M'),
('16336619-3','Vera','Bustos','2007-2-24','ALEX','+56942323452','(2) 216991466','M'),
('16561336-8','Molina','Medina','2009-8-1','JUAN FRANCISCO','+56974783275','(2) 241252992','M'),
('16775125-3','Vega','Pino','2018-1-13','JOSE CARLOS','+56987937645','(2) 291110087','M'),
('16847204-8','Campos','Palma','2005-3-4','JOSEP','+56996976811','(2) 226734345','M'),
('16920520-5','Sandoval','Moreno','2015-1-13','SEBASTIAN','+56970413843','(2) 282280382','M'),
('17006103-9','Orellana','Sanhueza','2016-7-23','CESAR','+56994422624','(2) 228421979','M'),
('17140946-2','Cárdenas','Carvajal','2010-5-7','MARIANO','+56957566798','(2) 244614385','M'),
('17159388-3','Olivares','Navarrete','2015-8-15','ALFREDO','+56995972022','(2) 242196961','M'),
('17236919-7','Alarcón','Sáez','2005-1-6','DOMINGO','+56989353964','(2) 240382134','M'),
('17423444-2','Gallardo','Alvarado','2017-11-22','MATEO','+56985489634','(2) 221153921','M'),
('17433453-6','Ortiz','Donoso','2017-9-27','JOSE ANGEL','+56982734564','(2) 288770501','M'),
('17462643-k','Garrido','Poblete','2009-11-21','RODRIGO','+56910317132','(2) 243081000','M'),
('17500275-8','Salazar','Bustamante','2006-1-19','VICTOR MANUEL','+56940187571','(2) 261828424','M'),
('17631230-0','Guzmán','Toro','2017-8-24','FELIPE','+56952805124','(2) 264941228','M'),
('17712145-2','Henríquez','Ortega','2013-1-17','JOSE IGNACIO','+56940542190','(2) 261788025','M'),
('17717387-8','Saavedra','Venegas','2007-3-26','LUIS MIGUEL','+56986878170','(2) 240827480','M'),
('17881633-0','Navarro','Lopez','2004-3-3','JOSE FRANCISCO','+56948402817','(2) 218608607','M'),
('17889840-k','Aguilera','Mendoza','2006-4-24','XAVIER','+56954571648','(2) 283079263','M'),
('18020014-2','Parra','Farías','2005-7-13','JUAN LUIS','+56973693881','(2) 263832302','M'),
('18043592-1','Romero','San Martín','2010-9-25','ALBERT','+56983405977','(2) 237187328','M'),
('18088847-0','Aravena','González','2008-3-4','JOAN','+56916159492','(2) 236678767','M'),
('18115706-2','Vargas','Muñoz','2016-11-3','JOSEP','+56966509550','(2) 255207993','M'),
('18252550-2','Vázquez','Rojas','2015-3-20','SAMUEL','+56936257190','(2) 254663944','M'),
('18324655-0','Cáceres','Díaz','2004-3-25','SEBASTIAN','+56951425145','(2) 264242404','M'),
('18502167-k','Yáñez','Pérez','2017-2-12','LUCAS','+56976967096','(2) 247870484','M'),
('18546525-k','Leiva','Soto','2014-1-9','FELIPE','+56910815279','(2) 220265844','M'),
('18555721-9','Escobar','Contreras','2005-6-23','HECTOR','+56941128011','(2) 239436185','M'),
('18632875-2','Ruiz','Silva','2017-2-19','ISMAEL','+56979956832','(2) 284188420','M'),
('18713163-4','Valdés','Martínez','2005-8-4','ALFREDO','+56926382778','(2) 213139321','M'),
('18750533-k','Vidal','Sepúlveda','2007-1-28','DOMINGO','+56930196143','(2) 250072924','M'),
('18890633-8','Salinas','Morales','2013-9-2','AITOR','+56957823349','(2) 234416567','M'),
('19200218-4','Zúñiga','Rodríguez','2011-1-2','MARIANO','+56911932211','(2) 214994276','M'),
('19255556-6','Peña','López','2004-12-19','ALEX','+56938126060','(2) 271739089','M'),
('19322449-0','Godoy','Fuentes','2007-10-1','RODRIGO','+56949626843','(2) 272468016','M'),
('19438843-8','Lagos','Hernández','2009-10-17','IKER','+56961794515','(2) 274648535','M'),
('19573280-9','Maldonado','Torres','2010-9-3','ALEXANDER','+56930719663','(2) 294999407','M'),
('19596562-5','Bustos','Araya','2007-2-11','MATEO','+56935131268','(2) 292880858','M'),
('19676179-9','Medina','Flores','2010-3-4','XAVIER','+56910859468','(2) 260636488','M'),
('19714299-5','Pino','Espinoza','2010-11-12','ESTEBAN','+56924987575','(2) 295094160','M'),
('19867901-1','Palma','Valenzuela','2018-5-20','MARCO','+56915422314','(2) 225168026','M'),
('19874253-8','Moreno','Castillo','2005-9-1','ARTURO','+56914834950','(2) 227959197','M'),
('19977002-0','Sanhueza','Tapia','2004-5-3','GREGORIO','+56959516238','(2) 211747310','M'),
('20008867-0','Carvajal','Reyes','2007-2-24','LORENZO','+56982773890','(2) 253073180','M'),
('20032500-1','Navarrete','Gutiérrez','2004-11-13','BORJA','+56915528070','(2) 291706057','M'),
('20133163-3','Sáez','Castro','2006-8-15','ALBERT','+56950405490','(2) 237484041','M'),
('20273115-5','Alvarado','Pizarro','2009-11-28','AARON','+56961999135','(2) 286065285','M'),
('20372442-k','Donoso','Álvarez','2006-3-5','DARIO','+56922978764','(2) 225537196','M'),
('20627836-6','Poblete','Vásquez','2007-10-20','JOEL','+56990746891','(2) 275445636','M'),
('20862967-0','Bustamante','Sánchez','2012-11-3','EUGENIO','+56970581799','(2) 222376648','M'),
('21075667-1','Toro','Fernández','2016-10-2','CRISTOBAL','+56933736144','(2) 265606919','M'),
('21222580-0','Ortega','Ramírez','2005-12-11','ISAAC','+56995984975','(2) 280147966','M'),
('21223862-7','Venegas','Carrasco','2005-11-19','JONATHAN','+56969742269','(2) 295291817','M'),
('21225067-8','Lopez','Gómez','2011-1-17','CHRISTIAN','+56929388887','(2) 235973401','M'),
('21226311-7','Mendoza','Cortés','2008-6-8','ERIC','+56935638034','(2) 297484795','M'),
('21323694-6','Farías','Herrera','2004-1-11','GERMAN','+56966399293','(2) 225469134','M'),
('21364283-9','San Martín','Núñez','2018-6-4','PAU','+56922898546','(2) 244394091','M'),
('21389495-1','Gómez','Jara','2012-6-6','MOHAMMED','+56956869881','(2) 287559307','M'),
('21414273-2','Cortés','Vergara','2016-2-19','ADOLFO','+56975128857','(2) 249294444','M'),
('21434406-8','Herrera','Rivera','2017-7-9','MARIA CARMEN','+56972396499','(2) 227889590','F'),
('21442089-9','Núñez','Figueroa','2012-1-1','MARIA','+56939143599','(2) 234575947','F'),
('21541090-0','Jara','Riquelme','2009-5-24','CARMEN','+56959286097','(2) 283933070','F'),
('21606571-9','Vergara','García','2006-2-10','ANA MARIA','+56953365182','(2) 243129467','F'),
('21627001-0','Rivera','Miranda','2006-8-16','MARIA PILAR','+56914387635','(2) 247470053','F'),
('21790727-6','Figueroa','Bravo','2013-4-17','LAURA','+56978272840','(2) 281525032','F'),
('21868588-9','Riquelme','Vera','2006-6-5','JOSEFA','+56996553151','(2) 290407899','F'),
('21958343-5','García','Molina','2015-5-27','ISABEL','+56928692183','(2) 263117899','F'),
('22022563-1','Miranda','Vega','2017-2-27','MARIA DOLORES','+56948799158','(2) 212135225','F'),
('22036048-2','Bravo','Campos','2015-3-3','MARIA TERESA','+56931557680','(2) 229244845','F'),
('22352308-0','Vera','Sandoval','2006-9-19','ANA','+56919549347','(2) 299216815','F'),
('22368203-0','Molina','Orellana','2008-5-24','MARTA','+56924762872','(2) 291488894','F'),
('22454387-5','Vega','Cárdenas','2013-7-26','CRISTINA','+56918145682','(2) 278066803','F'),
('22518249-3','Campos','Olivares','2018-12-19','MARIA ANGELES','+56916567852','(2) 219175721','F'),
('22568487-1','Sandoval','Alarcón','2008-4-6','LUCIA','+56981155496','(2) 246098894','F'),
('22816603-0','Orellana','Gallardo','2013-5-1','MARIA ISABEL','+56981536136','(2) 293989691','F'),
('22970870-8','Cárdenas','Ortiz','2010-9-28','MARIA JOSE','+56978857951','(2) 255087191','F'),
('23074350-9','Olivares','Garrido','2007-5-6','FRANCISCA','+56923855992','(2) 269988604','F'),
('23275422-2','Alarcón','Salazar','2006-4-7','ANTONIA','+56970349197','(2) 217150790','F'),
('23307799-2','Gallardo','Guzmán','2018-5-8','DOLORES','+56929814856','(2) 291598581','F'),
('23380055-4','Ortiz','Henríquez','2015-4-4','SARA','+56969158882','(2) 266300712','F'),
('23598250-1','Garrido','Saavedra','2016-4-8','PAULA','+56977722465','(2) 231117561','F'),
('23757852-k','Salazar','Navarro','2009-2-11','ELENA','+56965122653','(2) 279336780','F'),
('23892484-7','Guzmán','Aguilera','2009-4-14','MARIA LUISA','+56930496195','(2) 222180866','F'),
('24000187-k','Henríquez','Parra','2011-1-27','RAQUEL','+56993399989','(2) 281780997','F'),
('24019275-6','Saavedra','Romero','2016-3-27','ROSA MARIA','+56917536233','(2) 216828487','F'),
('24028934-2','Navarro','Aravena','2012-10-15','MANUELA','+56959708322','(2) 246656647','F'),
('24183818-8','Aguilera','Vargas','2016-1-24','PILAR','+56941925237','(2) 282009010','F'),
('24211402-7','Parra','Vázquez','2005-5-28','CONCEPCION','+56954441290','(2) 232619187','F'),
('24419415-k','Romero','Cáceres','2014-8-5','MARIA JESUS','+56963625235','(2) 219850965','F'),
('24421187-9','Aravena','Yáñez','2008-4-5','MERCEDES','+56972379277','(2) 224014926','F'),
('24458701-1','Vargas','Leiva','2015-4-9','JULIA','+56913126751','(2) 247410278','F'),
('24528710-0','Vázquez','Escobar','2011-10-14','BEATRIZ','+56969825041','(2) 297834199','F'),
('24573100-0','Cáceres','Ruiz','2017-2-11','ALBA','+56937246417','(2) 283422261','F'),
('24609032-7','Yáñez','Valdés','2006-5-4','SILVIA','+56979566663','(2) 282674966','F'),
('24736228-2','Leiva','Vidal','2016-10-21','NURIA','+56956199312','(2) 213801890','F'),
('24834658-2','Escobar','Salinas','2009-1-27','IRENE','+56920548899','(2) 239065007','F'),
('24866043-0','Ruiz','Zúñiga','2009-10-10','ROSARIO','+56929708628','(2) 277729789','F'),
('24909331-9','Valdés','Peña','2017-7-4','PATRICIA','+56970494433','(2) 283818730','F'),
('24919853-6','Vidal','Godoy','2012-4-9','JUANA','+56971546665','(2) 253871308','F'),
('24954913-4','Salinas','Lagos','2018-3-24','TERESA','+56939695832','(2) 235386597','F'),
('24989649-7','Zúñiga','Maldonado','2013-6-10','ENCARNACION','+56945273098','(2) 253456320','F'),
('24997363-7','Peña','Bustos','2008-5-15','ANDREA','+56953748422','(2) 282372189','F'),
('5143579-6','Godoy','Medina','2017-9-4','ROCIO','+56970112799','(2) 271923963','F'),
('5152028-9','Lagos','Pino','2009-9-7','MONTSERRAT','+56969813496','(2) 289062811','F'),
('5205778-7','Maldonado','Palma','2014-8-12','MONICA','+56962374866','(2) 267049684','F'),
('5293514-8','Bustos','Moreno','2018-4-23','ALICIA','+56925903526','(2) 253580773','F'),
('5413836-9','Medina','Sanhueza','2018-11-15','MARIA MAR','+56978521054','(2) 268830467','F'),
('5610911-0','Pino','Carvajal','2013-7-6','SANDRA','+56913763258','(2) 213255401','F'),
('5701015-0','Palma','Navarrete','2006-10-24','SONIA','+56957743536','(2) 227519598','F'),
('5705628-2','Moreno','Sáez','2012-10-28','MARINA','+56956923037','(2) 248947755','F'),
('5714495-5','Sanhueza','Alvarado','2005-12-22','ROSA','+56937558567','(2) 296972723','F'),
('5728002-6','Carvajal','Donoso','2004-3-19','ANGELA','+56912506743','(2) 212602675','F'),
('5820223-1','Navarrete','Poblete','2016-8-13','SUSANA','+56932421739','(2) 220469815','F'),
('5904306-4','Sáez','Bustamante','2006-3-25','NATALIA','+56974299146','(2) 236522254','F'),
('5926790-6','Alvarado','Toro','2013-8-9','YOLANDA','+56929889510','(2) 299607507','F'),
('5956468-4','Donoso','Ortega','2016-10-6','MARGARITA','+56949952912','(2) 246751464','F'),
('6003211-4','Poblete','Venegas','2010-12-8','SOFIA','+56981531430','(2) 294112264','F'),
('6059505-4','Bustamante','Lopez','2017-6-23','CLAUDIA','+56986141983','(2) 287295737','F'),
('6083357-5','Toro','Mendoza','2012-1-4','MARIA JOSEFA','+56970372345','(2) 258429188','F'),
('6099803-5','Ortega','Farías','2006-4-24','EVA','+56936421416','(2) 244262040','F'),
('6389439-7','Venegas','San Martín','2017-2-14','CARLA','+56922436779','(2) 263411384','F'),
('6524013-0','Lopez','González','2015-5-2','MARIA ROSARIO','+56982941861','(2) 286302799','F'),
('6592819-1','Mendoza','Muñoz','2017-3-20','INMACULADA','+56949203753','(2) 239167004','F'),
('6727267-6','Farías','Rojas','2015-10-19','MARIA MERCEDES','+56914406660','(2) 211594894','F'),
('6756159-7','San Martín','Díaz','2017-10-6','ANA ISABEL','+56944473212','(2) 258609052','F'),
('6778461-8','Gómez','Pérez','2010-9-25','NOELIA','+56943167296','(2) 240147876','F'),
('7191945-5','Cortés','Soto','2011-3-13','ESTHER','+56917483486','(2) 262118219','F'),
('7675065-3','Herrera','Contreras','2013-11-9','VERONICA','+56925188185','(2) 236463825','F'),
('7680863-5','Núñez','Silva','2012-7-27','NEREA','+56928397041','(2) 268871855','F'),
('7717759-0','Jara','Martínez','2011-5-5','CAROLINA','+56965234058','(2) 270486886','F'),
('7938582-4','Vergara','Sepúlveda','2011-12-2','DANIELA','+56937999158','(2) 244900506','F'),
('7949378-3','Rivera','Morales','2007-8-10','INES','+56977771159','(2) 291794807','F'),
('8168225-9','Figueroa','Rodríguez','2012-2-21','EVA MARIA','+56983321178','(2) 227816253','F'),
('8190117-1','Riquelme','López','2009-8-4','MARIA VICTORIA','+56950833621','(2) 261313037','F'),
('8252547-5','García','Fuentes','2009-4-14','ANGELES','+56972329586','(2) 293133581','F'),
('8266603-6','Miranda','Hernández','2013-12-4','MIRIAM','+56988918744','(2) 273968825','F'),
('8325130-1','Bravo','Torres','2010-6-14','LORENA','+56965296520','(2) 236605927','F'),
('8367833-k','Vera','Araya','2011-1-11','MARIA ROSA','+56912194863','(2) 284927828','F'),
('8769439-9','Molina','Flores','2016-8-8','ANA BELEN','+56913835171','(2) 237991410','F'),
('8797262-3','Vega','Espinoza','2015-12-17','MARIA ELENA','+56948538944','(2) 291196943','F'),
('8993772-8','Campos','Valenzuela','2009-10-5','MARTINA','+56961347044','(2) 249644948','F'),
('9113221-4','Sandoval','Castillo','2012-10-6','VICTORIA','+56973955542','(2) 230934359','F'),
('9158635-5','Orellana','Tapia','2010-3-25','MARIA CONCEPCION','+56993316282','(2) 274211691','F'),
('9307135-2','Cárdenas','Reyes','2005-2-20','AMPARO','+56999135329','(2) 249499972','F'),
('9380479-1','Olivares','Gutiérrez','2008-6-11','ALEJANDRA','+56910778878','(2) 236734844','F'),
('9440769-9','Alarcón','Castro','2004-12-3','MARIA ANTONIA','+56976601338','(2) 230127563','F'),
('9466742-9','Gallardo','Pizarro','2014-5-27','LIDIA','+56937963312','(2) 211729579','F'),
('9490062-k','Ortiz','Álvarez','2012-1-20','CELIA','+56976219741','(2) 251835368','F'),
('9744021-2','Garrido','Vásquez','2009-5-15','CATALINA','+56948328030','(2) 237376267','F'),
('9916669-k','Salazar','Sánchez','2017-7-6','MARIA NIEVES','+56992736042','(2) 241410742','F'),
('9931220-3','Guzmán','Fernández','2016-10-26','FATIMA','+56988623439','(2) 246947172','F'),
('9963123-6','Henríquez','Ramírez','2011-4-22','AINHOA','+56985426029','(2) 249833923','F'),
('9991768-7','Saavedra','Carrasco','2012-2-1','OLGA','+56963719937','(2) 283762745','F');

INSERT INTO [dbo].[t_alumno]
           ([alumno_persona_rut])
     VALUES
('10108517-1'),
('10161263-5'),
('10191041-5'),
('10322147-1'),
('10349264-5'),
('10415592-8'),
('10431039-7'),
('10439433-7'),
('10512527-5'),
('10519484-6'),
('10806020-4'),
('10881752-6'),
('10918373-3'),
('10969608-0'),
('10978469-9'),
('11162961-7'),
('11228936-4'),
('11268329-1'),
('11280428-5'),
('11298099-7'),
('11315606-6'),
('11421576-7'),
('11615093-k'),
('11617630-0'),
('11639183-k'),
('11648173-1'),
('11766341-8'),
('11826949-7'),
('11981578-9'),
('12162815-5'),
('12191239-2'),
('12307468-8'),
('12451029-5'),
('12454407-6'),
('12507487-1'),
('12695554-5'),
('12755841-8'),
('12823570-1'),
('12922804-0'),
('12976756-1'),
('13018130-9'),
('13173535-9'),
('13325667-9'),
('13352917-9'),
('13427574-k'),
('13483283-5'),
('13506519-6'),
('13642296-0'),
('13736142-6'),
('13790208-7'),
('13982631-0'),
('14079018-4'),
('14174311-2'),
('14237977-5'),
('14376815-5'),
('14383540-5'),
('14413705-1'),
('14429770-9'),
('14578327-5'),
('14792063-6'),
('14911793-8'),
('14947414-5'),
('15039260-8'),
('15048732-3'),
('15169412-8'),
('15179890-k'),
('15185593-8'),
('15262394-1'),
('15313381-6'),
('15454715-0'),
('15504364-4'),
('15579304-k'),
('15580704-0'),
('15623240-8'),
('15681949-2'),
('15825800-5'),
('15841413-9'),
('15845116-6'),
('15927593-0'),
('16121092-7'),
('16336619-3'),
('16561336-8'),
('16775125-3'),
('16847204-8'),
('16920520-5'),
('17006103-9'),
('17140946-2'),
('17159388-3'),
('17236919-7'),
('17423444-2'),
('17433453-6'),
('17462643-k'),
('17500275-8'),
('17631230-0'),
('17712145-2'),
('17717387-8'),
('17881633-0'),
('17889840-k'),
('18020014-2'),
('18043592-1'),
('18088847-0'),
('18115706-2'),
('18252550-2'),
('18324655-0'),
('18502167-k'),
('18546525-k'),
('18555721-9'),
('18632875-2'),
('18713163-4'),
('18750533-k'),
('18890633-8'),
('19200218-4'),
('19255556-6'),
('19322449-0'),
('19438843-8'),
('19573280-9'),
('19596562-5'),
('19676179-9'),
('19714299-5'),
('19867901-1'),
('19874253-8'),
('19977002-0'),
('20008867-0'),
('20032500-1'),
('20133163-3'),
('20273115-5'),
('20372442-k'),
('20627836-6'),
('20862967-0'),
('21075667-1'),
('21222580-0'),
('21223862-7'),
('21225067-8'),
('21226311-7'),
('21323694-6'),
('21364283-9'),
('21389495-1'),
('21414273-2'),
('21434406-8'),
('21442089-9'),
('21541090-0'),
('21606571-9'),
('21627001-0'),
('21790727-6'),
('21868588-9'),
('21958343-5'),
('22022563-1'),
('22036048-2'),
('22352308-0'),
('22368203-0'),
('22454387-5'),
('22518249-3'),
('22568487-1'),
('22816603-0'),
('22970870-8'),
('23074350-9'),
('23275422-2'),
('23307799-2'),
('23380055-4'),
('23598250-1'),
('23757852-k'),
('23892484-7'),
('24000187-k'),
('24019275-6'),
('24028934-2'),
('24183818-8'),
('24211402-7'),
('24419415-k'),
('24421187-9'),
('24458701-1'),
('24528710-0'),
('24573100-0'),
('24609032-7'),
('24736228-2'),
('24834658-2'),
('24866043-0'),
('24909331-9'),
('24919853-6'),
('24954913-4'),
('24989649-7'),
('24997363-7'),
('5143579-6'),
('5152028-9'),
('5205778-7'),
('5293514-8'),
('5413836-9'),
('5610911-0'),
('5701015-0'),
('5705628-2'),
('5714495-5'),
('5728002-6'),
('5820223-1'),
('5904306-4'),
('5926790-6'),
('5956468-4'),
('6003211-4'),
('6059505-4'),
('6083357-5'),
('6099803-5'),
('6389439-7'),
('6524013-0'),
('6592819-1'),
('6727267-6'),
('6756159-7'),
('6778461-8'),
('7191945-5'),
('7675065-3'),
('7680863-5'),
('7717759-0'),
('7938582-4'),
('7949378-3'),
('8168225-9'),
('8190117-1'),
('8252547-5'),
('8266603-6'),
('8325130-1'),
('8367833-k'),
('8769439-9'),
('8797262-3'),
('8993772-8'),
('9113221-4'),
('9158635-5'),
('9307135-2'),
('9380479-1'),
('9440769-9'),
('9466742-9'),
('9490062-k'),
('9744021-2'),
('9916669-k'),
('9931220-3'),
('9963123-6'),
('9991768-7');

INSERT INTO [dbo].[t_apoderado]
           ([apoderado_persona_rut])
     VALUES
('13263940-k '),
('13269124-k '),
('13276952-4 '),
('13283228-5 '),
('13287555-3 '),
('13287638-k '),
('13293393-6 '),
('13296241-3 '),
('13317341-2 '),
('13322547-1 '),
('13362228-4 '),
('13363861-k '),
('13363944-6 '),
('13372558-k '),
('13374749-4 '),
('13388365-7 '),
('13410580-1 '),
('13411638-2 '),
('13417558-3 '),
('13423811-9 '),
('13443180-6 '),
('13448142-0 '),
('13455567-k '),
('13462736-0 '),
('13465574-7 '),
('13466545-9 '),
('13474067-1 '),
('13474325-5 '),
('13478959-k '),
('13490604-9 '),
('13493857-9 '),
('13506199-9 '),
('13511651-3 '),
('13529640-6 '),
('13532532-5 '),
('13539393-2 '),
('13539789-k '),
('13543595-3 '),
('13547242-5 '),
('13549704-5 '),
('13558917-9 '),
('13565523-6 '),
('13567240-8 '),
('13567255-6 '),
('13602705-0 '),
('13622701-7 '),
('13630884-k '),
('13632855-7 '),
('13639690-0 '),
('13648490-7 '),
('13660551-8 '),
('13674283-3 '),
('13675794-6 '),
('13686122-0 '),
('13688966-4 '),
('13719528-3 '),
('13725066-7 '),
('13742329-4 '),
('13754872-0 '),
('13755681-2 '),
('13761711-0 '),
('13790481-0 '),
('13792757-8 '),
('13795755-8 '),
('13812346-4 '),
('13822330-2 '),
('13822989-0 '),
('13824547-0 '),
('13833729-4 '),
('13834142-9 '),
('13846172-6 '),
('13852329-2 '),
('13866551-8 '),
('13886495-2 '),
('13912617-3 '),
('13913725-6 '),
('13970857-1 '),
('13979267-k '),
('13983572-7 '),
('13985194-3 '),
('14003611-0 '),
('14004197-1 '),
('14004836-4 '),
('14011311-5 '),
('14017776-8 '),
('14041899-4 '),
('14068550-k '),
('14074955-9 '),
('14078233-5 '),
('14134348-3 '),
('14149250-0 '),
('14156047-6 '),
('14168155-9 '),
('14197219-7 '),
('14209858-k '),
('14218894-5 '),
('14224136-6 '),
('14225191-4 '),
('14249583-k '),
('14256080-1 '),
('14257703-8 '),
('14275763-k '),
('14281043-3 '),
('14287344-3 '),
('14296021-4 '),
('14305011-4 '),
('14305013-0 '),
('14317456-5 '),
('14323291-3 '),
('14335545-4 '),
('14341357-8 '),
('14363025-0 '),
('14370588-9 '),
('14379776-7 '),
('14386647-5 '),
('14420070-5 '),
('14422764-6 '),
('14457172-k '),
('14462369-k '),
('14472366-k '),
('14486694-0 '),
('14491813-4 '),
('14501107-8 '),
('14509486-0 '),
('14510271-5 '),
('14539285-3 '),
('14549981-k '),
('14554230-8 '),
('14554251-0 '),
('14567934-6 '),
('14574849-6 '),
('14598145-k '),
('14605101-4 '),
('14627082-4 '),
('14628456-6 '),
('14633324-9 '),
('14645067-9 '),
('14645492-5 '),
('14656786-k '),
('14661529-5 '),
('14671112-k '),
('14671421-8 '),
('14678670-7 '),
('14680619-8 '),
('14686507-0 '),
('14694086-2 '),
('14696505-9 '),
('14709163-k '),
('14715101-2 '),
('14753433-7 '),
('14759187-k '),
('14760260-k '),
('14760767-9 '),
('14770207-8 '),
('14782495-5 '),
('14800687-3 '),
('14804677-8 '),
('14809441-1 '),
('14814543-1 '),
('14822144-8 '),
('14828016-9 '),
('14830496-3 '),
('14838403-7 '),
('14851657-k '),
('14860166-6 '),
('14883937-9 '),
('14917382-k '),
('14923274-5 '),
('14926790-5 '),
('14927880-k '),
('14929309-4 '),
('14934729-1 '),
('14936387-4 '),
('14936591-5 '),
('14938591-6 '),
('14941244-1 '),
('14964175-0 '),
('14965443-7 '),
('14988821-7 '),
('14999507-2 '),
('15009257-4 '),
('15013289-4 '),
('15016763-9 '),
('15021905-1 '),
('15023801-3 '),
('15028253-5 '),
('15043360-6 '),
('15062275-1 '),
('15071585-7 '),
('15084210-7 '),
('15087728-8 '),
('15091385-3 '),
('15093745-0 '),
('15098921-3 '),
('15103188-9 '),
('15110295-6 '),
('15120096-6 '),
('15124284-7 '),
('15135848-9 '),
('15149866-3 '),
('15153256-k '),
('15158590-6 '),
('15160344-0 '),
('15161490-6 '),
('15166715-5 '),
('15172797-2 '),
('15199194-7 '),
('15201587-9 '),
('15212839-8 '),
('15229771-8 '),
('15240538-3 '),
('15248739-8 '),
('15264344-6 '),
('15268105-4 '),
('15268163-1 '),
('15273230-9 '),
('15299339-0 '),
('15303918-6 '),
('15332885-4 '),
('15348005-2 '),
('15354132-9 '),
('15354372-0 '),
('15368061-2 '),
('15370774-k '),
('15383436-9 '),
('15400857-8 '),
('15405104-k '),
('15411010-0'),
('15426643-7'),
('15431892-5'),
('15454085-7'),
('15469561-3'),
('15475600-0'),
('15477960-4'),
('15478142-0'),
('15478674-0'),
('15486035-5'),
('15496912-8'),
('15497259-5'),
('15516987-7'),
('15521004-4'),
('15532803-7'),
('15534518-7'),
('15535291-4'),
('15535399-6'),
('15543512-7'),
('15556118-1'),
('15560302-k'),
('15565853-3'),
('15567123-8'),
('15575064-2'),
('15586228-9'),
('15593079-9'),
('15601153-3'),
('15609722-5'),
('15614408-8'),
('15617091-7'),
('15630700-9'),
('15640102-1'),
('15652002-0'),
('15671466-6'),
('15673055-6'),
('15691444-4'),
('15706420-7'),
('15709080-1'),
('15709726-1'),
('15727523-2'),
('15728824-5'),
('15735595-3'),
('15759200-9'),
('15770343-9'),
('15783910-1'),
('15804963-5'),
('15815361-0'),
('15817798-6'),
('15827041-2'),
('15833885-8'),
('15845559-5'),
('15852575-5'),
('15897578-5'),
('15918157-k'),
('15921217-3'),
('15931750-1'),
('15931800-1'),
('15933801-0'),
('15949539-6'),
('15961213-9'),
('15973612-1'),
('15981886-1'),
('15986829-k'),
('15994883-8'),
('16002603-0'),
('16020148-7'),
('16027923-0'),
('16046570-0'),
('16046712-6'),
('16052260-7'),
('16090908-0'),
('16110739-5'),
('16140312-1'),
('16152457-3'),
('16157921-1'),
('16158212-3'),
('16200275-9'),
('16200926-5'),
('16208187-k'),
('16219843-2'),
('16243986-3'),
('16254652-k'),
('16265458-6'),
('16269763-3'),
('16275663-k'),
('16283289-1'),
('16293629-8'),
('16301869-1'),
('16306398-0'),
('16320808-3'),
('16327714-k'),
('16340925-9'),
('16343046-0'),
('16365693-0'),
('16380698-3'),
('16382201-6'),
('16387064-9'),
('16399091-1'),
('16411398-1'),
('16413787-2'),
('16416810-7'),
('16418565-6'),
('16419175-3'),
('16420673-4'),
('16422889-4'),
('16429457-9'),
('16432337-4'),
('16442929-6'),
('16452081-1'),
('16469701-0'),
('16477207-1'),
('16484467-6'),
('16503858-4'),
('16527013-4'),
('16536843-6'),
('16540074-7'),
('16554719-5'),
('16563570-1'),
('16574801-8'),
('16579103-7'),
('16588908-8'),
('16589970-9'),
('16590901-1'),
('16594034-2'),
('16603922-3'),
('16621397-5'),
('16631499-2'),
('16637488-k'),
('16643805-5'),
('16654445-9'),
('16660886-4'),
('16665782-2'),
('16665899-3'),
('16666436-5'),
('16669072-2'),
('16672251-9'),
('16685640-k'),
('16698356-8'),
('16711678-7'),
('16716231-2'),
('16717181-8'),
('16720319-1'),
('16721160-7'),
('16729935-0'),
('16743869-5'),
('16744461-k'),
('16745402-k'),
('16759381-k'),
('16772015-3'),
('16776725-7'),
('16785855-4'),
('16815535-2'),
('16822010-3'),
('16827933-7'),
('16831263-6'),
('16837363-5'),
('16840694-0'),
('16845249-7'),
('16847347-8'),
('16848191-8'),
('16852945-7'),
('16856729-4'),
('16873869-2'),
('16885505-2'),
('16911128-6'),
('16930522-6'),
('16943453-0'),
('16953607-4'),
('16985866-7'),
('16991425-7'),
('16992222-5'),
('16992885-1'),
('17015583-1'),
('17022813-8'),
('17024758-2'),
('17028114-4'),
('17038957-3'),
('17042778-5'),
('17057088-k'),
('17086907-9'),
('17089467-7'),
('17091096-6'),
('17102846-9'),
('17105152-5'),
('17108948-4'),
('17122886-7'),
('17125581-3'),
('17134387-9'),
('17145040-3'),
('17156977-k'),
('17160551-2'),
('17166705-4'),
('17167932-k'),
('17190657-1'),
('17198003-8'),
('17206784-0'),
('17209289-6'),
('17215797-1'),
('17217511-2'),
('17245857-2'),
('17255051-7'),
('17257333-9'),
('17261510-4'),
('17272719-0'),
('17288657-4'),
('17306575-2'),
('17306582-5'),
('17340339-9'),
('17340745-9'),
('17345780-4'),
('17349210-3'),
('17365106-6'),
('17378283-7'),
('17382963-9'),
('17386909-6'),
('17389967-k'),
('17410219-8'),
('17415920-3'),
('17427726-5'),
('17434178-8'),
('17488738-1'),
('17496764-4'),
('17496959-0'),
('17504306-3'),
('17510703-7'),
('17510923-4'),
('17513847-1'),
('17515016-1'),
('17516176-7'),
('17517892-9'),
('17523182-k'),
('17526299-7'),
('17528329-3'),
('17544384-3'),
('17548626-7'),
('17551533-k'),
('17574582-3'),
('17578021-1'),
('17591429-3'),
('17599794-6'),
('17612335-4'),
('17627037-3'),
('17630615-7'),
('17643244-6'),
('17647355-k'),
('17648399-7'),
('17651138-9'),
('17672481-1'),
('17676307-8'),
('17696112-0'),
('17707464-0'),
('17716337-6'),
('17720800-0'),
('17728887-k'),
('17747682-k'),
('17747986-1'),
('17777532-0'),
('17779762-6'),
('17798706-9'),
('17802810-3'),
('17810544-2'),
('17817613-7'),
('17819072-5'),
('17825245-3'),
('17846200-8'),
('17846240-7'),
('17858210-0'),
('17878199-5'),
('17888190-6'),
('17901164-6'),
('17908788-k'),
('17917469-3'),
('17921289-7'),
('17933448-8'),
('17950136-8'),
('17960002-1'),
('17981124-3'),
('17996112-1'),
('18023817-4'),
('18024443-3'),
('18027932-6'),
('18029066-4'),
('18058884-1'),
('18059881-2'),
('18087272-8'),
('18107022-6'),
('18113046-6'),
('18121760-k'),
('18126350-4'),
('18131392-7'),
('18136863-2'),
('18137035-1'),
('18137603-1'),
('18142901-1'),
('18149685-1'),
('18167463-6'),
('18170302-4'),
('18182094-2'),
('18183784-5'),
('18202329-9'),
('18209421-8'),
('18223184-3'),
('18233494-4'),
('18246071-0'),
('18253279-7'),
('18262298-2'),
('18270475-k'),
('18278471-0'),
('18281705-8'),
('18285397-6'),
('18302636-4'),
('18321456-k'),
('18323651-2'),
('18334910-4'),
('18356107-3'),
('18358153-8'),
('18360082-6'),
('18363517-4'),
('18379022-6'),
('18397725-3'),
('18401996-5'),
('18430407-4'),
('18440268-8'),
('18481991-0'),
('18486531-9'),
('18487169-6'),
('18491573-1'),
('18495766-3'),
('18532071-5'),
('18543862-7'),
('18575156-2'),
('18595030-1'),
('18598960-7'),
('18599136-9'),
('18604493-2'),
('18619682-1'),
('18631423-9'),
('18638684-1'),
('18645135-k'),
('18653731-9'),
('18660568-3'),
('18686963-k'),
('18691861-4'),
('18700817-4'),
('18721005-4'),
('18728155-5'),
('18738186-k'),
('18744001-7'),
('18749256-4'),
('18756477-8'),
('18762861-k'),
('18766791-7'),
('18767755-6'),
('18783520-8'),
('18798124-7'),
('18814692-9'),
('18816018-2'),
('18844964-6'),
('18845209-4'),
('18852359-5'),
('18855282-k'),
('18855611-6'),
('18858185-4'),
('18874107-k'),
('18875515-1'),
('18893694-6'),
('18900246-7'),
('18911726-4'),
('18922942-9'),
('18926834-3'),
('18927008-9'),
('18935628-5'),
('18936163-7'),
('18949920-5'),
('18953288-1'),
('18956474-0'),
('18978016-8'),
('18979688-9'),
('18982627-3'),
('18999464-8'),
('19006555-3'),
('19018136-7'),
('19026280-4'),
('19036268-k'),
('19058643-k'),
('19096620-8'),
('19105493-8'),
('19115407-k'),
('19120436-0'),
('19128881-5'),
('19135515-6'),
('19155144-3'),
('19163059-9'),
('19176601-6'),
('19184328-2'),
('19198923-6'),
('19199357-8'),
('19204242-9'),
('19233618-k'),
('19237267-4'),
('19250569-0'),
('19253791-6'),
('19255256-7'),
('19270650-5'),
('19292152-k'),
('19308270-k'),
('19311341-9'),
('19324641-9'),
('19335925-6'),
('19341550-4'),
('19369379-2'),
('19382159-6'),
('19384334-4'),
('19385443-5'),
('19386900-9'),
('19400209-2'),
('19402121-6'),
('19411124-k'),
('19432846-k'),
('19438767-9'),
('19448250-7'),
('19454640-8'),
('19457785-0'),
('19473318-6'),
('19484957-5'),
('19528644-2'),
('19547817-1'),
('19548611-5'),
('19557515-0'),
('19559641-7'),
('19569203-3'),
('19583718-k'),
('19585533-1'),
('19586515-9'),
('19631044-4'),
('19634706-2'),
('19656943-k'),
('19659359-4'),
('19664081-9'),
('19669963-5'),
('19670967-3'),
('19676501-8'),
('19687629-4'),
('19700750-8'),
('19714290-1'),
('19743620-4'),
('19748195-1'),
('19752704-8'),
('19755898-9'),
('19783662-8'),
('19815608-6'),
('19823600-4'),
('19840621-k'),
('19848581-0'),
('19850820-9'),
('19853989-9'),
('19860422-4'),
('19866433-2'),
('19878870-8'),
('19886592-3'),
('19910380-6'),
('19918987-5'),
('19932684-8'),
('19935501-5'),
('19947745-5'),
('19948887-2'),
('19958763-3');

INSERT INTO [dbo].[t_matricula]
           ([curso_agno]
           ,[matricula_alumno_id]
           ,[matricula_apoderado_id]
           ,[matricula_curso_establ_id])
     VALUES
(2022,2,374,116),
(2022,6,156,20),
(2022,25,223,123),
(2022,51,569,167),
(2022,83,595,56),
(2022,120,384,179),
(2022,136,556,48),
(2022,152,516,196),
(2022,158,132,43),
(2022,179,373,149),
(2022,185,6,116),
(2022,186,241,173),
(2022,62,263,128),
(2022,90,591,46),
(2022,91,33,187),
(2022,94,307,53),
(2022,105,266,87),
(2022,108,180,76),
(2022,139,624,166),
(2022,147,49,151),
(2022,172,103,177),
(2022,177,495,194),
(2022,182,364,31),
(2022,197,222,137),
(2022,200,227,20),
(2022,202,6,182),
(2022,204,370,136),
(2022,229,617,174),
(2022,5,239,3),
(2022,11,209,77),
(2022,18,667,100),
(2022,19,528,27),
(2022,33,688,104),
(2022,42,331,87),
(2022,64,274,198),
(2022,72,90,158),
(2022,73,50,173),
(2022,86,549,146),
(2022,102,430,37),
(2022,130,95,151),
(2022,138,282,7),
(2022,160,86,110),
(2022,164,614,176),
(2022,166,171,167),
(2022,174,650,179),
(2022,192,322,19),
(2022,195,547,150),
(2022,218,174,41),
(2022,230,257,190),
(2022,60,344,145),
(2022,75,440,192),
(2022,85,155,190),
(2022,88,468,82),
(2022,103,47,43),
(2022,146,95,23),
(2022,148,56,10),
(2022,159,497,149),
(2022,170,247,142),
(2022,201,330,115),
(2022,203,536,111),
(2022,219,217,157),
(2022,38,336,3),
(2022,71,393,105),
(2022,77,313,68),
(2022,106,369,177),
(2022,168,126,45),
(2022,184,689,109),
(2022,226,121,159),
(2022,9,684,11),
(2022,23,387,65),
(2022,31,286,109),
(2022,43,129,160),
(2022,53,283,182),
(2022,59,313,139),
(2022,66,554,166),
(2022,95,662,23),
(2022,111,99,191),
(2022,144,387,34),
(2022,151,480,63),
(2022,154,242,173),
(2022,180,243,106),
(2022,187,235,102),
(2022,194,76,164),
(2022,207,462,113),
(2022,215,245,110),
(2022,10,508,1),
(2022,21,79,72),
(2022,22,507,96),
(2022,28,243,12),
(2022,39,662,166),
(2022,40,298,123),
(2022,61,318,60),
(2022,67,477,70),
(2022,68,206,10),
(2022,70,241,186),
(2022,129,638,137),
(2022,137,653,102),
(2022,140,62,157),
(2022,165,275,7),
(2022,178,392,26),
(2022,189,588,88),
(2022,198,295,93),
(2022,208,552,72),
(2022,212,618,24),
(2022,221,456,189),
(2022,227,222,37),
(2022,232,186,22),
(2022,44,606,170),
(2022,48,341,15),
(2022,55,369,145),
(2022,112,118,68),
(2022,133,126,50),
(2022,163,190,154),
(2022,171,76,112),
(2022,206,516,55),
(2022,209,666,34),
(2022,210,178,21),
(2022,217,95,118),
(2022,231,262,19),
(2022,13,624,185),
(2022,17,437,191),
(2022,20,402,53),
(2022,26,44,29),
(2022,32,684,69),
(2022,41,597,161),
(2022,54,169,138),
(2022,57,323,145),
(2022,76,101,129),
(2022,87,668,21),
(2022,100,437,130),
(2022,116,192,80),
(2022,118,567,94),
(2022,119,397,168),
(2022,155,22,196),
(2022,196,564,120),
(2022,205,141,15),
(2022,216,82,21),
(2022,222,6,167),
(2022,24,78,91),
(2022,37,517,184),
(2022,46,34,65),
(2022,65,503,54),
(2022,78,388,50),
(2022,82,252,76),
(2022,92,476,148),
(2022,115,474,32),
(2022,126,689,17),
(2022,141,370,89),
(2022,161,407,118),
(2022,162,392,138),
(2022,175,396,86),
(2022,176,588,1),
(2022,183,155,159),
(2022,213,48,35),
(2022,214,140,130),
(2022,220,201,74),
(2022,228,529,89),
(2022,3,470,21),
(2022,7,260,149),
(2022,30,487,160),
(2022,35,71,186),
(2022,45,398,95),
(2022,50,34,3),
(2022,101,270,196),
(2022,134,630,173),
(2022,150,288,38),
(2022,153,99,90),
(2022,169,261,78),
(2022,181,21,109),
(2022,224,638,92),
(2022,8,548,148),
(2022,29,35,125),
(2022,79,574,53),
(2022,81,637,53),
(2022,96,414,117),
(2022,110,673,103),
(2022,114,590,5),
(2022,117,622,102),
(2022,123,211,191),
(2022,128,130,152),
(2022,156,676,155),
(2022,211,470,8),
(2022,1,20,176),
(2022,4,690,153),
(2022,27,674,115),
(2022,52,287,24),
(2022,74,180,63),
(2022,93,400,198),
(2022,98,229,145),
(2022,125,47,4),
(2022,127,483,61),
(2022,142,267,164),
(2022,143,168,52),
(2022,145,526,40),
(2022,149,62,181),
(2022,157,367,116),
(2022,173,213,31),
(2022,188,305,76),
(2022,193,457,75),
(2022,199,187,190),
(2022,12,262,54),
(2022,34,564,70),
(2022,49,533,128),
(2022,84,653,176),
(2022,89,394,57),
(2022,99,330,124),
(2022,107,496,87),
(2022,109,178,60),
(2022,121,23,161),
(2022,131,105,16),
(2022,132,184,142),
(2022,167,21,170),
(2022,190,53,2),
(2022,223,423,150),
(2022,14,49,102),
(2022,15,192,59),
(2022,16,151,184),
(2022,36,586,124),
(2022,47,233,119),
(2022,56,518,141),
(2022,58,17,134),
(2022,63,571,93),
(2022,69,658,152),
(2022,80,89,25),
(2022,97,118,123),
(2022,104,236,124),
(2022,113,472,178),
(2022,122,235,1),
(2022,124,301,25),
(2022,135,368,3),
(2022,191,66,184),
(2022,225,131,176);

