USE [insideClass]

 SET IDENTITY_INSERT [t_region] ON

 INSERT INTO [dbo].[t_region]
            ([region_id]
 		   ,[region_nombre]
 		   ,[region_abreviatura]
            ,[region_capital])
      VALUES
 	(1,'Arica y Parinacota','AP','Arica'),
 	(2,'Tarapacá','TA','Iquique'),
 	(3,'Antofagasta','AN','Antofagasta'),
 	(4,'Atacama','AT','Copiapó'),
 	(5,'Coquimbo','CO','La Serena'),
 	(6,'Valparaiso','VA','valparaíso'),
 	(7,'Metropolitana de Santiago','RM','Santiago'),
 	(8,'Libertador General Bernardo OHiggins','OH','Rancagua'),
 	(9,'Maule','MA','Talca'),
 	(10,'Ñuble','NB','Chillán'),
 	(11,'Biobío','BI','Concepción'),
 	(12,'La Araucanía','IAR','Temuco'),
 	(13,'Los Ríos','LR','Valdivia'),
 	(14,'Los Lagos','LL','Puerto Montt'),
 	(15,'Aysén del General Carlos Ibáñez del Campo','AI','Coyhaique'),
 	(16,'Magallanes y de la Antártica Chilena','MG','Punta Arenas');

 	SET IDENTITY_INSERT [t_region] OFF



 	SET IDENTITY_INSERT [t_departamentos_provinciales] ON

     INSERT INTO [dbo].[t_departamentos_provinciales]
                ([departamentos_provinciales_id]
     		   ,[departamentos_provinciales_responsable]
     		   ,[departamentos_provinciales_correo]
                ,[departamentos_provinciales_direccion]) VALUES
     (1, 'Carlos Alberto Bahamondes Valdés', 'carlos.bahamondes@mineduc.cl', 'Arturo Prat N° 305 2do. Piso, Arica'),
     (2, 'Carmen Aurora Barrera Hennings  ', 'carmen.barrera@mineduc.cl', 'Zegers Nº 159, Iquique.'),
     (3, 'Paulina Javiera Veliz Suazo  ', 'paulina.veliz@mineduc.cl', 'Coquimbo Nº 847, Antofagasta'),
     (4, 'Walter Alex Aranzaes Guerrero ', 'walter.aranzaes@mineduc.cl', 'Bañados Espinoza Nº 1854, Calama'),
     (5, 'Oriana Escobar Delgado ', 'oriana.escobar@mineduc.cl', 'Chañarcillo n°550, Copiapó'),
     (6, 'Mauricio Antonio Lopez Silva  ', 'mauricio.lopez@mineduc.cl', 'Ramírez nº740, Vallenar'),
     (7, 'Francisco Rafael Alvear Novoa  ', 'francisco.alvear@mineduc.cl', 'Pedro Pablo Nuñez 664, La Serena.'),
     (8, 'Susana Rosa Torres Pérez  ', 'susana.torres@mineduc.cl', 'Miguel Aguirre Nº 651, Ovalle'),
     (9, 'Alfonso Erick Zelada López  ', 'erick.zelada@mineduc.cl', 'Buin nº 724, Illapel'),
     (10, 'María Alejandra Torres Jeldes  ', 'maria.torresj@mineduc.cl', 'Arlegui Nº 852, Viña del Mar'),
     (11, 'Miguel Enrique Caro Montecinos  ', 'miguel.caro@mineduc.cl', 'Toro Mazote nº 1232, San Felipe'),
     (12, 'Marta Mercedes Renard Vargas  ', 'marta.renard@mineduc.cl', 'Pudeto 356, Quillota.'),
     (13, 'Sergio Mauricio Baeza Cabello  ', 'sergio.baeza@mineduc.cl', 'Avenida Barros Lucos N° 1613, Piso N° 11, Oficina N° 1101, Barrancas, San Antonio'),
     (14, 'Andrea De Lourdes Maldonado Valdivia  ', 'andrea.maldonado@mineduc.cl', 'Bulnes N° 215, Rancagua'),
     (15, 'Andrea Carolina Mira Silva  ', 'andrea.mira@mineduc.cl', 'Valdivia n°810, San Fernando'),
     (16, 'José Celín Sánchez García  ', 'jose.sanchez@mineduc.cl', 'Anibal Pinto 507, Pichilemu'),
     (17, 'Rodrigo Alejandro Castro Trejo  ', 'rodrigo.castrot@mineduc.cl', 'Merced n°211, Curicó'),
     (18, 'Juan Pedro Muñoz Barrios  ', 'juan.munozb@mineduc.cl', '5 Norte nº 1360, Talca'),
     (19, 'Carolina Andrea Daigre Núñez  ', 'carolina.daigre@mineduc.cl', 'Yumbel n°698, Linares'),
     (20, 'Edna Margarita Jara Montecinos  ', 'edna.jara@mineduc.cl', 'Pérez n°350, Cauquenes'),
     (21, 'María Fernanda Rojas Obreque  ', 'mariaf.rojas@mineduc.cl', 'Avenida Libertad s/n, Edificios Públicos, Chillán'),
     (22, 'Ester de las Mercedes Cea Urra  ', 'ester.cea@mineduc.cl', 'Saavedra N°512, Lebu'),
     (23, 'Rossemarie Soledad Sanchez Ferrera  ', 'rossemarie.sanchez@mineduc.cl', 'Caupolicán S/N Piso 3 Edificio Público, Los Ángeles'),
     (24, 'Matias Andres Aravena Moraga  ', 'matias.aravena@mineduc.cl', 'Rengo N°26, Concepción'),
     (25, 'Edinson Roberto Contreras Canario  ', 'edinson.contreras@mineduc.cl', 'Claro Solar n°1075, Temuco'),
     (26, 'Diego Nicolás Vrsalovic Huenumilla  ', 'diego.vrsalovic@mineduc.cl', 'Claro Solar n°1075, Temuco'),
     (27, 'Marco Andrés Benedetti Morales  ', 'marco.benedetti@mineduc.cl', 'Pedro Aguirre Cerda n°212, Angol'),
     (28, 'Luis Enrique Barrios Acevedo  ', 'enrique.barrios@mineduc.cl', 'Carlos Andwandter N° 708, Valdivia'),
     (29, 'Luis Peroti Navarro  ', 'luis.peroti@mineduc.cl', 'Esmeralda n°412, La Unión'),
     (30, 'Giovani Hernan Aravena Oyarzun  ', 'giovani.aravena@mineduc.cl', 'Ramírez n°559, Osorno'),
     (31, 'José Gerardo Saldivia Ampuero  ', 'gerardo.saldivia@mineduc.cl', 'Rancagua N° 203, Puerto Montt'),
     (32, 'Lorena Soledad Romero Delgado  ', 'lorena.romero@mineduc.cl', 'O’Higgins n°523, Castro'),
     (33, 'Tamara Marisol Galindo Casanova  ', 'tamara.galindo@mineduc.cl', 'Juan Todesco°106, Chaitén'),
     (34, 'Yoal Rennuf Díaz Reyes  ', 'yoal.diaz@mineduc.cl', 'Pedro Dussen Nº 229, Coyhaique'),
     (35, 'Carolina Olvido Álvarez Antonin  ', 'carolina.alvarez@mineduc.cl', 'El Ovejero n°0285-B, Punta Arenas'),
     (36, 'Daniela Ríos Canales  ', 'daniela.rios@mineduc.cl', 'San Martin nº 642, Santiago'),
     (37, 'Jorge Antonio Figueroa Figueroa  ', 'jorgea.figueroa@mineduc.cl', 'San Martin nº 642, Santiago'),
     (38, 'Orlando Gabriel Vigorena González  ', 'orlando.vigorena@mineduc.cl', 'Rosita Renard n°1191, Ñuñoa'),
     (39, 'Hugo Ignacio Ovalle Ovalle  ', 'hugo.ovalle@mineduc.cl', 'San Martin nº 642, Santiago'),
     (40, 'Osvaldo Patricio Maldonado Pinto  ', 'osvaldo.maldonado@mineduc.cl', 'Balmaceda 371, (segundo piso), Puente Alto.'),
     (41, 'Cristián Ernesto Cartagena Vidal  ', 'cristian.cartagena@mineduc.cl', 'Balmaceda n°1133, Talagante'),
     (42, 'Ricardo Adrián Bustamante Cornejo ', ' ricardo.bustamante@mineduc.cl', 'Ricardo Morales N° 3369, San Miguel')

     SET IDENTITY_INSERT [t_departamentos_provinciales] OFF

 		SET IDENTITY_INSERT [t_provincias] ON

 	INSERT INTO [dbo].[t_provincias]
                ([provincia_id],
     		   [provincia_nombre]
                ,[provincia_region_id])
          VALUES
         (1,'Arica y Parinacota',1),
         (2,'Iquique',2),
         (3,'El Tamarugal',2),
         (4,'Tocopilla',3),
         (5,'El Loa',3),
         (6,'Antofagasta',3),
         (7,'Chañaral',4),
         (8,'Copiapó',4),
         (9,'Huasco',4),
         (10,'Elqui',5),
         (11,'Limarí',5),
         (12,'Choapa',5),
         (13,'Petorca',6),
         (14,'Los Andes',6),
         (15,'San Felipe de Aconcagua',6),
         (16,'Quillota',6),
         (17,'Valparaiso',6),
         (18,'San Antonio',6),
         (19,'Isla de Pascua',6),
         (20,'Marga Marga',6),
         (21,'Chacabuco',7),
         (22,'Santiago',7),
         (23,'Cordillera',7),
         (24,'Maipo',7),
         (25,'Melipilla',7),
         (26,'Talagante',7),
         (27,'Cachapoal',8),
         (28,'Colchagua',8),
         (29,'Cardenal Caro',8),
         (30,'Curicó',9),
         (31,'Talca',9),
         (32,'Linares',9),
         (33,'Cauquenes',9),
         (34,'Diguillín',10),
         (35,'Ñuble',10),
         (36,'Punilla',10),
         (37,'Bio Bío',11),
         (38,'Concepción',11),
         (39,'Arauco',11),
         (40,'Malleco',12),
         (41,'Cautín',12),
         (42,'Valdivia',13),
         (43,'Ranco',13),
         (44,'Osorno',14),
         (45,'Llanquihue',14),
         (46,'Chiloé',14),
         (47,'Palena',14),
         (48,'Coyhaique',15),
         (49,'Aysén',15),
         (50,'General Carrera',15),
         (51,'Capitán Prat',15),
         (52,'Última Esperanza',16),
         (53,'Magallanes',16),
         (54,'Tierra del Fuego',16),
         (55,'Antártica Chilena',16)

     SET IDENTITY_INSERT [t_provincias] OFF

 SET IDENTITY_INSERT [t_comuna] ON

 INSERT INTO [dbo].[t_comuna]
 (comuna_id, comuna_nombre, comuna_provincia_id,comuna_deprov_id)
      VALUES
 	(1,'Arica',1,1),
     	(2,'Camarones',1,1),
     	(3,'General Lagos',2,1),
     	(4,'Putre',2,1),
     	(5,'Alto Hospicio',3,2),
     	(6,'Iquique',3,2),
     	(7,'Camiña',4,2),
     	(8,'Colchane',4,2),
     	(9,'Huara',4,2),
     	(10,'Pica',4,2),
     	(11,'Pozo Almonte',4,2),
       	(12,'Tocopilla',5,3),
       	(13,'María Elena',5,3),
     	(14,'Calama',6,4),
     	(15,'Ollague',6,4),
     	(16,'San Pedro de Atacama',6,4),
       	(17,'Antofagasta',7,3),
     	(18,'Mejillones',7,3),
     	(19,'Sierra Gorda',7,3),
     	(20,'Taltal',7,2),
     	(21,'Chañaral',8,4),
     	(22,'Diego de Almagro',8,5),
       	(23,'Copiapó',9,5),
     	(24,'Caldera',9,5),
     	(25,'Tierra Amarilla',9,5),
       	(26,'Vallenar',10,6),
     	(27,'Alto del Carmen',10,6),
     	(28,'Freirina',10,6),
     	(29,'Huasco',10,6),
     	(30,'La Serena',11,7),
       	(31,'Coquimbo',11,7),
       	(32,'Andacollo',11,7),
       	(33,'La Higuera',11,7),
       	(34,'Paihuano',11,7),
     	(35,'Vicuña',11,7),
     	(36,'Ovalle',12,8),
       	(37,'Combarbalá',12,8),
       	(38,'Monte Patria',12,8),
       	(39,'Punitaqui',12,8),
     	(40,'Río Hurtado',12,8),
     	(41,'Illapel',13,9),
     	(42,'Canela',13,9),
     	(43,'Los Vilos',13,9),
     	(44,'Salamanca',13,9),
     	(45,'La Ligua',14,12),
       	(46,'Cabildo',14,12),
     	(47,'Zapallar',14,12),
       	(48,'Papudo',14,12),
     	(49,'Petorca',14,12),
     	(50,'Los Andes',15,11),
     	(51,'San Esteban',15,11),
       	(52,'Calle Larga',15,11),
       	(53,'Rinconada',15,11),
     	(54,'San Felipe',16,11),
       	(55,'Llaillay',16,11),
       	(56,'Putaendo',16,11),
     	(57,'Santa María',16,11),
     	(58,'Catemu',16,11),
     	(59,'Panquehue',16,11),
       	(60,'Quillota',17,12),
       	(61,'La Cruz',17,12),
     	(62,'La Calera',17,12),
     	(63,'Nogales',17,12),
       	(64,'Hijuelas',17,12),
     	(65,'Valparaíso',18,10),
       	(66,'Viña del Mar',18,10),
     	(67,'Concón',18,10),
      	(68,'Quintero',18,10),
       	(69,'Puchuncaví',18,10),
     	(70,'Casablanca',18,10),
     	(71,'Juan Fernández',18,10),
     	(72,'San Antonio',19,13),
       	(73,'Cartagena',19,13),
     	(74,'El Tabo',19,13),
     	(75,'El Quisco',19,13),
     	(76,'Algarrobo',19,13),
     	(77,'Santo Domingo',19,13),
     	(78,'Isla de Pascua',20,10),
     	(79,'Quilpué',21,10),
     	(80,'Limache',21,12),
     	(81,'Olmué',21,12),
     	(82,'Villa Alemana',21,10),
     	(83,'Colina',22,36),
     	(84,'Lampa',22,36),
     	(85,'Tiltil',22,36),
     	(86,'Santiago',23,39),
     	(87,'Vitacura',23,38),
       	(88,'San Ramón',23,42),
     	(89,'San Miguel',23,39),
     	(90,'San Joaquín',23,39),
       	(91,'Renca',23,36),
     	(92,'Recoleta',23,36),
       	(93,'Quinta Normal',23,37),
     	(94,'Quilicura',23,36),
       	(95,'Pudahuel',23,37),
       	(96,'Providencia',23,38),
     	(97,'Peñalolén',23,38),
       	(98,'Pedro Aguirre Cerda',23,39),
     	(99,'Ñuñoa',23,38),
     	(100,'Maipú',23,37),
     	(101,'Macul',23,38),
     	(102,'Lo Prado',23,37),
     	(103,'Lo Espejo',23,42),
     	(104,'Lo Barnechea',23,38),
     	(105,'Las Condes',23,38),
     	(106,'La Reina',23,38),
     	(107,'La Pintana',23,40),
     	(108,'La Granja',23,42),
     	(109,'La Florida',23,40),
       	(110,'La Cisterna',23,42),
       	(111,'Independencia',23,36),
       	(112,'Huechuraba',23,36),
     	(113,'Estación Central',23,37),
       	(114,'El Bosque',23,42),
       	(115,'Conchalí',23,36),
       	(116,'Cerro Navia',23,37),
       	(117,'Cerrillos',23,37),
     	(118,'Puente Alto',24,38),
     	(119,'San José de Maipo',24,38),
       	(120,'Pirque',24,38),
     	(121,'San Bernardo',25,42),
     	(122,'Buin',25,42),
       	(123,'Paine',25,42),
     	(124,'Calera de Tango',25,42),
     	(125,'Melipilla',26,41),
     	(126,'Alhué',26,41),
     	(127,'Curacaví',26,41),
     	(128,'María Pinto',26,41),
     	(129,'San Pedro',26,41),
     	(130,'Isla de Maipo',27,41),
       	(131,'El Monte',27,41),
     	(132,'Padre Hurtado',27,41),
     	(133,'Peñaflor',27,41),
     	(134,'Talagante',27,41),
     	(135,'Codegua',28,14),
     	(136,'Coínco',28,14),
     	(137,'Coltauco',28,14),
     	(138,'Doñihue',28,14),
     	(139,'Graneros',28,14),
     	(140,'Las Cabras',28,14),
     	(141,'Machalí',28,14),
     	(142,'Malloa',28,14),
     	(143,'Mostazal',28,14),
     	(144,'Olivar',28,14),
     	(145,'Peumo',28,14),
     	(146,'Pichidegua',28,16),
     	(147,'Quinta de Tilcoco',28,14),
     	(148,'Rancagua',28,14),
     	(149,'Rengo',28,14),
     	(150,'Requínoa',28,14),
     	(151,'San Vicente de Tagua Tagua',28,14),
     	(152,'Chépica',29,15),
     	(153,'Chimbarongo',29,15),
     	(154,'Lolol',29,15),
       	(155,'Nancagua',29,15),
       	(156,'Palmilla',29,15),
       	(157,'Peralillo',29,15),
     	(158,'Placilla',29,15),
      	(159,'Pumanque',29,15),
     	(160,'San Fernando',29,15),
     	(161,'Santa Cruz',29,15),
     	(162,'La Estrella',30,16),
     	(163,'Litueche',30,16),
     	(164,'Marchigüe',30,16),
     	(165,'Navidad',30,16),
     	(166,'Paredones',30,16),
     	(167,'Pichilemu',30,16),
     	(168,'Curicó',31,17),
     	(169,'Hualañé',31,17),
     	(170,'Licantén',31,17),
      	(171,'Molina',31,17),
     	(172,'Rauco',31,17),
     	(173,'Romeral',31,17),
     	(174,'Sagrada Familia',31,17),
     	(175,'Teno',31,17),
     	(176,'Vichuquén',31,17),
     	(177,'Talca',32,18),
     	(178,'San Clemente',32,18),
     	(179,'Pelarco',32,18),
     	(180,'Pencahue',32,18),
     	(181,'Maule',32,18),
     	(182,'San Rafael',32,18),
     	(183,'Curepto',33,18),
     	(184,'Constitución',32,18),
     	(185,'Empedrado',32,18),
     	(186,'Río Claro',32,18),
       	(187,'Linares',33,19),
     	(188,'San Javier',33,19),
     	(189,'Parral',33,19),
     	(190,'Villa Alegre',33,19),
     	(191,'Longaví',33,19),
     	(192,'Colbún',33,19),
     	(193,'Retiro',33,19),
     	(194,'Yerbas Buenas',33,19),
       	(195,'Cauquenes',34,20),
     	(196,'Chanco',34,20),
     	(197,'Pelluhue',34,20),
     	(198,'Bulnes',35,21),
     	(199,'Chillán',35,21),
     	(200,'Chillán Viejo',35,21),
     	(201,'El Carmen',35,21),
     	(202,'Pemuco',35,21),
     	(203,'Pinto',35,21),
     	(204,'Quillón',35,21),
     	(205,'San Ignacio',35,21),
     	(206,'Yungay',35,21),
     	(207,'Cobquecura',35,21),
     	(208,'Coelemu',35,21),
     	(209,'Ninhue',35,21),
     	(210,'Portezuelo',35,21),
     	(211,'Quirihue',35,21),
     	(212,'Ránquil',35,21),
     	(213,'Treguaco',35,21),
     	(214,'San Carlos',35,21),
     	(215,'Coihueco',35,21),
     	(216,'San Nicolás',35,21),
     	(217,'Ñiquén',35,21),
     	(218,'San Fabián',35,21),
     	(219,'Alto Biobío',37,23),
     	(220,'Antuco',37,23),
     	(221,'Cabrero',37,23),
     	(222,'Laja',37,23),
     	(223,'Los Ángeles',37,23),
     	(224,'Mulchén',37,23),
     	(225,'Nacimiento',37,23),
     	(226,'Negrete',37,23),
     	(227,'Quilaco',37,23),
     	(228,'Quilleco',37,23),
     	(229,'San Rosendo',37,23),
     	(230,'Santa Bárbara',37,23),
     	(231,'Tucapel',37,23),
     	(232,'Yumbel',37,23),
     	(233,'Concepción',38,24),
     	(234,'Coronel',38,24),
     	(235,'Chiguayante',38,24),
     	(236,'Florida',38,24),
     	(237,'Hualpén',38,24),
     	(238,'Hualqui',38,24),
     	(239,'Lota',38,24),
     	(240,'Penco',38,24),
     	(241,'San Pedro de La Paz',38,24),
     	(242,'Santa Juana',38,24),
     	(243,'Talcahuano',38,24),
     	(244,'Tomé',38,24),
     	(245,'Arauco',35,22),
     	(246,'Cañete',35,22),
     	(247,'Contulmo',35,22),
     	(248,'Curanilahue',35,22),
     	(249,'Lebu',35,22),
     	(250,'Los Álamos',35,22),
     	(251,'Tirúa',35,22),
     	(252,'Angol',40,27),
     	(253,'Collipulli',40,27),
     	(254,'Curacautín',40,27),
     	(255,'Ercilla',40,27),
     	(256,'Lonquimay',40,27),
     	(257,'Los Sauces',40,27),
     	(258,'Lumaco',40,27),
     	(259,'Purén',40,27),
     	(260,'Renaico',40,27),
     	(261,'Traiguén',40,27),
     	(262,'Victoria',40,27),
     	(263,'Temuco',41,26),
     	(264,'Carahue',41,26),
     	(265,'Cholchol',41,26),
     	(266,'Cunco',41,26),
     	(267,'Curarrehue',41,25),
     	(268,'Freire',41,25),
     	(269,'Galvarino',41,26),
     	(270,'Gorbea',41,25),
     	(271,'Lautaro',41,26),
     	(272,'Loncoche',41,25),
     	(273,'Melipeuco',41,26),
     	(274,'Nueva Imperial',41,26),
     	(275,'Padre Las Casas',41,25),
     	(276,'Perquenco',41,26),
     	(277,'Pitrufquén',41,25),
     	(278,'Pucón',41,25),
     	(279,'Saavedra',41,26),
     	(280,'Teodoro Schmidt',41,25),
     	(281,'Toltén',41,25),
     	(282,'Vilcún',41,26),
     	(283,'Villarrica',41,25),
     	(284,'Valdivia',42,28),
     	(285,'Corral',42,28),
     	(286,'Lanco',42,28),
     	(287,'Los Lagos',42,28),
     	(288,'Máfil',42,28),
     	(289,'Mariquina',42,28),
     	(290,'Paillaco',42,28),
     	(291,'Panguipulli',42,28),
     	(292,'La Unión',43,29),
     	(293,'Futrono',43,29),
     	(294,'Lago Ranco',43,29),
     	(295,'Río Bueno',43,29),
     	(296,'Osorno',44,30),
     	(297,'Puerto Octay',44,30),
     	(298,'Purranque',44,30),
     	(299,'Puyehue',44,30),
     	(300,'Río Negro',44,30),
     	(301,'San Juan de la Costa',44,30),
     	(302,'San Pablo',44,30),
     	(303,'Calbuco',45,31),
     	(304,'Cochamó',45,31),
     	(305,'Fresia',45,31),
     	(306,'Frutillar',45,31),
     	(307,'Llanquihue',45,31),
     	(308,'Los Muermos',45,31),
     	(309,'Maullín',45,31),
     	(310,'Puerto Montt',45,31),
     	(311,'Puerto Varas',45,31),
     	(312,'Ancud',46,32),
     	(313,'Castro',46,32),
     	(314,'Chonchi',46,32),
     	(315,'Curaco de Vélez',46,32),
     	(316,'Dalcahue',46,32),
     	(317,'Puqueldón',46,32),
     	(318,'Queilén',46,32),
     	(319,'Quellón',46,32),
     	(320,'Quemchi',46,32),
     	(321,'Quinchao',46,32),
     	(322,'Chaitén',46,32),
     	(323,'Futaleufú',47,33),
     	(324,'Hualaihué',47,33),
     	(325,'Palena',47,33),
     	(326,'Lago Verde',48,34),
     	(327,'Coihaique',48,34),
     	(328,'Aysén',48,34),
     	(329,'Cisnes',48,34),
     	(330,'Guaitecas',48,34),
     	(331,'Río Ibáñez',48,34),
     	(332,'Chile Chico',48,34),
     	(333,'Cochrane',48,34),
     	(334,'OHiggins',48,34),
     	(335,'Tortel',48,34),
     	(336,'Natales',48,34),
     	(337,'Torres del Paine',53,35),
     	(338,'Laguna Blanca',53,35),
     	(339,'Punta Arenas',53,35),
     	(340,'Río Verde',53,35),
     	(341,'San Gregorio',53,35),
     	(342,'Porvenir',53,35),
     	(343,'Primavera',53,35),
     	(344,'Timaukel',53,35),
     	(345,'Cabo de Hornos',53,35),
     	(346,'Antártica',53,35);

     SET IDENTITY_INSERT [t_comuna] OFF


INSERT INTO [dbo].[t_dependencia]
            ([dependencia_nombre])
      VALUES
            ('Municipal DAEM'),
              ('Municipal Corporación'),
            ('Particular Subvencionado'),
            ('Particular Subvencionado'),
            ('Particular'),
            ('Servicio Local de Educación');


 SET IDENTITY_INSERT [t_codigo_ensenanza] ON
 INSERT INTO [dbo].[t_codigo_ensenanza]
            (codigo_ensenanza_id, codigo_ensenanza_nombre)
      VALUES
   ('461','Educación Media Técnico Profesional, de Adultos, rama Comercial, con hasta 25 horas semanales presénciales de clases.'),
 ('167','Básica Adultos Con Oficio Dto. 239'),
 ('165','Básica Adultos sin Oficio Dto. 239'),
 ('263','Educ. General Básica Especial Diferencial, con integración de 7° ú 8° agno básico'),
 ('264','Educ. General Básica Especial Diferencial, con integración en Educación Media Científico Humanista'),
 ('260','Educ. General Básica Especial Diferencial, con integración en párvulos'),
 ('660','Educ.Media Técnico Profesional, de Adultos, rama'),
 ('560','Educ.Media Técnico Profesional, de Adultos, rama Industrial, con 26 o más horas semanales presénciales de clases.'),
 ('561','Educ.Media Técnico Profesional, de Adultos, rama Industrial, con hasta 25 horas semanales presénciales de clases.'),
 ('110','Educación General Básica (1ro. a 8vo. agno)'),
 ('160','Educación General Básica de Adultos'),
 ('280','Educación General Básica Especial Diferencial, alumnos con discapacidad visual, auditiva o multidéficit, que perciben un aumento de subvención, en conformidad a lo establecido en el artículo 9° bis, del DFL. N° 2, de Educación, de 1998 y su reglamento.'),
 ('261','Educación General Básica Especial Diferencial, con integración de 1° a 4° agno básico'),
 ('262','Educación General Básica Especial Diferencial, con integración de 5° ó 6° agno básico'),
 ('268','Educación General Básica Especial Diferencial, con integración en Educación Básica de Adultos.'),
 ('269','Educación General Básica Especial Diferencial, con integración en Educación Media de Adultos.'),
 ('265','Educación General Básica Especial Diferencial, con integración en Educación Media Técnico Profesional Agrícola y Marítima'),
 ('267','Educación General Básica Especial Diferencial, con integración en Educación Media Técnico Profesional Comercial o Técnica'),
 ('266','Educación General Básica Especial Diferencial, con integración en Educación Media Técnico Profesional Industrial.'),
 ('361','Educación Media Humanístico Científica de Adultos, con hasta 25 horas semanales de clases.'),
 ('360','Educación Media Humanístico Científica de Adultos, con más de 26 horas semanales presénciales de clases.'),
 ('310','Educación Media Humanístico Científica.'),
 ('460','Educación Media Técnico Profesional, de Adultos, rama Comercial, con 26 o más horas semanales presénciales de clases.'),
 ('410','Educación Media Técnico Profesional, rama Comercial.'),
 ('510','Educación Media Técnico Profesional, rama Industrial.'),
 ('610','Educación Media Técnico Profesional, rama Técnica.'),
 ('9','Educación Parvularia 1do. Nivel de transición'),
 ('10','Educación Parvularia 2do. Nivel de transición'),
 ('291','Esp. Dif. Aulas Hospitalarias Básica'),
 ('292','Esp. Dif. Aulas Hospitalarias Media'),
 ('290','Esp. Dif. Aulas Hospitalarias PreBásica'),
 ('181','Esp. Dif. Déficit Auditivo Básica'),
 ('182','Esp. Dif. Déficit Auditivo Laboral'),
 ('180','Esp. Dif. Déficit Auditivo PreBásica'),
 ('251','Esp. Dif. Déficit Autista Básica'),
 ('252','Esp. Dif. Déficit Autista Laboral'),
 ('250','Esp. Dif. Déficit Autista PreBásica'),
 ('231','Esp. Dif. Déficit Grave Alter Relac y Comun. Básica'),
 ('232','Esp. Dif. Déficit Grave Alter Relac y Comun. Laboral '),
 ('230','Esp. Dif. Déficit Grave Alter Relac y Comun. PreBásica'),
 ('191','Esp. Dif. Déficit Mental Básica'),
 ('192','Esp. Dif. Déficit Mental Laboral'),
 ('190','Esp. Dif. Déficit Mental PreBásica'),
 ('241','Esp. Dif. Déficit Trastornos Motores Básica'),
 ('242','Esp. Dif. Déficit Trastornos Motores Laboral'),
 ('240','Esp. Dif. Déficit Trastornos Motores PreBásica'),
 ('201','Esp. Dif. Déficit Visual Básica'),
 ('200','Esp. Dif. Déficit Visual PreBásica'),
 ('202','Esp. Dif. Déficit Visula Laboral'),
 ('272','Integración Nec.Educ.Esp.Car.Tran- 1º a 4º Básico T.E.L. '),
 ('270','Integración Nec.Educ.Esp.Car.Tran- 1º N.T. T.E.L.'),
 ('271','Integración Nec.Educ.Esp.Car.Tran- 2º N.T. T.E.L.'),
 ('365','Media Adult H.C. Adultos Dto 239'),
 ('465','Media Adult. Tec-Prof. Comercial Dto 239'),
 ('565','Media Adult. Tec-Prof. Industrial Dto. 239'),
 ('220','Nec.Educ.Esp.Car.Tran- T.E.L.');

 SET IDENTITY_INSERT [t_codigo_ensenanza] OFF

  INSERT INTO [dbo].[t_curso]
             ([curso_nivel]
             ,[curso_nombre])
       VALUES
  			('Preescolas', 'Pre-Kinder'),
  			('Preescolas', 'Kinder'),
  			('Básica', '1°A'),
  			('Básica', '1°B'),
  			('Básica', '2°A'),
  			('Básica', '2°B'),
  			('Básica', '3°A'),
  			('Básica', '3°B'),
  			('Básica', '4°A'),
  			('Básica', '4°B'),
  			('Básica', '5°A'),
  			('Básica', '5°B'),
  			('Básica', '6°A'),
  			('Básica', '6°B'),
  			('Básica', '7°A'),
  			('Básica', '7°B'),
  			('Básica', '8°A'),
  			('Básica', '8°B'),
  			('Básica', 'I°M A'),
  			('Básica', 'I°M B'),
  			('Básica', 'II°M A'),
  			('Básica', 'II°M B'),
  			('Básica', 'III°M A'),
  			('Básica', 'III°M B'),
  			('Básica', 'IV°M A'),
  			('Básica', 'IV°M B');

  			INSERT INTO [dbo].[t_persona]
                                    ([persona_run]
                                    ,[persona_apellido_materno]
                                    ,[persona_apellido_paterno]
                                    ,[persona_fecha_nacimiento]
                                    ,[persona_nombre]
                                    ,[persona_numero_celular]
                                    ,[persona_numero_telefonico]
                                    ,[persona_sexo])
                                  VALUES
                         ( '10007672-1 ', ' ', 'Daza ', '1987-5-17 ', 'Carlota ','+56913328986', '(2) 24986 3823 ', 'F '),
                         ( '10020197-6 ', ' ', 'Calleja ', '1987-11-6 ', 'Álvaro ','+56971612156', '(2) 23758 6292 ', 'M '),
                         ( '10023418-1 ', ' ', 'Perea ', '1987-2-11 ', 'Filomena ','+56945106822', '(2) 22037 2393 ', 'F '),
                         ( '10028406-5 ', ' ', 'Valcárcel ', '1987-11-1 ', 'Lourdes ','+56973788658', '(2) 21943 3541 ', 'M '),
                         ( '10030941-6 ', ' ', 'Camino ', '1987-8-14 ', 'Pacífica ','+56962542790', '(2) 23783 3946 ', 'F '),
                         ( '10033211-6 ', 'Cuadrado ', 'Blanco ', '1987-11-16 ', 'Natalia ','+56921287722', '(2) 26213 6879 ', 'F '),
                         ( '10042303-0 ', ' ', 'Solsona ', '1987-2-27 ', 'Isaura ','+56957824360', '(2) 28514 6498 ', 'F '),
                         ( '10045179-4 ', ' ', 'Romero ', '1987-10-17 ', 'Cleto ','+56934623652', '(2) 22882 7529 ', 'M '),
                         ( '10069276-7 ', ' ', 'Ferrando ', '1987-3-16 ', 'Edu ','+56921501547', '(2) 28832 3630 ', 'M '),
                         ( '10078762-8 ', ' ', 'Castrillo ', '1987-3-15 ', 'Gaspar ','+56987583472', '(2) 22003 7828 ', 'M '),
                         ( '10087828-3 ', ' ', 'Miró ', '1987-1-6 ', 'Baldomero ','+56962401920', '(2) 22829 7643 ', 'M '),
                         ( '10141047-1 ', ' ', 'Jódar ', '1987-1-5 ', 'Teófilo ','+56946833917', '(2) 25453 3836 ', 'M '),
                         ( '10145326-k ', ' ', 'Millán ', '1987-7-28 ', 'Vanesa ','+56942692177', '(2) 24506 8765 ', 'F '),
                         ( '10156977-2 ', ' ', 'Alonso ', '1987-1-11 ', 'Edelmiro ','+56961617888', '(2) 21276 4645 ', 'M '),
                         ( '10158382-1 ', ' ', ' ', '1987-3-22 ', 'Narcisa ','+56926677562', '(2) 28138 5189 ', 'F '),
                         ( '10170629-k ', ' ', 'Arce ', '1987-6-12 ', 'Poncio ','+56910319020', '(2) 26791 3190 ', 'M '),
                         ( '10207401-7 ', ' ', ' ', '1987-6-3 ', 'Ileana ','+56913848988', '(2) 22007 8158 ', 'F '),
                         ( '10224802-3 ', ' ', 'Sanz ', '1987-2-25 ', 'Ainoa ','+56986547479', '(2) 27229 2550 ', 'F '),
                         ( '10241265-6 ', 'Casal ', 'Pacheco ', '1987-9-11 ', 'Merche ','+56986817120', '(2) 23751 6953 ', 'M '),
                         ( '14218894-5 ', ' ', 'Peral ', '1978-6-12 ', 'Adelina ','+56988196667', '(2) 27544 2603 ', 'F '),
                         ( '14224136-6 ', ' ', 'Calatayud ', '1978-11-10 ', 'Raquel ','+56937291132', '(2) 23435 3715 ', 'M '),
                      ( '14225191-4 ', ' ', ' ', '1978-5-17 ', 'Iván ','+56963621469', '(2) 21071 8160 ', 'M '),
                      ( '14249583-k ', ' ', ' ', '1978-2-18 ', 'Danilo ','+56962637989', '(2) 24741 4585 ', 'M '),
                      ( '14256080-1 ', ' ', 'Sans ', '1978-11-18 ', 'Adelina ','+56975874969', '(2) 28822 5325 ', 'F '),
                      ( '14257703-8 ', ' ', 'Cabrera ', '1978-11-6 ', 'Visitación ','+56942516588', '(2) 21034 4695 ', 'M '),
                      ( '14275763-k ', ' ', 'Sierra ', '1978-3-9 ', 'Fernando ','+56976387876', '(2) 25935 6919 ', 'M '),
                      ( '14281043-3 ', ' ', 'Aguado ', '1978-11-9 ', 'Florina ','+56937408478', '(2) 21780 2630 ', 'F '),
                      ( '14287344-3 ', ' ', 'Ortega ', '1978-12-14 ', 'Jimena ','+56916573718', '(2) 26661 5318 ', 'F '),
                      ( '14296021-4 ', ' ', 'Godoy ', '1978-10-23 ', 'Hermenegildo ','+56926694359', '(2) 28583 8961 ', 'M '),
                      ( '14305011-4 ', 'Llanos ', 'Frutos ', '1978-11-27 ', 'Fulgencio ','+56981635289', '(2) 22323 3499 ', 'M '),
                      ( '14305013-0 ', ' ', ' ', '1978-8-12 ', 'Aureliano ','+56983893669', '(2) 22853 5335 ', 'M '),
                      ( '14462369-k ', 'Lasa ', 'Arce ', '1978-8-1 ', 'Juan ','+56954353877', '(2) 25771 2557 ', 'M '),
                                   ( '14472366-k ', ' ', 'Girona ', '1978-11-14 ', 'Adelina ','+56929606443', '(2) 24450 6013 ', 'F '),
                                   ( '14486694-0 ', ' ', 'Lucena ', '1978-10-20 ', 'Chuy ','+56989258436', '(2) 23568 4737 ', 'M '),
                                   ( '14491813-4 ', ' ', 'Álvarez ', '1978-7-20 ', 'Graciana ','+56935883624', '(2) 27125 4184 ', 'F '),
                                   ( '14501107-8 ', ' ', 'Barceló ', '1978-4-16 ', 'Jaime ','+56984572332', '(2) 27085 3470 ', 'M '),
                                   ( '14509486-0 ', ' ', 'Maza ', '1978-5-11 ', 'Abraham ','+56927622920', '(2) 28941 4424 ', 'M '),
                                   ( '14510271-5 ', 'Casado ', 'Alarcón ', '1978-7-14 ', 'María ','+56919397565', '(2) 23089 8112 ', 'F '),
                                   ( '14539285-3 ', ' ', 'Pelayo ', '1978-6-4 ', 'Gisela ','+56922425963', '(2) 27182 6261 ', 'F '),
                                   ( '14549981-k ', ' ', 'Pedrero ', '1978-12-27 ', 'Jordán ','+56910691385', '(2) 22826 2231 ', 'M '),
                                   ( '14554230-8 ', ' ', 'Mercader ', '1978-5-2 ', 'Marisela ','+56932252744', '(2) 24360 7735 ', 'F '),
                                   ( '14554251-0 ', ' ', 'Higueras ', '1978-6-15 ', 'Oriana ','+56912106922', '(2) 25426 3442 ', 'F '),
                                   ( '14567934-6 ', ' ', 'Uriarte ', '1978-9-28 ', 'Perlita ','+56946666473', '(2) 26641 2456 ', 'F ');



                         INSERT INTO [dbo].[t_representante_legal]
                                    ([representante_legal_persona_run])
                              VALUES
                         ( '10007672-1 '),
                         ( '10020197-6 '),
                         ( '10023418-1 '),
                         ( '10028406-5 '),
                         ( '10030941-6 '),
                         ( '10033211-6 '),
                         ( '10042303-0 '),
                         ( '10045179-4 '),
                         ( '10069276-7 '),
                         ( '10078762-8 '),
                         ( '10087828-3 '),
                         ( '10141047-1 '),
                         ( '10145326-k '),
                         ( '10156977-2 '),
                         ( '10158382-1 '),
                         ( '10170629-k '),
                         ( '10207401-7 '),
                         ( '10224802-3 '),
                         ( '10241265-6 ');

                           INSERT INTO [dbo].[t_sostenedor]
                                                 ([sostenedor_representante_legal_id],[sostenedor_nombre])
                                           VALUES
                                      		('1','ACUMAR'),
                                      		('2','CAMILO HENRIQUEZ'),
                                      		('3','DINABEC COLLEGE'),
                                      		('4','E.I.E. COLEGIO TÉCNICO PROFESIONAL SANTA TERESA DE LOS ANDES DE OSORNO'),
                                      		('5','FORM-ARTE CORPORACIÓN EDUCACIONAL'),
                                      		('6','GODOY  & ROJAS CORPORACIÓN  EDUCACIONAL'),
                                      		('7','HERMANAS FRANCISCANAS DE GANTE'),
                                      		('8','IGLESIA DE CRISTO IBEROAMERICANA'),
                                      		('9','JAVIERA CARRERA DE LINARES E.I.E.'),
                                      		('10','KENNEDY SCHOOL'),
                                      		('11','LA MAGIA DE APRENDER C.E.'),
                                      		('12','MARCELA PAZ CONCEPCION'),
                                      		('13','NAGUILAN'),
                                      		('14','OBRA DON GUANELLA'),
                                      		('15','PARROQUIA SAGRADO CORAZON DE JESUS DE CHINCOLCO'),
                                      		('16','QUILLAIMAVIDA'),
                                      		('17','R.PALACIOSP E.I.E'),
                                      		('18','SABIDURIA ENTIDAD INDIVIDUAL DE EDUCACION'),
                                      		('19','TERESA YON JORQUERA E.I.E.');

                                      INSERT INTO [dbo].[t_tipo_area]
                                                 ([tipo_area_nombre])
                                           VALUES
                                                 ('Rural'),
                                                 ('Urbano');

                                      INSERT INTO [dbo].[t_direccion]
                                                ([direccion_calle]
                                                ,[direccion_geo_x]
                                                ,[direccion_geo_y]
                                                ,[direccion_info_adicional]
                                                ,[direccion_comuna_id]
                                                ,[direccion_tipo_area])
                                          VALUES
                                      ('`PARCELA ``EL PINO`` CAMINO SAN MIGUEL` S/N','','-374662257','-723875091',224,1),
                                      ('AV LIBERTADOR B. O¨HIGGINS 2973','','-334494291','-706775856',17,1),
                                      ('AV.JERUSALEN 3901 SECTOR EL BORO 3901','','-20246623','-701007518',226,1),
                                      ('BALMACEDA 400','','-341622857','-707329432',49,1),
                                      ('BAQUEDANO 804','','-405705625','-731393886',37,1),
                                      ('CAMINO CABRERO KM. 36 S/N','','-334494290','-731393887',148,2),
                                      ('DIEGO PORTALES 980','','-334494289','-731393887',5,2),
                                      ('ESMERALDA 190','','-334494288','-731393887',148,2),
                                      ('FREIRE 965','','-334494287','-731393887',296,2),
                                      ('GALVARINO 1310','','-334494286','-731393887',214,2),
                                      ('LIBERTAD 244','','-334494285','-731393887',175,2),
                                      ('MANTOS BLANCOS 2267, VILLA SAN LUIS 5. S/N','','-334494284','-731393887',327,2),
                                      ('MANUEL RODRIGUEZ 1044','','-334494283','-731393887',223,2),
                                      ('MICHIMALONCO 3855 S/N','','-334494282','-731393887',235,2),
                                      ('MONTEPIO 357','','-334494281','-731393887',100,2),
                                      ('O`HIGGINS 763 S/N','','-334494280','-731393887',233,2),
                                      ('PAMPA BAJA SITIO 40','','-334494279','-731393887',241,2),
                                      ('PARCELA 2 B SANTA AMELIA S/N','','-334494278','-731393887',44,2),
                                      ('PEDRO MONTT S/N CHINCOLCO S/N','','-334494277','-731393887',187,2),
                                      ('PELANTARO 1091','','-334494276','-731393887',30,2),
                                      ('PORTALES 132','','-334494275','-731393887',233,2),
                                      ('UNICA S/N S/N','','-334494274','-731393887',233,2);

                         INSERT INTO [dbo].[t_establecimiento]
                                    ([establecimiento_codigo_area]
                                    ,[establecimiento_nombre]
                                    ,[establecimiento_telefono]
                                    ,[establecimiento_dependencia_id]
                                    ,[establecimiento_direccion_id]
                                    ,[establecimiento_sostenedor_id])
                              VALUES
                         	(41,'ESCUELA ACUMAR',2380391,3,1,1),
                         	(41,'COLEGIO ACUMAR',2380391,3,18,1),
                         	(41,'PARVULARIO EL NAZARENO',2380391,3,21,1),
                         	(41,'COLEGIO CAMILO HENRIQUEZ',2220834,3,20,2),
                         	(43,'LICEO COMERCIAL CAMILO HENRIQUEZ',345450,3,10,2),
                         	(42,'DINABEC COLLEGE',2836670,3,7,3),
                         	(64,'COLEGIO TECNICO PROFESIONAL SANTA TERESA DE LOS ANDES',2203400,3,5,4),
                         	(51,'COLEGIO ARTISTICO CULTURAL FORM-ARTE',2406193,3,17,5),
                         	(53,'ESCUELA PARTICULAR EL DURAZNO',2741405,3,22,6),
                         	(2,'COLEGIO PARTICULAR SAN FRANCISCO DE ASIS',27976816,3,15,7),
                         	(2,'ESCUELA BASICA PART. CRISTIANO DE LOS HEROES',25141596,3,12,8),
                         	(73,'INST. EDUC. DE ADULTOS JAVIERA CARRERA',2213208,3,16,9);

                         		INSERT INTO [dbo].[t_establecimiento_codigo_ensenanza]
                                           ([establecimiento_codigo_ensenanza_codigo_ensenanza_id]
                                           ,[establecimiento_codigo_ensenanza_establecimiento_id])
                                     VALUES
                                 (9,1),
                                 (10,2),
                                 (110,3),
                                 (160,4),
                                 (165,5),
                                 (167,6),
                                 (180,7),
                                 (181,8),
                                 (182,9),
                                 (190,10),
                                 (191,11),
                                 (192,12),

                                 (250,1),
                                 (251,2),
                                 (252,3),
                                 (260,4),
                                 (261,5),
                                 (262,6),
                                 (263,7),
                                 (264,8),
                                 (265,9),
                                 (266,10),
                                 (267,11),
                                 (268,12),

                                 (361,1),
                                 (365,2),
                                 (410,3),
                                 (460,4),
                                 (461,5),
                                 (465,6),
                                 (510,7),
                                 (560,8),
                                 (561,9),
                                 (565,10),
                                 (610,11),
                                 (660,12);

                                 INSERT INTO [dbo].[t_asignatura]
                                            ([asignatura_nombre])
                                      VALUES
                                    ('Artes visuales'),
                                 	('Ciencias naturales'),
                                 	('Educación física y salud'),
                                 	('Historia, geografía y ciencias sociales'),
                                 	('Inglés'),
                                 	('Lengua indígena'),
                                 	('Lenguaje y comunicación'),
                                 	('Lengua y literatura'),
                                 	('Lengua y Cultura de los Pueblos Originarios Ancestrales'),
                                 	('Matemática'),
                                 	('Música'),
                                 	('Orientación'),
                                 	('Religión'),
                                 	('Tecnología');

                                 	INSERT INTO [dbo].[t_curso_establecimiento]
                                               ([curso_establecimiento_curso_id]
                                               ,[curso_establecimiento_establecimiento_id]
                                               ,[vigencia], [fecha_ingreso],[fecha_modificacion]
                                                                  )
                                         VALUES
                                        (1,1,1, GETDATE(), GETDATE()),
                                        (2,1,1, GETDATE(), GETDATE()),
                                        (3,1,1, GETDATE(), GETDATE()),
                                        (4,1,1, GETDATE(), GETDATE()),
                                        (5,1,1, GETDATE(), GETDATE()),
                                        (6,1,1, GETDATE(), GETDATE()),
                                        (7,1,1, GETDATE(), GETDATE()),
                                        (8,1,1, GETDATE(), GETDATE()),
                                        (9,1,1, GETDATE(), GETDATE()),
                                        (10,1,1, GETDATE(), GETDATE()),
                                        (11,1,1, GETDATE(), GETDATE()),
                                        (12,1,1, GETDATE(), GETDATE()),
                                        (13,1,1, GETDATE(), GETDATE()),
                                        (14,1,1, GETDATE(), GETDATE()),
                                        (15,1,1, GETDATE(), GETDATE()),
                                        (16,1,1, GETDATE(), GETDATE()),
                                        (17,1,1, GETDATE(), GETDATE()),
                                        (18,1,1, GETDATE(), GETDATE()),
                                        (19,1,1, GETDATE(), GETDATE()),
                                        (20,1,1, GETDATE(), GETDATE()),
                                        (21,1,1, GETDATE(), GETDATE()),
                                        (22,1,1, GETDATE(), GETDATE()),
                                        (23,1,1, GETDATE(), GETDATE()),
                                        (24,1,1, GETDATE(), GETDATE()),
                                        (25,1,1, GETDATE(), GETDATE()),
                                        (26,1,1, GETDATE(), GETDATE()),
                                        (1,2,1, GETDATE(), GETDATE()),
                                        (2,2,1, GETDATE(), GETDATE()),
                                        (3,2,1, GETDATE(), GETDATE()),
                                        (4,2,1, GETDATE(), GETDATE()),
                                        (5,2,1, GETDATE(), GETDATE()),
                                        (6,2,1, GETDATE(), GETDATE()),
                                        (7,2,1, GETDATE(), GETDATE()),
                                        (8,2,1, GETDATE(), GETDATE()),
                                        (9,2,1, GETDATE(), GETDATE()),
                                        (10,2,1, GETDATE(), GETDATE()),
                                        (11,2,1, GETDATE(), GETDATE()),
                                        (12,2,1, GETDATE(), GETDATE()),
                                        (13,2,1, GETDATE(), GETDATE()),
                                        (14,2,1, GETDATE(), GETDATE()),
                                        (15,2,1, GETDATE(), GETDATE()),
                                        (16,2,1, GETDATE(), GETDATE()),
                                        (17,2,1, GETDATE(), GETDATE()),
                                        (18,2,1, GETDATE(), GETDATE()),
                                        (19,2,1, GETDATE(), GETDATE()),
                                        (20,2,1, GETDATE(), GETDATE()),
                                        (21,2,1, GETDATE(), GETDATE()),
                                        (22,2,1, GETDATE(), GETDATE()),
                                        (23,2,1, GETDATE(), GETDATE()),
                                        (24,2,1, GETDATE(), GETDATE()),
                                        (25,2,1, GETDATE(), GETDATE()),
                                        (26,2,1, GETDATE(), GETDATE()),
                                        (1,3,1, GETDATE(), GETDATE()),
                                        (2,3,1, GETDATE(), GETDATE()),
                                        (3,3,1, GETDATE(), GETDATE()),
                                        (4,3,1, GETDATE(), GETDATE()),
                                        (5,3,1, GETDATE(), GETDATE()),
                                        (6,3,1, GETDATE(), GETDATE()),
                                        (7,3,1, GETDATE(), GETDATE()),
                                        (8,3,1, GETDATE(), GETDATE()),
                                        (9,3,1, GETDATE(), GETDATE()),
                                        (10,3,1, GETDATE(), GETDATE()),
                                        (11,3,1, GETDATE(), GETDATE()),
                                        (12,3,1, GETDATE(), GETDATE()),
                                        (13,3,1, GETDATE(), GETDATE()),
                                        (14,3,1, GETDATE(), GETDATE()),
                                        (15,3,1, GETDATE(), GETDATE()),
                                        (16,3,1, GETDATE(), GETDATE()),
                                        (17,3,1, GETDATE(), GETDATE()),
                                        (18,3,1, GETDATE(), GETDATE()),
                                        (19,3,1, GETDATE(), GETDATE()),
                                        (20,3,1, GETDATE(), GETDATE()),
                                        (21,3,1, GETDATE(), GETDATE()),
                                        (22,3,1, GETDATE(), GETDATE()),
                                        (23,3,1, GETDATE(), GETDATE()),
                                        (24,3,1, GETDATE(), GETDATE()),
                                        (25,3,1, GETDATE(), GETDATE()),
                                        (26,3,1, GETDATE(), GETDATE()),
                                        (1,4,1, GETDATE(), GETDATE()),
                                        (2,4,1, GETDATE(), GETDATE()),
                                        (3,4,1, GETDATE(), GETDATE()),
                                        (4,4,1, GETDATE(), GETDATE()),
                                        (5,4,1, GETDATE(), GETDATE()),
                                        (6,4,1, GETDATE(), GETDATE()),
                                        (7,4,1, GETDATE(), GETDATE()),
                                        (8,4,1, GETDATE(), GETDATE()),
                                        (9,4,1, GETDATE(), GETDATE()),
                                        (10,4,1, GETDATE(), GETDATE()),
                                        (11,4,1, GETDATE(), GETDATE()),
                                        (12,4,1, GETDATE(), GETDATE()),
                                        (13,4,1, GETDATE(), GETDATE()),
                                        (14,4,1, GETDATE(), GETDATE()),
                                        (15,4,1, GETDATE(), GETDATE()),
                                        (16,4,1, GETDATE(), GETDATE()),
                                        (17,4,1, GETDATE(), GETDATE()),
                                        (18,4,1, GETDATE(), GETDATE()),
                                        (19,4,1, GETDATE(), GETDATE()),
                                        (20,4,1, GETDATE(), GETDATE()),
                                        (21,4,1, GETDATE(), GETDATE()),
                                        (22,4,1, GETDATE(), GETDATE()),
                                        (23,4,1, GETDATE(), GETDATE()),
                                        (24,4,1, GETDATE(), GETDATE()),
                                        (25,4,1, GETDATE(), GETDATE()),
                                        (26,4,1, GETDATE(), GETDATE()),
                                        (1,5,1, GETDATE(), GETDATE()),
                                        (2,5,1, GETDATE(), GETDATE()),
                                        (3,5,1, GETDATE(), GETDATE()),
                                        (4,5,1, GETDATE(), GETDATE()),
                                        (5,5,1, GETDATE(), GETDATE()),
                                        (6,5,1, GETDATE(), GETDATE()),
                                        (7,5,1, GETDATE(), GETDATE()),
                                        (8,5,1, GETDATE(), GETDATE()),
                                        (9,5,1, GETDATE(), GETDATE()),
                                        (10,5,1, GETDATE(), GETDATE()),
                                        (11,5,1, GETDATE(), GETDATE()),
                                        (12,5,1, GETDATE(), GETDATE()),
                                        (13,5,1, GETDATE(), GETDATE()),
                                        (14,5,1, GETDATE(), GETDATE()),
                                        (15,5,1, GETDATE(), GETDATE()),
                                        (16,5,1, GETDATE(), GETDATE()),
                                        (17,5,1, GETDATE(), GETDATE()),
                                        (18,5,1, GETDATE(), GETDATE()),
                                        (19,5,1, GETDATE(), GETDATE()),
                                        (20,5,1, GETDATE(), GETDATE()),
                                        (21,5,1, GETDATE(), GETDATE()),
                                        (22,5,1, GETDATE(), GETDATE()),
                                        (23,5,1, GETDATE(), GETDATE()),
                                        (24,5,1, GETDATE(), GETDATE()),
                                        (25,5,1, GETDATE(), GETDATE()),
                                        (26,5,1, GETDATE(), GETDATE()),
                                        (1,6,1, GETDATE(), GETDATE()),
                                        (2,6,1, GETDATE(), GETDATE()),
                                        (3,6,1, GETDATE(), GETDATE()),
                                        (4,6,1, GETDATE(), GETDATE()),
                                        (5,6,1, GETDATE(), GETDATE()),
                                        (6,6,1, GETDATE(), GETDATE()),
                                        (7,6,1, GETDATE(), GETDATE()),
                                        (8,6,1, GETDATE(), GETDATE()),
                                        (9,6,1, GETDATE(), GETDATE()),
                                        (10,6,1, GETDATE(), GETDATE()),
                                        (11,6,1, GETDATE(), GETDATE()),
                                        (12,6,1, GETDATE(), GETDATE()),
                                        (13,6,1, GETDATE(), GETDATE()),
                                        (14,6,1, GETDATE(), GETDATE()),
                                        (15,6,1, GETDATE(), GETDATE()),
                                        (16,6,1, GETDATE(), GETDATE()),
                                        (17,6,1, GETDATE(), GETDATE()),
                                        (18,6,1, GETDATE(), GETDATE()),
                                        (19,6,1, GETDATE(), GETDATE()),
                                        (20,6,1, GETDATE(), GETDATE()),
                                        (21,6,1, GETDATE(), GETDATE()),
                                        (22,6,1, GETDATE(), GETDATE()),
                                        (23,6,1, GETDATE(), GETDATE()),
                                        (24,6,1, GETDATE(), GETDATE()),
                                        (25,6,1, GETDATE(), GETDATE()),
                                        (26,6,1, GETDATE(), GETDATE()),
                                        (1,7,1, GETDATE(), GETDATE()),
                                        (2,7,1, GETDATE(), GETDATE()),
                                        (3,7,1, GETDATE(), GETDATE()),
                                        (4,7,1, GETDATE(), GETDATE()),
                                        (5,7,1, GETDATE(), GETDATE()),
                                        (6,7,1, GETDATE(), GETDATE()),
                                        (7,7,1, GETDATE(), GETDATE()),
                                        (8,7,1, GETDATE(), GETDATE()),
                                        (9,7,1, GETDATE(), GETDATE()),
                                        (10,7,1, GETDATE(), GETDATE()),
                                        (11,7,1, GETDATE(), GETDATE()),
                                        (12,7,1, GETDATE(), GETDATE()),
                                        (13,7,1, GETDATE(), GETDATE()),
                                        (14,7,1, GETDATE(), GETDATE()),
                                        (15,7,1, GETDATE(), GETDATE()),
                                        (16,7,1, GETDATE(), GETDATE()),
                                        (17,7,1, GETDATE(), GETDATE()),
                                        (18,7,1, GETDATE(), GETDATE()),
                                        (19,7,1, GETDATE(), GETDATE()),
                                        (20,7,1, GETDATE(), GETDATE()),
                                        (21,7,1, GETDATE(), GETDATE()),
                                        (22,7,1, GETDATE(), GETDATE()),
                                        (23,7,1, GETDATE(), GETDATE()),
                                        (24,7,1, GETDATE(), GETDATE()),
                                        (25,7,1, GETDATE(), GETDATE()),
                                        (26,7,1, GETDATE(), GETDATE()),
                                        (1,8,1, GETDATE(), GETDATE()),
                                        (2,8,1, GETDATE(), GETDATE()),
                                        (3,8,1, GETDATE(), GETDATE()),
                                        (4,8,1, GETDATE(), GETDATE()),
                                        (5,8,1, GETDATE(), GETDATE()),
                                        (6,8,1, GETDATE(), GETDATE()),
                                        (7,8,1, GETDATE(), GETDATE()),
                                        (8,8,1, GETDATE(), GETDATE()),
                                        (9,8,1, GETDATE(), GETDATE()),
                                        (10,8,1, GETDATE(), GETDATE()),
                                        (11,8,1, GETDATE(), GETDATE()),
                                        (12,8,1, GETDATE(), GETDATE()),
                                        (13,8,1, GETDATE(), GETDATE()),
                                        (14,8,1, GETDATE(), GETDATE()),
                                        (15,8,1, GETDATE(), GETDATE()),
                                        (16,8,1, GETDATE(), GETDATE()),
                                        (17,8,1, GETDATE(), GETDATE()),
                                        (18,8,1, GETDATE(), GETDATE()),
                                        (19,8,1, GETDATE(), GETDATE()),
                                        (20,8,1, GETDATE(), GETDATE()),
                                        (21,8,1, GETDATE(), GETDATE()),
                                        (22,8,1, GETDATE(), GETDATE()),
                                        (23,8,1, GETDATE(), GETDATE()),
                                        (24,8,1, GETDATE(), GETDATE()),
                                        (25,8,1, GETDATE(), GETDATE()),
                                        (26,8,1, GETDATE(), GETDATE()),
                                        (1,9,1, GETDATE(), GETDATE()),
                                        (2,9,1, GETDATE(), GETDATE()),
                                        (3,9,1, GETDATE(), GETDATE()),
                                        (4,9,1, GETDATE(), GETDATE()),
                                        (5,9,1, GETDATE(), GETDATE()),
                                        (6,9,1, GETDATE(), GETDATE()),
                                        (7,9,1, GETDATE(), GETDATE()),
                                        (8,9,1, GETDATE(), GETDATE()),
                                        (9,9,1, GETDATE(), GETDATE()),
                                        (10,9,1, GETDATE(), GETDATE()),
                                        (11,9,1, GETDATE(), GETDATE()),
                                        (12,9,1, GETDATE(), GETDATE()),
                                        (13,9,1, GETDATE(), GETDATE()),
                                        (14,9,1, GETDATE(), GETDATE()),
                                        (15,9,1, GETDATE(), GETDATE()),
                                        (16,9,1, GETDATE(), GETDATE()),
                                        (17,9,1, GETDATE(), GETDATE()),
                                        (18,9,1, GETDATE(), GETDATE()),
                                        (19,9,1, GETDATE(), GETDATE()),
                                        (20,9,1, GETDATE(), GETDATE()),
                                        (21,9,1, GETDATE(), GETDATE()),
                                        (22,9,1, GETDATE(), GETDATE()),
                                        (23,9,1, GETDATE(), GETDATE()),
                                        (24,9,1, GETDATE(), GETDATE()),
                                        (25,9,1, GETDATE(), GETDATE()),
                                        (26,9,1, GETDATE(), GETDATE()),
                                        (1,10,1, GETDATE(), GETDATE()),
                                        (2,10,1, GETDATE(), GETDATE()),
                                        (3,10,1, GETDATE(), GETDATE()),
                                        (4,10,1, GETDATE(), GETDATE()),
                                        (5,10,1, GETDATE(), GETDATE()),
                                        (6,10,1, GETDATE(), GETDATE()),
                                        (7,10,1, GETDATE(), GETDATE()),
                                        (8,10,1, GETDATE(), GETDATE()),
                                        (9,10,1, GETDATE(), GETDATE()),
                                        (10,10,1, GETDATE(), GETDATE()),
                                        (11,10,1, GETDATE(), GETDATE()),
                                        (12,10,1, GETDATE(), GETDATE()),
                                        (13,10,1, GETDATE(), GETDATE()),
                                        (14,10,1, GETDATE(), GETDATE()),
                                        (15,10,1, GETDATE(), GETDATE()),
                                        (16,10,1, GETDATE(), GETDATE()),
                                        (17,10,1, GETDATE(), GETDATE()),
                                        (18,10,1, GETDATE(), GETDATE()),
                                        (19,10,1, GETDATE(), GETDATE()),
                                        (20,10,1, GETDATE(), GETDATE()),
                                        (21,10,1, GETDATE(), GETDATE()),
                                        (22,10,1, GETDATE(), GETDATE()),
                                        (23,10,1, GETDATE(), GETDATE()),
                                        (24,10,1, GETDATE(), GETDATE()),
                                        (25,10,1, GETDATE(), GETDATE()),
                                        (26,10,1, GETDATE(), GETDATE()),
                                        (1,11,1, GETDATE(), GETDATE()),
                                        (2,11,1, GETDATE(), GETDATE()),
                                        (3,11,1, GETDATE(), GETDATE()),
                                        (4,11,1, GETDATE(), GETDATE()),
                                        (5,11,1, GETDATE(), GETDATE()),
                                        (6,11,1, GETDATE(), GETDATE()),
                                        (7,11,1, GETDATE(), GETDATE()),
                                        (8,11,1, GETDATE(), GETDATE()),
                                        (9,11,1, GETDATE(), GETDATE()),
                                        (10,11,1, GETDATE(), GETDATE()),
                                        (11,11,1, GETDATE(), GETDATE()),
                                        (12,11,1, GETDATE(), GETDATE()),
                                        (13,11,1, GETDATE(), GETDATE()),
                                        (14,11,1, GETDATE(), GETDATE()),
                                        (15,11,1, GETDATE(), GETDATE()),
                                        (16,11,1, GETDATE(), GETDATE()),
                                        (17,11,1, GETDATE(), GETDATE()),
                                        (18,11,1, GETDATE(), GETDATE()),
                                        (19,11,1, GETDATE(), GETDATE()),
                                        (20,11,1, GETDATE(), GETDATE()),
                                        (21,11,1, GETDATE(), GETDATE()),
                                        (22,11,1, GETDATE(), GETDATE()),
                                        (23,11,1, GETDATE(), GETDATE()),
                                        (24,11,1, GETDATE(), GETDATE()),
                                        (25,11,1, GETDATE(), GETDATE()),
                                        (26,11,1, GETDATE(), GETDATE()),
                                        (1,12,1, GETDATE(), GETDATE()),
                                        (2,12,1, GETDATE(), GETDATE()),
                                        (3,12,1, GETDATE(), GETDATE()),
                                        (4,12,1, GETDATE(), GETDATE()),
                                        (5,12,1, GETDATE(), GETDATE()),
                                        (6,12,1, GETDATE(), GETDATE()),
                                        (7,12,1, GETDATE(), GETDATE()),
                                        (8,12,1, GETDATE(), GETDATE()),
                                        (9,12,1, GETDATE(), GETDATE()),
                                        (10,12,1, GETDATE(), GETDATE()),
                                        (11,12,1, GETDATE(), GETDATE()),
                                        (12,12,1, GETDATE(), GETDATE()),
                                        (13,12,1, GETDATE(), GETDATE()),
                                        (14,12,1, GETDATE(), GETDATE()),
                                        (15,12,1, GETDATE(), GETDATE()),
                                        (16,12,1, GETDATE(), GETDATE()),
                                        (17,12,1, GETDATE(), GETDATE()),
                                        (18,12,1, GETDATE(), GETDATE()),
                                        (19,12,1, GETDATE(), GETDATE()),
                                        (20,12,1, GETDATE(), GETDATE()),
                                        (21,12,1, GETDATE(), GETDATE()),
                                        (22,12,1, GETDATE(), GETDATE()),
                                        (23,12,1, GETDATE(), GETDATE()),
                                        (24,12,1, GETDATE(), GETDATE()),
                                        (25,12,1, GETDATE(), GETDATE()),
                                        (26,12,1, GETDATE(), GETDATE()),
                                        (1,12,1, GETDATE(), GETDATE()),
                                        (2,12,1, GETDATE(), GETDATE()),
                                        (3,12,1, GETDATE(), GETDATE()),
                                        (4,12,1, GETDATE(), GETDATE()),
                                        (5,12,1, GETDATE(), GETDATE()),
                                        (6,12,1, GETDATE(), GETDATE()),
                                        (7,12,1, GETDATE(), GETDATE()),
                                        (8,12,1, GETDATE(), GETDATE()),
                                        (9,12,1, GETDATE(), GETDATE()),
                                        (10,12,1, GETDATE(), GETDATE()),
                                        (11,12,1, GETDATE(), GETDATE()),
                                        (12,12,1, GETDATE(), GETDATE()),
                                        (13,12,1, GETDATE(), GETDATE()),
                                        (14,12,1, GETDATE(), GETDATE()),
                                        (15,12,1, GETDATE(), GETDATE()),
                                        (16,12,1, GETDATE(), GETDATE()),
                                        (17,12,1, GETDATE(), GETDATE()),
                                        (18,12,1, GETDATE(), GETDATE()),
                                        (19,12,1, GETDATE(), GETDATE()),
                                        (20,12,1, GETDATE(), GETDATE()),
                                        (21,12,1, GETDATE(), GETDATE()),
                                        (22,12,1, GETDATE(), GETDATE()),
                                        (23,12,1, GETDATE(), GETDATE()),
                                        (24,12,1, GETDATE(), GETDATE()),
                                        (25,12,1, GETDATE(), GETDATE()),
                                        (26,12,1, GETDATE(), GETDATE());
 INSERT INTO [dbo].[t_director]
                       ([director_establecimiento_id]
                       ,[director_persona_run])
                 VALUES
            (1,'14218894-5'),
            (2,'14224136-6'),
            (3,'14225191-4'),
            (4,'14249583-k'),
            (5,'14256080-1'),
            (6,'14257703-8'),
            (7,'14275763-k'),
            (8,'14281043-3'),
            (9,'14287344-3'),
            (10,'14296021-4'),
            (11,'14305011-4'),
            (12,'14305013-0');


             INSERT INTO [dbo].[t_utp]
                                   ([utp_establecimiento_id]
                                   ,[utp_persona_id])
                             VALUES
                        		(1,'14462369-k'),
                        		(2,'14472366-k'),
                        		(3,'14486694-0'),
                        		(4,'14491813-4'),
                        		(5,'14501107-8'),
                        		(6,'14509486-0'),
                        		(7,'14510271-5'),
                        		(8,'14539285-3'),
                        		(9,'14549981-k'),
                        		(10,'14554230-8'),
                        		(11,'14554251-0'),
                        		(12,'14567934-6');

                        		INSERT INTO [dbo].[t_perfil]
                                           ([perfil_nombre])
                                     VALUES
                                           ('Apoderado'),
                                		   ('Docente'),
                                		   ('Director'),
                                		   ('Alumno');

                                INSERT INTO [dbo].[t_vigencia]
                                          ([vigencia_nombre])
                                    VALUES
                                          ('Vigente'),
                                       ('No Vigente');