USE [insideClass]

 SET IDENTITY_INSERT [t_region] ON

 INSERT INTO [dbo].[t_region]
            ([region_id]
 		   ,[region_nombre]
 		   ,[region_abreviatura]
            ,[region_capital])
      VALUES
 	(1,'Arica y Parinacota','AP','Arica'),
 	(2,'Tarapacá','TA','Iquique'),
 	(3,'Antofagasta','AN','Antofagasta'),
 	(4,'Atacama','AT','Copiapó'),
 	(5,'Coquimbo','CO','La Serena'),
 	(6,'Valparaiso','VA','valparaíso'),
 	(7,'Metropolitana de Santiago','RM','Santiago'),
 	(8,'Libertador General Bernardo OHiggins','OH','Rancagua'),
 	(9,'Maule','MA','Talca'),
 	(10,'Ñuble','NB','Chillán'),
 	(11,'Biobío','BI','Concepción'),
 	(12,'La Araucanía','IAR','Temuco'),
 	(13,'Los Ríos','LR','Valdivia'),
 	(14,'Los Lagos','LL','Puerto Montt'),
 	(15,'Aysén del General Carlos Ibáñez del Campo','AI','Coyhaique'),
 	(16,'Magallanes y de la Antártica Chilena','MG','Punta Arenas');

 	SET IDENTITY_INSERT [t_region] OFF



 	SET IDENTITY_INSERT [t_departamentos_provinciales] ON

     INSERT INTO [dbo].[t_departamentos_provinciales]
                ([departamentos_provinciales_id]
     		   ,[departamentos_provinciales_responsable]
     		   ,[departamentos_provinciales_correo]
                ,[departamentos_provinciales_direccion]) VALUES
     (1, 'Carlos Alberto Bahamondes Valdés', 'carlos.bahamondes@mineduc.cl', 'Arturo Prat N° 305 2do. Piso, Arica'),
     (2, 'Carmen Aurora Barrera Hennings  ', 'carmen.barrera@mineduc.cl', 'Zegers Nº 159, Iquique.'),
     (3, 'Paulina Javiera Veliz Suazo  ', 'paulina.veliz@mineduc.cl', 'Coquimbo Nº 847, Antofagasta'),
     (4, 'Walter Alex Aranzaes Guerrero ', 'walter.aranzaes@mineduc.cl', 'Bañados Espinoza Nº 1854, Calama'),
     (5, 'Oriana Escobar Delgado ', 'oriana.escobar@mineduc.cl', 'Chañarcillo n°550, Copiapó'),
     (6, 'Mauricio Antonio Lopez Silva  ', 'mauricio.lopez@mineduc.cl', 'Ramírez nº740, Vallenar'),
     (7, 'Francisco Rafael Alvear Novoa  ', 'francisco.alvear@mineduc.cl', 'Pedro Pablo Nuñez 664, La Serena.'),
     (8, 'Susana Rosa Torres Pérez  ', 'susana.torres@mineduc.cl', 'Miguel Aguirre Nº 651, Ovalle'),
     (9, 'Alfonso Erick Zelada López  ', 'erick.zelada@mineduc.cl', 'Buin nº 724, Illapel'),
     (10, 'María Alejandra Torres Jeldes  ', 'maria.torresj@mineduc.cl', 'Arlegui Nº 852, Viña del Mar'),
     (11, 'Miguel Enrique Caro Montecinos  ', 'miguel.caro@mineduc.cl', 'Toro Mazote nº 1232, San Felipe'),
     (12, 'Marta Mercedes Renard Vargas  ', 'marta.renard@mineduc.cl', 'Pudeto 356, Quillota.'),
     (13, 'Sergio Mauricio Baeza Cabello  ', 'sergio.baeza@mineduc.cl', 'Avenida Barros Lucos N° 1613, Piso N° 11, Oficina N° 1101, Barrancas, San Antonio'),
     (14, 'Andrea De Lourdes Maldonado Valdivia  ', 'andrea.maldonado@mineduc.cl', 'Bulnes N° 215, Rancagua'),
     (15, 'Andrea Carolina Mira Silva  ', 'andrea.mira@mineduc.cl', 'Valdivia n°810, San Fernando'),
     (16, 'José Celín Sánchez García  ', 'jose.sanchez@mineduc.cl', 'Anibal Pinto 507, Pichilemu'),
     (17, 'Rodrigo Alejandro Castro Trejo  ', 'rodrigo.castrot@mineduc.cl', 'Merced n°211, Curicó'),
     (18, 'Juan Pedro Muñoz Barrios  ', 'juan.munozb@mineduc.cl', '5 Norte nº 1360, Talca'),
     (19, 'Carolina Andrea Daigre Núñez  ', 'carolina.daigre@mineduc.cl', 'Yumbel n°698, Linares'),
     (20, 'Edna Margarita Jara Montecinos  ', 'edna.jara@mineduc.cl', 'Pérez n°350, Cauquenes'),
     (21, 'María Fernanda Rojas Obreque  ', 'mariaf.rojas@mineduc.cl', 'Avenida Libertad s/n, Edificios Públicos, Chillán'),
     (22, 'Ester de las Mercedes Cea Urra  ', 'ester.cea@mineduc.cl', 'Saavedra N°512, Lebu'),
     (23, 'Rossemarie Soledad Sanchez Ferrera  ', 'rossemarie.sanchez@mineduc.cl', 'Caupolicán S/N Piso 3 Edificio Público, Los Ángeles'),
     (24, 'Matias Andres Aravena Moraga  ', 'matias.aravena@mineduc.cl', 'Rengo N°26, Concepción'),
     (25, 'Edinson Roberto Contreras Canario  ', 'edinson.contreras@mineduc.cl', 'Claro Solar n°1075, Temuco'),
     (26, 'Diego Nicolás Vrsalovic Huenumilla  ', 'diego.vrsalovic@mineduc.cl', 'Claro Solar n°1075, Temuco'),
     (27, 'Marco Andrés Benedetti Morales  ', 'marco.benedetti@mineduc.cl', 'Pedro Aguirre Cerda n°212, Angol'),
     (28, 'Luis Enrique Barrios Acevedo  ', 'enrique.barrios@mineduc.cl', 'Carlos Andwandter N° 708, Valdivia'),
     (29, 'Luis Peroti Navarro  ', 'luis.peroti@mineduc.cl', 'Esmeralda n°412, La Unión'),
     (30, 'Giovani Hernan Aravena Oyarzun  ', 'giovani.aravena@mineduc.cl', 'Ramírez n°559, Osorno'),
     (31, 'José Gerardo Saldivia Ampuero  ', 'gerardo.saldivia@mineduc.cl', 'Rancagua N° 203, Puerto Montt'),
     (32, 'Lorena Soledad Romero Delgado  ', 'lorena.romero@mineduc.cl', 'O’Higgins n°523, Castro'),
     (33, 'Tamara Marisol Galindo Casanova  ', 'tamara.galindo@mineduc.cl', 'Juan Todesco°106, Chaitén'),
     (34, 'Yoal Rennuf Díaz Reyes  ', 'yoal.diaz@mineduc.cl', 'Pedro Dussen Nº 229, Coyhaique'),
     (35, 'Carolina Olvido Álvarez Antonin  ', 'carolina.alvarez@mineduc.cl', 'El Ovejero n°0285-B, Punta Arenas'),
     (36, 'Daniela Ríos Canales  ', 'daniela.rios@mineduc.cl', 'San Martin nº 642, Santiago'),
     (37, 'Jorge Antonio Figueroa Figueroa  ', 'jorgea.figueroa@mineduc.cl', 'San Martin nº 642, Santiago'),
     (38, 'Orlando Gabriel Vigorena González  ', 'orlando.vigorena@mineduc.cl', 'Rosita Renard n°1191, Ñuñoa'),
     (39, 'Hugo Ignacio Ovalle Ovalle  ', 'hugo.ovalle@mineduc.cl', 'San Martin nº 642, Santiago'),
     (40, 'Osvaldo Patricio Maldonado Pinto  ', 'osvaldo.maldonado@mineduc.cl', 'Balmaceda 371, (segundo piso), Puente Alto.'),
     (41, 'Cristián Ernesto Cartagena Vidal  ', 'cristian.cartagena@mineduc.cl', 'Balmaceda n°1133, Talagante'),
     (42, 'Ricardo Adrián Bustamante Cornejo ', ' ricardo.bustamante@mineduc.cl', 'Ricardo Morales N° 3369, San Miguel')

     SET IDENTITY_INSERT [t_departamentos_provinciales] OFF

 		SET IDENTITY_INSERT [t_provincias] ON

 	INSERT INTO [dbo].[t_provincias]
                ([provincia_id],
     		   [provincia_nombre]
                ,[provincia_region_id])
          VALUES
         (1,'Arica y Parinacota',1),
         (2,'Iquique',2),
         (3,'El Tamarugal',2),
         (4,'Tocopilla',3),
         (5,'El Loa',3),
         (6,'Antofagasta',3),
         (7,'Chañaral',4),
         (8,'Copiapó',4),
         (9,'Huasco',4),
         (10,'Elqui',5),
         (11,'Limarí',5),
         (12,'Choapa',5),
         (13,'Petorca',6),
         (14,'Los Andes',6),
         (15,'San Felipe de Aconcagua',6),
         (16,'Quillota',6),
         (17,'Valparaiso',6),
         (18,'San Antonio',6),
         (19,'Isla de Pascua',6),
         (20,'Marga Marga',6),
         (21,'Chacabuco',7),
         (22,'Santiago',7),
         (23,'Cordillera',7),
         (24,'Maipo',7),
         (25,'Melipilla',7),
         (26,'Talagante',7),
         (27,'Cachapoal',8),
         (28,'Colchagua',8),
         (29,'Cardenal Caro',8),
         (30,'Curicó',9),
         (31,'Talca',9),
         (32,'Linares',9),
         (33,'Cauquenes',9),
         (34,'Diguillín',10),
         (35,'Ñuble',10),
         (36,'Punilla',10),
         (37,'Bio Bío',11),
         (38,'Concepción',11),
         (39,'Arauco',11),
         (40,'Malleco',12),
         (41,'Cautín',12),
         (42,'Valdivia',13),
         (43,'Ranco',13),
         (44,'Osorno',14),
         (45,'Llanquihue',14),
         (46,'Chiloé',14),
         (47,'Palena',14),
         (48,'Coyhaique',15),
         (49,'Aysén',15),
         (50,'General Carrera',15),
         (51,'Capitán Prat',15),
         (52,'Última Esperanza',16),
         (53,'Magallanes',16),
         (54,'Tierra del Fuego',16),
         (55,'Antártica Chilena',16)

     SET IDENTITY_INSERT [t_provincias] OFF

 SET IDENTITY_INSERT [t_comuna] ON

 INSERT INTO [dbo].[t_comuna]
 (comuna_id, comuna_nombre, comuna_provincia_id,comuna_deprov_id)
      VALUES
 	(1,'Arica',1,1),
     	(2,'Camarones',1,1),
     	(3,'General Lagos',2,1),
     	(4,'Putre',2,1),
     	(5,'Alto Hospicio',3,2),
     	(6,'Iquique',3,2),
     	(7,'Camiña',4,2),
     	(8,'Colchane',4,2),
     	(9,'Huara',4,2),
     	(10,'Pica',4,2),
     	(11,'Pozo Almonte',4,2),
       	(12,'Tocopilla',5,3),
       	(13,'María Elena',5,3),
     	(14,'Calama',6,4),
     	(15,'Ollague',6,4),
     	(16,'San Pedro de Atacama',6,4),
       	(17,'Antofagasta',7,3),
     	(18,'Mejillones',7,3),
     	(19,'Sierra Gorda',7,3),
     	(20,'Taltal',7,2),
     	(21,'Chañaral',8,4),
     	(22,'Diego de Almagro',8,5),
       	(23,'Copiapó',9,5),
     	(24,'Caldera',9,5),
     	(25,'Tierra Amarilla',9,5),
       	(26,'Vallenar',10,6),
     	(27,'Alto del Carmen',10,6),
     	(28,'Freirina',10,6),
     	(29,'Huasco',10,6),
     	(30,'La Serena',11,7),
       	(31,'Coquimbo',11,7),
       	(32,'Andacollo',11,7),
       	(33,'La Higuera',11,7),
       	(34,'Paihuano',11,7),
     	(35,'Vicuña',11,7),
     	(36,'Ovalle',12,8),
       	(37,'Combarbalá',12,8),
       	(38,'Monte Patria',12,8),
       	(39,'Punitaqui',12,8),
     	(40,'Río Hurtado',12,8),
     	(41,'Illapel',13,9),
     	(42,'Canela',13,9),
     	(43,'Los Vilos',13,9),
     	(44,'Salamanca',13,9),
     	(45,'La Ligua',14,12),
       	(46,'Cabildo',14,12),
     	(47,'Zapallar',14,12),
       	(48,'Papudo',14,12),
     	(49,'Petorca',14,12),
     	(50,'Los Andes',15,11),
     	(51,'San Esteban',15,11),
       	(52,'Calle Larga',15,11),
       	(53,'Rinconada',15,11),
     	(54,'San Felipe',16,11),
       	(55,'Llaillay',16,11),
       	(56,'Putaendo',16,11),
     	(57,'Santa María',16,11),
     	(58,'Catemu',16,11),
     	(59,'Panquehue',16,11),
       	(60,'Quillota',17,12),
       	(61,'La Cruz',17,12),
     	(62,'La Calera',17,12),
     	(63,'Nogales',17,12),
       	(64,'Hijuelas',17,12),
     	(65,'Valparaíso',18,10),
       	(66,'Viña del Mar',18,10),
     	(67,'Concón',18,10),
      	(68,'Quintero',18,10),
       	(69,'Puchuncaví',18,10),
     	(70,'Casablanca',18,10),
     	(71,'Juan Fernández',18,10),
     	(72,'San Antonio',19,13),
       	(73,'Cartagena',19,13),
     	(74,'El Tabo',19,13),
     	(75,'El Quisco',19,13),
     	(76,'Algarrobo',19,13),
     	(77,'Santo Domingo',19,13),
     	(78,'Isla de Pascua',20,10),
     	(79,'Quilpué',21,10),
     	(80,'Limache',21,12),
     	(81,'Olmué',21,12),
     	(82,'Villa Alemana',21,10),
     	(83,'Colina',22,36),
     	(84,'Lampa',22,36),
     	(85,'Tiltil',22,36),
     	(86,'Santiago',23,39),
     	(87,'Vitacura',23,38),
       	(88,'San Ramón',23,42),
     	(89,'San Miguel',23,39),
     	(90,'San Joaquín',23,39),
       	(91,'Renca',23,36),
     	(92,'Recoleta',23,36),
       	(93,'Quinta Normal',23,37),
     	(94,'Quilicura',23,36),
       	(95,'Pudahuel',23,37),
       	(96,'Providencia',23,38),
     	(97,'Peñalolén',23,38),
       	(98,'Pedro Aguirre Cerda',23,39),
     	(99,'Ñuñoa',23,38),
     	(100,'Maipú',23,37),
     	(101,'Macul',23,38),
     	(102,'Lo Prado',23,37),
     	(103,'Lo Espejo',23,42),
     	(104,'Lo Barnechea',23,38),
     	(105,'Las Condes',23,38),
     	(106,'La Reina',23,38),
     	(107,'La Pintana',23,40),
     	(108,'La Granja',23,42),
     	(109,'La Florida',23,40),
       	(110,'La Cisterna',23,42),
       	(111,'Independencia',23,36),
       	(112,'Huechuraba',23,36),
     	(113,'Estación Central',23,37),
       	(114,'El Bosque',23,42),
       	(115,'Conchalí',23,36),
       	(116,'Cerro Navia',23,37),
       	(117,'Cerrillos',23,37),
     	(118,'Puente Alto',24,38),
     	(119,'San José de Maipo',24,38),
       	(120,'Pirque',24,38),
     	(121,'San Bernardo',25,42),
     	(122,'Buin',25,42),
       	(123,'Paine',25,42),
     	(124,'Calera de Tango',25,42),
     	(125,'Melipilla',26,41),
     	(126,'Alhué',26,41),
     	(127,'Curacaví',26,41),
     	(128,'María Pinto',26,41),
     	(129,'San Pedro',26,41),
     	(130,'Isla de Maipo',27,41),
       	(131,'El Monte',27,41),
     	(132,'Padre Hurtado',27,41),
     	(133,'Peñaflor',27,41),
     	(134,'Talagante',27,41),
     	(135,'Codegua',28,14),
     	(136,'Coínco',28,14),
     	(137,'Coltauco',28,14),
     	(138,'Doñihue',28,14),
     	(139,'Graneros',28,14),
     	(140,'Las Cabras',28,14),
     	(141,'Machalí',28,14),
     	(142,'Malloa',28,14),
     	(143,'Mostazal',28,14),
     	(144,'Olivar',28,14),
     	(145,'Peumo',28,14),
     	(146,'Pichidegua',28,16),
     	(147,'Quinta de Tilcoco',28,14),
     	(148,'Rancagua',28,14),
     	(149,'Rengo',28,14),
     	(150,'Requínoa',28,14),
     	(151,'San Vicente de Tagua Tagua',28,14),
     	(152,'Chépica',29,15),
     	(153,'Chimbarongo',29,15),
     	(154,'Lolol',29,15),
       	(155,'Nancagua',29,15),
       	(156,'Palmilla',29,15),
       	(157,'Peralillo',29,15),
     	(158,'Placilla',29,15),
      	(159,'Pumanque',29,15),
     	(160,'San Fernando',29,15),
     	(161,'Santa Cruz',29,15),
     	(162,'La Estrella',30,16),
     	(163,'Litueche',30,16),
     	(164,'Marchigüe',30,16),
     	(165,'Navidad',30,16),
     	(166,'Paredones',30,16),
     	(167,'Pichilemu',30,16),
     	(168,'Curicó',31,17),
     	(169,'Hualañé',31,17),
     	(170,'Licantén',31,17),
      	(171,'Molina',31,17),
     	(172,'Rauco',31,17),
     	(173,'Romeral',31,17),
     	(174,'Sagrada Familia',31,17),
     	(175,'Teno',31,17),
     	(176,'Vichuquén',31,17),
     	(177,'Talca',32,18),
     	(178,'San Clemente',32,18),
     	(179,'Pelarco',32,18),
     	(180,'Pencahue',32,18),
     	(181,'Maule',32,18),
     	(182,'San Rafael',32,18),
     	(183,'Curepto',33,18),
     	(184,'Constitución',32,18),
     	(185,'Empedrado',32,18),
     	(186,'Río Claro',32,18),
       	(187,'Linares',33,19),
     	(188,'San Javier',33,19),
     	(189,'Parral',33,19),
     	(190,'Villa Alegre',33,19),
     	(191,'Longaví',33,19),
     	(192,'Colbún',33,19),
     	(193,'Retiro',33,19),
     	(194,'Yerbas Buenas',33,19),
       	(195,'Cauquenes',34,20),
     	(196,'Chanco',34,20),
     	(197,'Pelluhue',34,20),
     	(198,'Bulnes',35,21),
     	(199,'Chillán',35,21),
     	(200,'Chillán Viejo',35,21),
     	(201,'El Carmen',35,21),
     	(202,'Pemuco',35,21),
     	(203,'Pinto',35,21),
     	(204,'Quillón',35,21),
     	(205,'San Ignacio',35,21),
     	(206,'Yungay',35,21),
     	(207,'Cobquecura',35,21),
     	(208,'Coelemu',35,21),
     	(209,'Ninhue',35,21),
     	(210,'Portezuelo',35,21),
     	(211,'Quirihue',35,21),
     	(212,'Ránquil',35,21),
     	(213,'Treguaco',35,21),
     	(214,'San Carlos',35,21),
     	(215,'Coihueco',35,21),
     	(216,'San Nicolás',35,21),
     	(217,'Ñiquén',35,21),
     	(218,'San Fabián',35,21),
     	(219,'Alto Biobío',37,23),
     	(220,'Antuco',37,23),
     	(221,'Cabrero',37,23),
     	(222,'Laja',37,23),
     	(223,'Los Ángeles',37,23),
     	(224,'Mulchén',37,23),
     	(225,'Nacimiento',37,23),
     	(226,'Negrete',37,23),
     	(227,'Quilaco',37,23),
     	(228,'Quilleco',37,23),
     	(229,'San Rosendo',37,23),
     	(230,'Santa Bárbara',37,23),
     	(231,'Tucapel',37,23),
     	(232,'Yumbel',37,23),
     	(233,'Concepción',38,24),
     	(234,'Coronel',38,24),
     	(235,'Chiguayante',38,24),
     	(236,'Florida',38,24),
     	(237,'Hualpén',38,24),
     	(238,'Hualqui',38,24),
     	(239,'Lota',38,24),
     	(240,'Penco',38,24),
     	(241,'San Pedro de La Paz',38,24),
     	(242,'Santa Juana',38,24),
     	(243,'Talcahuano',38,24),
     	(244,'Tomé',38,24),
     	(245,'Arauco',35,22),
     	(246,'Cañete',35,22),
     	(247,'Contulmo',35,22),
     	(248,'Curanilahue',35,22),
     	(249,'Lebu',35,22),
     	(250,'Los Álamos',35,22),
     	(251,'Tirúa',35,22),
     	(252,'Angol',40,27),
     	(253,'Collipulli',40,27),
     	(254,'Curacautín',40,27),
     	(255,'Ercilla',40,27),
     	(256,'Lonquimay',40,27),
     	(257,'Los Sauces',40,27),
     	(258,'Lumaco',40,27),
     	(259,'Purén',40,27),
     	(260,'Renaico',40,27),
     	(261,'Traiguén',40,27),
     	(262,'Victoria',40,27),
     	(263,'Temuco',41,26),
     	(264,'Carahue',41,26),
     	(265,'Cholchol',41,26),
     	(266,'Cunco',41,26),
     	(267,'Curarrehue',41,25),
     	(268,'Freire',41,25),
     	(269,'Galvarino',41,26),
     	(270,'Gorbea',41,25),
     	(271,'Lautaro',41,26),
     	(272,'Loncoche',41,25),
     	(273,'Melipeuco',41,26),
     	(274,'Nueva Imperial',41,26),
     	(275,'Padre Las Casas',41,25),
     	(276,'Perquenco',41,26),
     	(277,'Pitrufquén',41,25),
     	(278,'Pucón',41,25),
     	(279,'Saavedra',41,26),
     	(280,'Teodoro Schmidt',41,25),
     	(281,'Toltén',41,25),
     	(282,'Vilcún',41,26),
     	(283,'Villarrica',41,25),
     	(284,'Valdivia',42,28),
     	(285,'Corral',42,28),
     	(286,'Lanco',42,28),
     	(287,'Los Lagos',42,28),
     	(288,'Máfil',42,28),
     	(289,'Mariquina',42,28),
     	(290,'Paillaco',42,28),
     	(291,'Panguipulli',42,28),
     	(292,'La Unión',43,29),
     	(293,'Futrono',43,29),
     	(294,'Lago Ranco',43,29),
     	(295,'Río Bueno',43,29),
     	(296,'Osorno',44,30),
     	(297,'Puerto Octay',44,30),
     	(298,'Purranque',44,30),
     	(299,'Puyehue',44,30),
     	(300,'Río Negro',44,30),
     	(301,'San Juan de la Costa',44,30),
     	(302,'San Pablo',44,30),
     	(303,'Calbuco',45,31),
     	(304,'Cochamó',45,31),
     	(305,'Fresia',45,31),
     	(306,'Frutillar',45,31),
     	(307,'Llanquihue',45,31),
     	(308,'Los Muermos',45,31),
     	(309,'Maullín',45,31),
     	(310,'Puerto Montt',45,31),
     	(311,'Puerto Varas',45,31),
     	(312,'Ancud',46,32),
     	(313,'Castro',46,32),
     	(314,'Chonchi',46,32),
     	(315,'Curaco de Vélez',46,32),
     	(316,'Dalcahue',46,32),
     	(317,'Puqueldón',46,32),
     	(318,'Queilén',46,32),
     	(319,'Quellón',46,32),
     	(320,'Quemchi',46,32),
     	(321,'Quinchao',46,32),
     	(322,'Chaitén',46,32),
     	(323,'Futaleufú',47,33),
     	(324,'Hualaihué',47,33),
     	(325,'Palena',47,33),
     	(326,'Lago Verde',48,34),
     	(327,'Coihaique',48,34),
     	(328,'Aysén',48,34),
     	(329,'Cisnes',48,34),
     	(330,'Guaitecas',48,34),
     	(331,'Río Ibáñez',48,34),
     	(332,'Chile Chico',48,34),
     	(333,'Cochrane',48,34),
     	(334,'OHiggins',48,34),
     	(335,'Tortel',48,34),
     	(336,'Natales',48,34),
     	(337,'Torres del Paine',53,35),
     	(338,'Laguna Blanca',53,35),
     	(339,'Punta Arenas',53,35),
     	(340,'Río Verde',53,35),
     	(341,'San Gregorio',53,35),
     	(342,'Porvenir',53,35),
     	(343,'Primavera',53,35),
     	(344,'Timaukel',53,35),
     	(345,'Cabo de Hornos',53,35),
     	(346,'Antártica',53,35);

     SET IDENTITY_INSERT [t_comuna] OFF


INSERT INTO [dbo].[t_dependencia]
            ([dependencia_nombre])
      VALUES
            ('Municipal DAEM'),
              ('Municipal Corporación'),
            ('Particular Subvencionado'),
            ('Particular Subvencionado'),
            ('Particular'),
            ('Servicio Local de Educación');


 SET IDENTITY_INSERT [t_codigo_ensenanza] ON
 INSERT INTO [dbo].[t_codigo_ensenanza]
            (codigo_ensenanza_id, codigo_ensenanza_nombre)
      VALUES
   ('461','Educación Media Técnico Profesional, de Adultos, rama Comercial, con hasta 25 horas semanales presénciales de clases.'),
 ('167','Básica Adultos Con Oficio Dto. 239'),
 ('165','Básica Adultos sin Oficio Dto. 239'),
 ('263','Educ. General Básica Especial Diferencial, con integración de 7° ú 8° agno básico'),
 ('264','Educ. General Básica Especial Diferencial, con integración en Educación Media Científico Humanista'),
 ('260','Educ. General Básica Especial Diferencial, con integración en párvulos'),
 ('660','Educ.Media Técnico Profesional, de Adultos, rama'),
 ('560','Educ.Media Técnico Profesional, de Adultos, rama Industrial, con 26 o más horas semanales presénciales de clases.'),
 ('561','Educ.Media Técnico Profesional, de Adultos, rama Industrial, con hasta 25 horas semanales presénciales de clases.'),
 ('110','Educación General Básica (1ro. a 8vo. agno)'),
 ('160','Educación General Básica de Adultos'),
 ('280','Educación General Básica Especial Diferencial, alumnos con discapacidad visual, auditiva o multidéficit, que perciben un aumento de subvención, en conformidad a lo establecido en el artículo 9° bis, del DFL. N° 2, de Educación, de 1998 y su reglamento.'),
 ('261','Educación General Básica Especial Diferencial, con integración de 1° a 4° agno básico'),
 ('262','Educación General Básica Especial Diferencial, con integración de 5° ó 6° agno básico'),
 ('268','Educación General Básica Especial Diferencial, con integración en Educación Básica de Adultos.'),
 ('269','Educación General Básica Especial Diferencial, con integración en Educación Media de Adultos.'),
 ('265','Educación General Básica Especial Diferencial, con integración en Educación Media Técnico Profesional Agrícola y Marítima'),
 ('267','Educación General Básica Especial Diferencial, con integración en Educación Media Técnico Profesional Comercial o Técnica'),
 ('266','Educación General Básica Especial Diferencial, con integración en Educación Media Técnico Profesional Industrial.'),
 ('361','Educación Media Humanístico Científica de Adultos, con hasta 25 horas semanales de clases.'),
 ('360','Educación Media Humanístico Científica de Adultos, con más de 26 horas semanales presénciales de clases.'),
 ('310','Educación Media Humanístico Científica.'),
 ('460','Educación Media Técnico Profesional, de Adultos, rama Comercial, con 26 o más horas semanales presénciales de clases.'),
 ('410','Educación Media Técnico Profesional, rama Comercial.'),
 ('510','Educación Media Técnico Profesional, rama Industrial.'),
 ('610','Educación Media Técnico Profesional, rama Técnica.'),
 ('9','Educación Parvularia 1do. Nivel de transición'),
 ('10','Educación Parvularia 2do. Nivel de transición'),
 ('291','Esp. Dif. Aulas Hospitalarias Básica'),
 ('292','Esp. Dif. Aulas Hospitalarias Media'),
 ('290','Esp. Dif. Aulas Hospitalarias PreBásica'),
 ('181','Esp. Dif. Déficit Auditivo Básica'),
 ('182','Esp. Dif. Déficit Auditivo Laboral'),
 ('180','Esp. Dif. Déficit Auditivo PreBásica'),
 ('251','Esp. Dif. Déficit Autista Básica'),
 ('252','Esp. Dif. Déficit Autista Laboral'),
 ('250','Esp. Dif. Déficit Autista PreBásica'),
 ('231','Esp. Dif. Déficit Grave Alter Relac y Comun. Básica'),
 ('232','Esp. Dif. Déficit Grave Alter Relac y Comun. Laboral '),
 ('230','Esp. Dif. Déficit Grave Alter Relac y Comun. PreBásica'),
 ('191','Esp. Dif. Déficit Mental Básica'),
 ('192','Esp. Dif. Déficit Mental Laboral'),
 ('190','Esp. Dif. Déficit Mental PreBásica'),
 ('241','Esp. Dif. Déficit Trastornos Motores Básica'),
 ('242','Esp. Dif. Déficit Trastornos Motores Laboral'),
 ('240','Esp. Dif. Déficit Trastornos Motores PreBásica'),
 ('201','Esp. Dif. Déficit Visual Básica'),
 ('200','Esp. Dif. Déficit Visual PreBásica'),
 ('202','Esp. Dif. Déficit Visula Laboral'),
 ('272','Integración Nec.Educ.Esp.Car.Tran- 1º a 4º Básico T.E.L. '),
 ('270','Integración Nec.Educ.Esp.Car.Tran- 1º N.T. T.E.L.'),
 ('271','Integración Nec.Educ.Esp.Car.Tran- 2º N.T. T.E.L.'),
 ('365','Media Adult H.C. Adultos Dto 239'),
 ('465','Media Adult. Tec-Prof. Comercial Dto 239'),
 ('565','Media Adult. Tec-Prof. Industrial Dto. 239'),
 ('220','Nec.Educ.Esp.Car.Tran- T.E.L.');

 SET IDENTITY_INSERT [t_codigo_ensenanza] OFF

  INSERT INTO [dbo].[t_curso]
             ([curso_nivel]
             ,[curso_nombre])
       VALUES
  			('Preescolas', 'Pre-Kinder'),
  			('Preescolas', 'Kinder'),
  			('Básica', '1°A'),
  			('Básica', '1°B'),
  			('Básica', '2°A'),
  			('Básica', '2°B'),
  			('Básica', '3°A'),
  			('Básica', '3°B'),
  			('Básica', '4°A'),
  			('Básica', '4°B'),
  			('Básica', '5°A'),
  			('Básica', '5°B'),
  			('Básica', '6°A'),
  			('Básica', '6°B'),
  			('Básica', '7°A'),
  			('Básica', '7°B'),
  			('Básica', '8°A'),
  			('Básica', '8°B'),
  			('Básica', 'I°M A'),
  			('Básica', 'I°M B'),
  			('Básica', 'II°M A'),
  			('Básica', 'II°M B'),
  			('Básica', 'III°M A'),
  			('Básica', 'III°M B'),
  			('Básica', 'IV°M A'),
  			('Básica', 'IV°M B');

  			INSERT INTO [dbo].[t_persona]
                        ([persona_run]
                        ,[persona_apellido_materno]
                        ,[persona_apellido_paterno]
                        ,[persona_fecha_nacimiento]
                        ,[persona_nombre]
                        ,[persona_numero_celular]
                        ,[persona_numero_telefonico]
                        ,[persona_sexo])
                      VALUES
             ( '10007672-1 ', ' ', 'Daza ', '1987-5-17 ', 'Carlota ','+56913328986', '(2) 24986 3823 ', 'F '),
             ( '10020197-6 ', ' ', 'Calleja ', '1987-11-6 ', 'Álvaro ','+56971612156', '(2) 23758 6292 ', 'M '),
             ( '10023418-1 ', ' ', 'Perea ', '1987-2-11 ', 'Filomena ','+56945106822', '(2) 22037 2393 ', 'F '),
             ( '10028406-5 ', ' ', 'Valcárcel ', '1987-11-1 ', 'Lourdes ','+56973788658', '(2) 21943 3541 ', 'M '),
             ( '10030941-6 ', ' ', 'Camino ', '1987-8-14 ', 'Pacífica ','+56962542790', '(2) 23783 3946 ', 'F '),
             ( '10033211-6 ', 'Cuadrado ', 'Blanco ', '1987-11-16 ', 'Natalia ','+56921287722', '(2) 26213 6879 ', 'F '),
             ( '10042303-0 ', ' ', 'Solsona ', '1987-2-27 ', 'Isaura ','+56957824360', '(2) 28514 6498 ', 'F '),
             ( '10045179-4 ', ' ', 'Romero ', '1987-10-17 ', 'Cleto ','+56934623652', '(2) 22882 7529 ', 'M '),
             ( '10069276-7 ', ' ', 'Ferrando ', '1987-3-16 ', 'Edu ','+56921501547', '(2) 28832 3630 ', 'M '),
             ( '10078762-8 ', ' ', 'Castrillo ', '1987-3-15 ', 'Gaspar ','+56987583472', '(2) 22003 7828 ', 'M '),
             ( '10087828-3 ', ' ', 'Miró ', '1987-1-6 ', 'Baldomero ','+56962401920', '(2) 22829 7643 ', 'M '),
             ( '10141047-1 ', ' ', 'Jódar ', '1987-1-5 ', 'Teófilo ','+56946833917', '(2) 25453 3836 ', 'M '),
             ( '10145326-k ', ' ', 'Millán ', '1987-7-28 ', 'Vanesa ','+56942692177', '(2) 24506 8765 ', 'F '),
             ( '10156977-2 ', ' ', 'Alonso ', '1987-1-11 ', 'Edelmiro ','+56961617888', '(2) 21276 4645 ', 'M '),
             ( '10158382-1 ', ' ', ' ', '1987-3-22 ', 'Narcisa ','+56926677562', '(2) 28138 5189 ', 'F '),
             ( '10170629-k ', ' ', 'Arce ', '1987-6-12 ', 'Poncio ','+56910319020', '(2) 26791 3190 ', 'M '),
             ( '10207401-7 ', ' ', ' ', '1987-6-3 ', 'Ileana ','+56913848988', '(2) 22007 8158 ', 'F '),
             ( '10224802-3 ', ' ', 'Sanz ', '1987-2-25 ', 'Ainoa ','+56986547479', '(2) 27229 2550 ', 'F '),
             ( '10241265-6 ', 'Casal ', 'Pacheco ', '1987-9-11 ', 'Merche ','+56986817120', '(2) 23751 6953 ', 'M '),
             ( '10253981-8 ', ' ', 'Godoy ', '1987-4-16 ', 'Flavia ','+56950716437', '(2) 28682 7069 ', 'F '),
             ( '10258276-4 ', ' ', 'Corral ', '1987-6-6 ', 'Eusebio ','+56976378757', '(2) 22739 5969 ', 'M '),
             ( '10282003-7 ', ' ', 'Rodríguez ', '1987-1-12 ', 'Natalia ','+56952548258', '(2) 22483 2290 ', 'F '),
             ( '10283850-5 ', ' ', 'Vizcaíno ', '1987-3-25 ', 'Valeria ','+56972113759', '(2) 26625 1968 ', 'F '),
             ( '10284435-1 ', ' ', 'Andrés ', '1987-7-27 ', 'Matilde ','+56961748512', '(2) 22926 1305 ', 'M '),
             ( '10289034-5 ', ' ', 'Esteve ', '1987-1-2 ', 'Anselmo ','+56946523646', '(2) 24817 4768 ', 'M '),
             ( '10294702-9 ', ' ', 'Mayol ', '1987-3-14 ', 'Jerónimo ','+56918513775', '(2) 22594 5896 ', 'M '),
             ( '10307783-4 ', ' ', 'Jódar ', '1987-7-24 ', 'Eva ','+56913193417', '(2) 24724 4880 ', 'F '),
             ( '10309856-4 ', ' ', 'Oliva ', '1987-10-1 ', 'Luz ','+56984642780', '(2) 28444 1319 ', 'M '),
             ( '10335354-8 ', ' ', 'Mateos ', '1987-10-15 ', 'Héctor ','+56977147418', '(2) 22055 6288 ', 'M '),
             ( '10337268-2 ', ' ', 'Blasco ', '1987-3-20 ', 'Lucía ','+56910336655', '(2) 28479 7077 ', 'F '),
             ( '10341783-k ', ' ', 'Lozano ', '1987-8-20 ', 'Paz ','+56918186562', '(2) 25300 6177 ', 'M '),
             ( '10343931-0 ', ' ', 'Vall ', '1987-9-2 ', 'Carmelita ','+56913864319', '(2) 22309 4701 ', 'F '),
             ( '10344239-7 ', ' ', ' ', '1987-3-6 ', 'Emma ','+56937597451', '(2) 28474 7630 ', 'F '),
             ( '10371655-1 ', ' ', 'Cueto ', '1987-11-8 ', 'Elba ','+56939377136', '(2) 27447 5688 ', 'F '),
             ( '10372585-2 ', ' ', 'Carrasco ', '1987-12-20 ', 'Ramiro ','+56917347090', '(2) 28794 5803 ', 'M '),
             ( '10383412-0 ', ' ', 'Báez ', '1987-7-11 ', 'Gabriela ','+56921876217', '(2) 24512 2479 ', 'F '),
             ( '10419644-6 ', ' ', 'Cases ', '1987-11-20 ', 'Candela ','+56958841054', '(2) 28042 6411 ', 'F '),
             ( '10426377-1 ', ' ', 'Sola ', '1987-6-21 ', 'Macarena ','+56959484675', '(2) 26735 3416 ', 'F '),
             ( '10440686-6 ', ' ', 'Puig ', '1987-12-26 ', 'Cosme ','+56944212569', '(2) 22634 3677 ', 'M '),
             ( '10442532-1 ', ' ', 'Bermúdez ', '1987-5-8 ', 'Sandra ','+56973725451', '(2) 26833 4126 ', 'F '),
             ( '10452525-3 ', ' ', 'Taboada ', '1987-10-16 ', 'Isaías ','+56990217921', '(2) 23728 3847 ', 'M '),
             ( '10461021-8 ', ' ', 'Soto ', '1987-5-25 ', 'Nuria ','+56918521622', '(2) 24008 2212 ', 'F '),
             ( '10462201-1 ', ' ', ' ', '1987-10-27 ', 'Matilde ','+56976424060', '(2) 25373 2440 ', 'M '),
             ( '10474580-6 ', ' ', 'Rovira ', '1987-12-13 ', 'Tiburcio ','+56927431116', '(2) 23314 1771 ', 'M '),
             ( '10477159-9 ', ' ', 'Manjón ', '1987-12-19 ', 'Verónica ','+56948868424', '(2) 22849 1722 ', 'F '),
             ( '10504838-6 ', ' ', ' ', '1987-12-4 ', 'Marcelino ','+56919343879', '(2) 23426 6822 ', 'M '),
             ( '10508665-2 ', 'Hernandez ', 'Garriga ', '1986-6-5 ', 'María ','+56956702983', '(2) 21686 3473 ', 'F '),
             ( '10510257-7 ', ' ', ' ', '1986-9-15 ', 'Bonifacio ','+56941224538', '(2) 26644 3229 ', 'M '),
             ( '10511035-9 ', ' ', ' ', '1986-8-12 ', 'Lucho ','+56928181649', '(2) 21911 2445 ', 'M '),
             ( '10536148-3 ', ' ', 'Andreu ', '1986-3-27 ', 'Nuria ','+56914526962', '(2) 21134 2326 ', 'F '),
             ( '10539485-3 ', ' ', 'Canales ', '1986-8-3 ', 'Salvador ','+56968336718', '(2) 27216 7156 ', 'M '),
             ( '10547385-0 ', 'Montes ', 'Sureda ', '1986-10-6 ', 'Gustavo ','+56934626042', '(2) 28917 8474 ', 'M '),
             ( '10553589-9 ', ' ', 'Ortiz ', '1986-2-9 ', 'Marianela ','+56973168959', '(2) 21842 8190 ', 'F '),
             ( '10556456-2 ', ' ', 'Ferrero ', '1986-7-8 ', 'Tatiana ','+56970142577', '(2) 22827 2052 ', 'F '),
             ( '10575408-6 ', ' ', 'Real ', '1986-6-16 ', 'Micaela ','+56930394213', '(2) 23462 4895 ', 'F '),
             ( '10584120-5 ', ' ', 'Cabanillas ', '1986-10-12 ', 'Griselda ','+56950762759', '(2) 21514 8634 ', 'F '),
             ( '10593687-7 ', ' ', 'Piñol ', '1986-1-26 ', 'Ramón ','+56929323990', '(2) 23941 4921 ', 'M '),
             ( '10617869-0 ', ' ', ' ', '1986-10-14 ', 'Emiliano ','+56927592783', '(2) 23049 7849 ', 'M '),
             ( '10628551-9 ', ' ', 'Frías ', '1986-3-26 ', 'Sonia ','+56970546432', '(2) 26108 4958 ', 'F '),
             ( '10633287-8 ', 'Abascal ', 'Roselló ', '1986-12-3 ', 'Alejandra ','+56911253323', '(2) 27571 7221 ', 'F '),
             ( '10659332-9 ', ' ', 'Pozuelo ', '1986-6-6 ', 'Ciro ','+56932155380', '(2) 28511 2607 ', 'M '),
             ( '10672491-1 ', ' ', 'Roca ', '1986-8-6 ', 'Andrea ','+56922256817', '(2) 26117 6534 ', 'F '),
             ( '10695109-8 ', ' ', ' ', '1986-12-8 ', 'Amaya ','+56946786153', '(2) 22474 2702 ', 'F '),
             ( '10700522-6 ', ' ', 'Sarmiento ', '1986-8-18 ', 'Edelmiro ','+56964818527', '(2) 25822 2992 ', 'M '),
             ( '10705549-5 ', ' ', 'Aguado ', '1986-3-13 ', 'Bernabé ','+56986271311', '(2) 24162 5154 ', 'M '),
             ( '10706331-5 ', ' ', ' ', '1986-4-18 ', 'Gisela ','+56944633427', '(2) 26273 4210 ', 'F '),
             ( '10721723-1 ', ' ', 'Posada ', '1986-8-6 ', 'Yago ','+56955898142', '(2) 24280 5198 ', 'M '),
             ( '10733695-8 ', ' ', 'Barbero ', '1986-7-15 ', 'Cristóbal ','+56979107769', '(2) 28453 2609 ', 'M '),
             ( '10738748-k ', ' ', 'Gálvez ', '1986-7-21 ', 'Nacho ','+56928542650', '(2) 21959 3321 ', 'M '),
             ( '10740172-5 ', ' ', 'Gutierrez ', '1986-12-14 ', 'Arsenio ','+56939872015', '(2) 21578 5909 ', 'M '),
             ( '10744132-8 ', ' ', ' ', '1986-5-28 ', 'Jacinto ','+56910101132', '(2) 27049 5989 ', 'M '),
             ( '10763343-k ', 'Barceló ', 'Sotelo ', '1986-8-12 ', 'Teodora ','+56922668956', '(2) 26531 5939 ', 'F '),
             ( '10773848-7 ', ' ', ' ', '1986-7-4 ', 'Diana ','+56979533729', '(2) 27375 4169 ', 'F '),
             ( '10779229-5 ', ' ', 'Sans ', '1986-12-16 ', 'Soledad ','+56980391752', '(2) 25130 2896 ', 'M '),
             ( '10788953-1 ', ' ', 'Badía ', '1986-9-24 ', 'Nadia ','+56940271560', '(2) 25443 1236 ', 'F '),
             ( '10802648-0 ', ' ', 'Lastra ', '1986-2-4 ', 'Tadeo ','+56927608236', '(2) 22978 4672 ', 'M '),
             ( '10814200-6 ', ' ', ' ', '1986-4-19 ', 'Severo ','+56967506150', '(2) 28826 8772 ', 'M '),
             ( '10830649-1 ', 'Pozo ', 'Lumbreras ', '1986-3-9 ', 'Amanda ','+56928587730', '(2) 22250 8738 ', 'F '),
             ( '10830895-8 ', ' ', 'Cerdán ', '1986-5-26 ', 'Cesar ','+56981662959', '(2) 21687 1911 ', 'M '),
             ( '10836337-1 ', ' ', 'Moya ', '1986-3-3 ', 'Eusebio ','+56946735165', '(2) 21687 4993 ', 'M '),
             ( '10861765-9 ', ' ', 'Higueras ', '1986-11-23 ', 'Nadia ','+56956302174', '(2) 27287 6210 ', 'F '),
             ( '10866223-9 ', ' ', 'Plana ', '1986-3-3 ', 'Haroldo ','+56956486890', '(2) 28373 2252 ', 'M '),
             ( '10883566-4 ', ' ', 'Olivares ', '1986-1-1 ', 'Blas ','+56920572123', '(2) 28431 2521 ', 'M '),
             ( '10897741-8 ', ' ', 'Villaverde ', '1986-9-17 ', 'Angelina ','+56979531870', '(2) 25245 5883 ', 'F '),
             ( '10905674-k ', ' ', 'Villa ', '1986-2-5 ', 'Isa ','+56957125220', '(2) 22326 3201 ', 'F '),
             ( '10938191-8 ', ' ', 'Gámez ', '1986-2-16 ', 'Fernanda ','+56913791433', '(2) 28440 6048 ', 'F '),
             ( '10942645-8 ', ' ', 'Ávila ', '1986-3-22 ', 'Eusebia ','+56936743931', '(2) 21269 8832 ', 'F '),
             ( '10949037-7 ', ' ', 'Somoza ', '1986-2-2 ', 'Saturnino ','+56919225051', '(2) 21948 7286 ', 'M '),
             ( '10955920-2 ', ' ', ' ', '1986-5-5 ', 'Joan ','+56974864552', '(2) 22644 5557 ', 'M '),
             ( '10956528-8 ', ' ', ' ', '1986-8-11 ', 'Elías ','+56969884989', '(2) 24661 2266 ', 'M '),
             ( '10962131-5 ', ' ', 'Aguilar ', '1986-11-28 ', 'Luciana ','+56947405881', '(2) 26036 4011 ', 'F '),
             ( '10967060-k ', ' ', 'Sandoval ', '1985-1-1 ', 'Hilda ','+56958346124', '(2) 24841 3398 ', 'F '),
             ( '10967188-6 ', ' ', 'Quesada ', '1985-3-26 ', 'María ','+56948138626', '(2) 24141 5003 ', 'F '),
             ( '10987992-4 ', ' ', 'Montes ', '1985-9-20 ', 'Alex ','+56957707742', '(2) 23801 6868 ', 'M '),
             ( '11007556-1 ', 'Montenegro ', 'Ortuño ', '1985-12-24 ', 'Susanita ','+56938403566', '(2) 21899 3714 ', 'F '),
             ( '11008805-1 ', ' ', 'Garmendia ', '1985-7-22 ', 'Eutropio ','+56925674511', '(2) 28404 5469 ', 'M '),
             ( '11036749-k ', ' ', ' ', '1985-3-28 ', 'Patricia ','+56950857633', '(2) 21669 1966 ', 'F '),
             ( '11050974-k ', ' ', 'Escudero ', '1985-9-19 ', 'Rosa ','+56966183610', '(2) 22157 2975 ', 'F '),
             ( '11054915-6 ', 'Zaragoza ', 'Pozuelo ', '1985-8-11 ', 'Paz ','+56954261686', '(2) 21047 3753 ', 'M '),
             ( '11059095-4 ', ' ', ' ', '1985-3-11 ', 'Diana ','+56957565666', '(2) 26114 7424 ', 'F '),
             ( '11062704-1 ', 'Aparicio ', 'Manuel ', '1985-1-21 ', 'Dan ','+56967527310', '(2) 24397 4685 ', 'M '),
             ( '11082022-4 ', ' ', ' ', '1985-4-8 ', 'Augusto ','+56985735024', '(2) 25985 4265 ', 'M '),
             ( '11084619-3 ', ' ', 'Gras ', '1985-8-2 ', 'Anselmo ','+56985765423', '(2) 22015 6585 ', 'M '),
             ( '11098895-8 ', ' ', ' ', '1985-2-3 ', 'Ágata ','+56989782069', '(2) 28703 7007 ', 'F '),
             ( '11123065-k ', ' ', 'Vicente ', '1985-9-12 ', 'Asunción ','+56924446528', '(2) 28769 1825 ', 'M '),
             ( '11126113-k ', 'Cabeza ', 'Garrido ', '1985-2-21 ', 'Tadeo ','+56981881649', '(2) 22023 5807 ', 'M '),
             ( '11145086-2 ', ' ', 'Company ', '1985-7-8 ', 'Pastora ','+56990188482', '(2) 24909 7062 ', 'F '),
             ( '11145641-0 ', ' ', 'Puente ', '1985-12-10 ', 'Curro ','+56980304210', '(2) 21598 4791 ', 'M '),
             ( '11164951-0 ', 'Galiano ', 'Puente ', '1985-5-28 ', 'Albina ','+56946375457', '(2) 22280 6135 ', 'F '),
             ( '11168517-7 ', ' ', 'Zabala ', '1985-10-25 ', 'Olalla ','+56942672469', '(2) 28135 2568 ', 'F '),
             ( '11173549-2 ', ' ', 'Rojas ', '1985-4-24 ', 'Germán ','+56934326859', '(2) 24841 1083 ', 'M '),
             ( '11176016-0 ', ' ', 'Verdejo ', '1985-11-14 ', 'América ','+56961687836', '(2) 21721 6774 ', 'F '),
             ( '11176056-k ', ' ', 'Vives ', '1985-1-10 ', 'Eladio ','+56919323614', '(2) 23850 2833 ', 'M '),
             ( '11182218-2 ', ' ', 'Bustos ', '1985-4-18 ', 'Brígida ','+56967503360', '(2) 28519 5640 ', 'F '),
             ( '11185639-7 ', ' ', 'Pinto ', '1985-12-19 ', 'Bernarda ','+56948145049', '(2) 25383 8327 ', 'F '),
             ( '11188577-k ', ' ', 'Cases ', '1985-8-3 ', 'Delfina ','+56913283079', '(2) 23981 4938 ', 'F '),
             ( '11198467-0 ', 'Casals ', 'Padilla ', '1985-1-27 ', 'Chucho ','+56944286160', '(2) 21619 8810 ', 'M '),
             ( '11199081-6 ', ' ', ' ', '1985-9-4 ', 'Aroa ','+56984785639', '(2) 26738 7344 ', 'F '),
             ( '11208457-6 ', ' ', ' ', '1985-4-24 ', 'Glauco ','+56959844153', '(2) 23145 6584 ', 'M '),
             ( '11216921-0 ', 'Orozco ', 'Ibañez ', '1985-10-9 ', 'Juan ','+56939474328', '(2) 23811 6297 ', 'M '),
             ( '11217170-3 ', 'Manuel ', 'Marin ', '1985-7-21 ', 'Maricruz ','+56940191383', '(2) 26730 1457 ', 'M '),
             ( '11219994-2 ', ' ', 'Pellicer ', '1985-5-19 ', 'Isabela ','+56912606483', '(2) 21677 3154 ', 'F '),
             ( '11227400-6 ', ' ', 'Hervás ', '1985-12-5 ', 'Bibiana ','+56949268944', '(2) 22044 8209 ', 'F '),
             ( '11253393-1 ', ' ', 'Sanmartín ', '1985-5-10 ', 'Daniel ','+56986549075', '(2) 24454 7906 ', 'M '),
             ( '11284745-6 ', ' ', 'Conesa ', '1985-8-25 ', 'Ligia ','+56912382142', '(2) 25442 3528 ', 'F '),
             ( '11297502-0 ', ' ', ' ', '1985-2-25 ', 'Sol ','+56956139071', '(2) 25962 3250 ', 'M '),
             ( '11303471-8 ', 'Arnaiz ', 'Laguna ', '1985-5-2 ', 'Etelvina ','+56961515921', '(2) 25743 2067 ', 'F '),
             ( '11309691-8 ', ' ', 'Estévez ', '1985-8-17 ', 'Moreno ','+56984853523', '(2) 21354 6798 ', 'M '),
             ( '11315203-6 ', 'Bru ', 'Salomón ', '1985-8-20 ', 'Miguel ','+56934192641', '(2) 26475 2559 ', 'M '),
             ( '11316271-6 ', ' ', 'Saldaña ', '1985-7-13 ', 'Ileana ','+56959144334', '(2) 28748 5068 ', 'F '),
             ( '11322539-4 ', ' ', 'Sedano ', '1985-12-6 ', 'Emelina ','+56939836750', '(2) 22313 1273 ', 'F '),
             ( '11322765-6 ', ' ', 'Coello ', '1985-5-17 ', 'Bernardino ','+56990111135', '(2) 21049 6830 ', 'M '),
             ( '11334648-5 ', ' ', ' ', '1984-12-14 ', 'Carmen ','+56936693926', '(2) 27398 4326 ', 'M '),
             ( '11352824-9 ', ' ', 'Solé ', '1984-3-17 ', 'Elisa ','+56947671327', '(2) 26934 5797 ', 'F '),
             ( '11353432-k ', ' ', 'Calvet ', '1984-6-22 ', 'Valerio ','+56986801935', '(2) 25973 5769 ', 'M '),
             ( '11358792-k ', ' ', 'Terrón ', '1984-3-24 ', 'Fabián ','+56954297157', '(2) 26125 7589 ', 'M '),
             ( '11408393-3 ', ' ', 'Figuerola ', '1984-4-21 ', 'Eusebio ','+56965481561', '(2) 24698 2798 ', 'M '),
             ( '11430437-9 ', 'Valverde ', 'Isern ', '1984-5-17 ', 'Gil ','+56926676230', '(2) 26196 6929 ', 'M '),
             ( '11431877-9 ', ' ', 'Pavón ', '1984-4-6 ', 'Dora ','+56962764424', '(2) 22464 3583 ', 'F '),
             ( '11433382-4 ', ' ', 'Cisneros ', '1984-3-27 ', 'Úrsula ','+56982115942', '(2) 24881 6269 ', 'F '),
             ( '11434461-3 ', ' ', 'Gárate ', '1984-10-1 ', 'Morena ','+56975101218', '(2) 23166 2474 ', 'F '),
             ( '11444595-9 ', ' ', 'Pedrosa ', '1984-3-3 ', 'Yolanda ','+56980271237', '(2) 25642 2268 ', 'F '),
             ( '11451351-2 ', ' ', 'Cañellas ', '1984-3-25 ', 'Juana ','+56936416730', '(2) 26630 5007 ', 'F '),
             ( '11455765-k ', ' ', ' ', '1984-9-23 ', 'Eligio ','+56918544289', '(2) 26513 2486 ', 'M '),
             ( '11469397-9 ', ' ', 'Sureda ', '1984-7-14 ', 'Tania ','+56978808238', '(2) 26972 8744 ', 'F '),
             ( '11471072-5 ', ' ', 'Sosa ', '1984-3-7 ', 'Emma ','+56987758436', '(2) 24519 4247 ', 'F '),
             ( '11480725-7 ', ' ', 'Anguita ', '1984-6-23 ', 'Jafet ','+56941872440', '(2) 25600 5250 ', 'M '),
             ( '11499957-1 ', 'Baquero ', 'Ripoll ', '1984-6-11 ', 'Jose ','+56975803766', '(2) 23521 8067 ', 'M '),
             ( '11517664-1 ', ' ', ' ', '1984-3-19 ', 'Pastora ','+56948754730', '(2) 22655 6409 ', 'F '),
             ( '11524508-2 ', ' ', ' ', '1984-8-13 ', 'Isa ','+56924766322', '(2) 27279 8088 ', 'F '),
             ( '11527425-2 ', ' ', 'Quero ', '1984-6-2 ', 'Wálter ','+56977473567', '(2) 22807 1017 ', 'M '),
             ( '11577212-0 ', ' ', 'Amat ', '1984-10-11 ', 'Juan ','+56956545621', '(2) 21687 6154 ', 'M '),
             ( '11598215-k ', ' ', ' ', '1984-8-19 ', 'Juliana ','+56965594665', '(2) 24259 1323 ', 'F '),
             ( '11601329-0 ', ' ', 'Llano ', '1984-7-19 ', 'Eligia ','+56928468565', '(2) 21808 1250 ', 'F '),
             ( '11605505-8 ', ' ', ' ', '1984-5-26 ', 'Eufemia ','+56915876031', '(2) 25897 3228 ', 'F '),
             ( '11616524-4 ', ' ', 'Román ', '1984-6-20 ', 'Bienvenida ','+56934891117', '(2) 21403 2782 ', 'F '),
             ( '11624333-4 ', ' ', 'Bauzà ', '1984-3-26 ', 'Alicia ','+56966865262', '(2) 25220 8790 ', 'F '),
             ( '11633547-6 ', ' ', 'Anaya ', '1984-9-24 ', 'Fabiana ','+56926355013', '(2) 25814 6636 ', 'F '),
             ( '11660317-9 ', 'Valls ', 'Páez ', '1984-9-10 ', 'Cleto ','+56928508313', '(2) 27357 2746 ', 'M '),
             ( '11666439-9 ', ' ', ' ', '1984-5-28 ', 'Ramiro ','+56948596378', '(2) 26364 3263 ', 'M '),
             ( '11671016-1 ', ' ', 'Oliver ', '1984-1-26 ', 'María ','+56987218179', '(2) 25959 3900 ', 'F '),
             ( '11674014-1 ', ' ', 'Pazos ', '1984-12-28 ', 'Leocadia ','+56964415471', '(2) 25398 2930 ', 'F '),
             ( '11683737-4 ', ' ', 'Capdevila ', '1984-6-13 ', 'Cristian ','+56924242855', '(2) 24022 4593 ', 'M '),
             ( '11708304-7 ', ' ', 'Morera ', '1984-10-27 ', 'Merche ','+56951303135', '(2) 26435 1072 ', 'M '),
             ( '11711168-7 ', 'Mármol ', 'Posada ', '1984-4-22 ', 'Luis ','+56936511142', '(2) 27531 2380 ', 'M '),
             ( '11722146-6 ', ' ', 'Jódar ', '1984-9-23 ', 'Domitila ','+56914817763', '(2) 21080 8406 ', 'F '),
             ( '11733502-k ', ' ', 'Noguera ', '1984-1-3 ', 'Graciana ','+56944387283', '(2) 23018 4241 ', 'F '),
             ( '11740188-k ', ' ', 'Sola ', '1984-6-19 ', 'Isabel ','+56917441042', '(2) 23786 8812 ', 'M '),
             ( '11744859-2 ', ' ', 'Céspedes ', '1984-11-3 ', 'Noa ','+56980728158', '(2) 28473 2843 ', 'F '),
             ( '11759443-2 ', ' ', 'Castejón ', '1984-4-10 ', 'Olga ','+56957241143', '(2) 23262 7391 ', 'F '),
             ( '11761847-1 ', ' ', 'Giner ', '1984-10-15 ', 'Gerónimo ','+56935325533', '(2) 25163 8743 ', 'M '),
             ( '11776869-4 ', ' ', 'Rincón ', '1984-7-27 ', 'Isaura ','+56974297636', '(2) 24292 7921 ', 'F '),
             ( '11794615-0 ', ' ', 'Dominguez ', '1984-6-16 ', 'Eva ','+56946183921', '(2) 26092 4590 ', 'F '),
             ( '11810267-3 ', 'Rueda ', 'Corral ', '1984-7-2 ', 'Maxi ','+56989648512', '(2) 28726 2339 ', 'M '),
             ( '11819750-k ', ' ', 'Morales ', '1984-7-28 ', 'Úrsula ','+56929302161', '(2) 25156 5044 ', 'F '),
             ( '11833788-3 ', ' ', 'Carrillo ', '1984-7-16 ', 'Consuela ','+56933147872', '(2) 21024 8029 ', 'F '),
             ( '11836666-2 ', ' ', 'Pacheco ', '1984-7-11 ', 'Humberto ','+56972804828', '(2) 21840 6880 ', 'M '),
             ( '11850206-k ', ' ', 'Lucas ', '1983-9-6 ', 'Gracia ','+56925385779', '(2) 22641 5715 ', 'F '),
             ( '11868373-0 ', ' ', ' ', '1983-4-10 ', 'África ','+56972736983', '(2) 23926 6923 ', 'F '),
             ( '11873643-5 ', ' ', 'Báez ', '1983-7-15 ', 'Leire ','+56916275976', '(2) 25994 7845 ', 'M '),
             ( '11881844-k ', ' ', 'Sánchez ', '1983-6-26 ', 'Reyes ','+56948706558', '(2) 28586 2375 ', 'M '),
             ( '11904379-4 ', ' ', 'Pujol ', '1983-12-7 ', 'Marina ','+56977536765', '(2) 25389 4722 ', 'F '),
             ( '11906416-3 ', ' ', 'Sala ', '1983-11-8 ', 'Encarna ','+56924733960', '(2) 23813 4966 ', 'F '),
             ( '11917875-4 ', ' ', 'Navarro ', '1983-9-25 ', 'Imelda ','+56986411845', '(2) 23189 8490 ', 'F '),
             ( '11946591-5 ', ' ', 'Briones ', '1983-2-27 ', 'Remigio ','+56958337811', '(2) 23448 3684 ', 'M '),
             ( '11958784-0 ', ' ', ' ', '1983-12-14 ', 'Saturnina ','+56956683315', '(2) 26533 7551 ', 'F '),
             ( '11959645-9 ', 'Guerrero ', 'Sanz ', '1983-5-27 ', 'Ariadna ','+56915494054', '(2) 27729 1327 ', 'F '),
             ( '11959835-4 ', ' ', ' ', '1983-8-18 ', 'Borja ','+56964442779', '(2) 25835 6852 ', 'F '),
             ( '11974383-4 ', ' ', 'Gutierrez ', '1983-4-6 ', 'Baldomero ','+56948687178', '(2) 25821 5744 ', 'M '),
             ( '12001609-1 ', ' ', 'Barba ', '1983-7-14 ', 'Bautista ','+56988356574', '(2) 22002 6260 ', 'F '),
             ( '12004414-1 ', 'Berrocal ', 'Iborra ', '1983-9-13 ', 'Rosa ','+56936431870', '(2) 26887 7100 ', 'F '),
             ( '12026928-3 ', ' ', ' ', '1983-6-14 ', 'Conrado ','+56988767316', '(2) 27474 1472 ', 'M '),
             ( '12033070-5 ', ' ', 'Perera ', '1983-4-10 ', 'Juanito ','+56916768176', '(2) 25010 3383 ', 'M '),
             ( '12035695-k ', ' ', 'Jordá ', '1983-2-14 ', 'Elisa ','+56976757860', '(2) 26074 5741 ', 'F '),
             ( '12051453-9 ', ' ', 'Méndez ', '1983-5-27 ', 'José ','+56946864978', '(2) 27280 3498 ', 'M '),
             ( '12057597-k ', ' ', 'Velázquez ', '1983-2-12 ', 'Lucio ','+56961375944', '(2) 22870 2606 ', 'M '),
             ( '12070423-0 ', ' ', ' ', '1983-10-10 ', 'Carlito ','+56957606469', '(2) 21132 3495 ', 'M '),
             ( '12077732-7 ', ' ', 'Armas ', '1983-1-10 ', 'Crescencia ','+56961764179', '(2) 27528 6754 ', 'F '),
             ( '12078844-2 ', ' ', 'Acedo ', '1983-11-6 ', 'Felix ','+56911565612', '(2) 21597 1671 ', 'M '),
             ( '12086533-1 ', ' ', 'Torrent ', '1983-8-26 ', 'Antonio ','+56931688713', '(2) 25180 2723 ', 'M '),
             ( '12089722-5 ', ' ', 'Valls ', '1983-5-26 ', 'Susana ','+56954685327', '(2) 23382 6593 ', 'F '),
             ( '12102298-2 ', ' ', 'Rosell ', '1983-1-2 ', 'Blanca ','+56910307643', '(2) 27089 2421 ', 'F '),
             ( '12108304-3 ', ' ', 'Zorrilla ', '1983-10-17 ', 'Isidoro ','+56989162781', '(2) 28032 4783 ', 'M '),
             ( '12123814-4 ', ' ', 'Castellanos-Marqués ', '1983-6-10 ', 'María ','+56933373980', '(2) 26401 5758 ', 'F '),
             ( '12135980-4 ', ' ', 'Heras-Martin ', '1983-2-27 ', 'María ','+56911802832', '(2) 27973 7343 ', 'F '),
             ( '12136075-6 ', 'Valenciano ', 'Trujillo ', '1983-6-23 ', 'Ricarda ','+56988273731', '(2) 28206 1100 ', 'F '),
             ( '12136289-9 ', ' ', 'Gomez ', '1983-2-14 ', 'Tomás ','+56951782862', '(2) 24563 5561 ', 'M '),
             ( '12143946-8 ', ' ', 'España ', '1983-9-23 ', 'Nilda ','+56956224542', '(2) 24617 8573 ', 'F '),
             ( '12158243-0 ', ' ', 'Tolosa ', '1983-6-5 ', 'Tatiana ','+56976193750', '(2) 21932 3483 ', 'F '),
             ( '12160085-4 ', ' ', 'Velázquez ', '1983-10-23 ', 'Desiderio ','+56933365735', '(2) 21547 8725 ', 'M '),
             ( '12161455-3 ', ' ', 'Mancebo ', '1983-2-8 ', 'José ','+56965101047', '(2) 23109 4901 ', 'M '),
             ( '12187703-1 ', ' ', ' ', '1983-12-1 ', 'Imelda ','+56921808673', '(2) 28076 4679 ', 'F '),
             ( '12198763-5 ', ' ', 'Hoyos ', '1983-4-13 ', 'África ','+56942841543', '(2) 28381 2706 ', 'F '),
             ( '12199624-3 ', ' ', 'Pujadas ', '1983-12-5 ', 'Geraldo ','+56981677820', '(2) 21573 2616 ', 'M '),
             ( '12203790-8 ', ' ', 'Valencia ', '1983-9-16 ', 'Reyna ','+56937747634', '(2) 22747 5897 ', 'F '),
             ( '12224585-3 ', ' ', 'Nicolás ', '1983-1-23 ', 'Paloma ','+56933431068', '(2) 23020 8151 ', 'F '),
             ( '12233991-2 ', ' ', 'Ferrando ', '1983-1-3 ', 'Isaías ','+56931201011', '(2) 25859 6061 ', 'M '),
             ( '12247052-0 ', ' ', 'Saldaña ', '1983-6-10 ', 'Nereida ','+56934872485', '(2) 26407 6423 ', 'F '),
             ( '12249675-9 ', 'Bolaños ', 'Calleja ', '1983-10-11 ', 'Ambrosio ','+56984108737', '(2) 26217 8819 ', 'M '),
             ( '12253177-5 ', 'Enríquez ', 'Echevarría ', '1983-10-3 ', 'José ','+56984547478', '(2) 27630 1267 ', 'M '),
             ( '12256834-2 ', ' ', 'Quesada ', '1983-5-4 ', 'Dora ','+56920711557', '(2) 27025 5312 ', 'F '),
             ( '12267765-6 ', ' ', ' ', '1983-3-11 ', 'Dorita ','+56957206637', '(2) 27668 5231 ', 'F '),
             ( '12274620-8 ', ' ', 'Moraleda ', '1983-1-27 ', 'Nieves ','+56982301223', '(2) 24513 2061 ', 'M '),
             ( '12302949-6 ', ' ', 'Carrión ', '1983-3-2 ', 'Custodia ','+56971568577', '(2) 26563 4359 ', 'F '),
             ( '12304987-k ', ' ', 'Jara ', '1983-11-11 ', 'Ricardo ','+56961466064', '(2) 22057 6637 ', 'M '),
             ( '12321870-1 ', ' ', 'Juliá ', '1983-10-28 ', 'Ágata ','+56977134285', '(2) 26890 5157 ', 'F '),
             ( '12322583-k ', ' ', 'Ruano ', '1983-12-23 ', 'Agapito ','+56932741437', '(2) 23954 2839 ', 'M '),
             ( '12326211-5 ', ' ', 'Mas ', '1983-4-23 ', 'Mireia ','+56973748839', '(2) 25292 8927 ', 'F '),
             ( '12331008-k ', ' ', 'Valero ', '1983-8-21 ', 'Manuel ','+56926234084', '(2) 21018 6368 ', 'M '),
             ( '12345194-5 ', ' ', 'Sáez ', '1983-10-9 ', 'Corona ','+56989396166', '(2) 26602 8989 ', 'F '),
             ( '12353202-3 ', 'Gordillo ', 'Gallo ', '1982-2-22 ', 'Juan ','+56938396372', '(2) 21293 5761 ', 'M '),
             ( '12357698-5 ', ' ', 'Galván ', '1982-11-14 ', 'Paola ','+56934472719', '(2) 24755 1304 ', 'F '),
             ( '12400096-3 ', ' ', 'Lillo ', '1982-4-18 ', 'Aarón ','+56953633610', '(2) 21329 2189 ', 'M '),
             ( '12402978-3 ', ' ', ' ', '1982-8-6 ', 'Aurelia ','+56966332132', '(2) 27536 3801 ', 'F '),
             ( '12404518-5 ', ' ', 'Izaguirre ', '1982-8-2 ', 'Baudelio ','+56923116580', '(2) 27531 3450 ', 'M '),
             ( '12408398-2 ', ' ', 'Grau ', '1982-12-6 ', 'Lucila ','+56948782023', '(2) 24889 5594 ', 'F '),
             ( '12412784-k ', 'Elías ', 'Alba ', '1982-6-16 ', 'Martin ','+56968622780', '(2) 23075 6291 ', 'M '),
             ( '12415134-1 ', ' ', 'Marín ', '1982-8-24 ', 'Zaida ','+56988622133', '(2) 24144 3600 ', 'F '),
             ( '12425989-4 ', 'Agustín ', 'de ', '1982-3-7 ', 'María ','+56965178520', '(2) 27186 3191 ', 'F '),
             ( '12429692-7 ', ' ', 'Blázquez ', '1982-6-23 ', 'Elena ','+56956404473', '(2) 22188 8869 ', 'F '),
             ( '12442756-8 ', ' ', 'Peñas ', '1982-7-24 ', 'Glauco ','+56968846873', '(2) 25204 7704 ', 'M '),
             ( '12462396-0 ', ' ', ' ', '1982-4-15 ', 'Ricarda ','+56973616341', '(2) 25294 4941 ', 'F '),
             ( '12463586-1 ', 'Ramón ', 'del ', '1982-3-1 ', 'Eva ','+56943893450', '(2) 28283 7567 ', 'F '),
             ( '12482661-6 ', ' ', 'Ferrero ', '1982-2-16 ', 'Sabina ','+56924742022', '(2) 23588 5141 ', 'F '),
             ( '12489531-6 ', ' ', 'Ochoa ', '1982-2-8 ', 'Hector ','+56949425984', '(2) 26741 5390 ', 'M '),
             ( '12503946-4 ', ' ', ' ', '1982-3-16 ', 'Eutropio ','+56971307148', '(2) 22251 6966 ', 'M '),
             ( '12507657-2 ', ' ', ' ', '1982-5-8 ', 'Laura ','+56990447234', '(2) 28441 6601 ', 'F '),
             ( '12526155-8 ', ' ', 'Mata ', '1982-5-24 ', 'Visitación ','+56949322023', '(2) 21092 1942 ', 'M '),
             ( '12546347-9 ', ' ', 'Pastor ', '1982-3-26 ', 'Sofía ','+56955365632', '(2) 27903 1401 ', 'F '),
             ( '12567318-k ', ' ', 'Benavent ', '1982-11-1 ', 'Victorino ','+56982635959', '(2) 28087 2518 ', 'M '),
             ( '12577750-3 ', ' ', ' ', '1982-8-25 ', 'Angelita ','+56931631113', '(2) 23465 5176 ', 'F '),
             ( '12579409-2 ', ' ', 'Salom ', '1982-6-4 ', 'Bibiana ','+56936383286', '(2) 27334 5852 ', 'F '),
             ( '12580480-2 ', ' ', ' ', '1982-7-17 ', 'Florinda ','+56957377384', '(2) 25247 8843 ', 'F '),
             ( '12582057-3 ', ' ', 'Caparrós ', '1982-10-9 ', 'Rita ','+56925315130', '(2) 25821 5212 ', 'F '),
             ( '12606604-k ', 'Juliá ', 'Mercedes ', '1982-11-4 ', 'Rosa ','+56966284226', '(2) 24226 8112 ', 'F '),
             ( '12608347-5 ', ' ', 'Asenjo ', '1982-3-8 ', 'Amalia ','+56933435790', '(2) 26352 8077 ', 'F '),
             ( '12611214-9 ', ' ', 'Martorell ', '1982-9-18 ', 'Baldomero ','+56928655610', '(2) 22414 4721 ', 'M '),
             ( '12628491-8 ', 'Durán ', 'Dueñas ', '1982-5-8 ', 'Juan ','+56986512478', '(2) 23123 7762 ', 'M '),
             ( '12632919-9 ', ' ', 'Escribano ', '1982-8-10 ', 'Federico ','+56941477047', '(2) 27043 2313 ', 'M '),
             ( '12672315-6 ', 'Jimenez ', 'Español ', '1982-3-26 ', 'Azahara ','+56926894949', '(2) 28517 8012 ', 'F '),
             ( '12680923-9 ', 'Guerra ', 'Juliá ', '1982-12-5 ', 'Juan ','+56943656068', '(2) 27539 7087 ', 'M '),
             ( '12717457-1 ', ' ', 'Galvez ', '1982-12-15 ', 'Noelia ','+56970162383', '(2) 27973 6753 ', 'F '),
             ( '12720040-8 ', ' ', 'Hoyos ', '1982-12-10 ', 'Emma ','+56983195743', '(2) 26409 4312 ', 'F '),
             ( '12743380-1 ', ' ', 'Camps ', '1982-1-18 ', 'Atilio ','+56981168185', '(2) 23473 4732 ', 'M '),
             ( '12749398-7 ', ' ', 'Arellano ', '1982-10-12 ', 'Félix ','+56911124344', '(2) 27387 2686 ', 'M '),
             ( '12767532-5 ', ' ', 'Benavente ', '1982-1-9 ', 'Toribio ','+56982382233', '(2) 22508 6439 ', 'M '),
             ( '12777742-k ', ' ', 'Duarte ', '1982-5-14 ', 'Olegario ','+56951705127', '(2) 22482 1441 ', 'M '),
             ( '12804380-2 ', ' ', 'Alfonso ', '1982-3-4 ', 'Maura ','+56952674364', '(2) 22189 3554 ', 'F '),
             ( '12833818-7 ', 'Padilla ', 'Rebollo ', '1982-6-13 ', 'Nicolás ','+56923397368', '(2) 28299 7376 ', 'M '),
             ( '12839134-7 ', ' ', 'Villaverde ', '1982-1-18 ', 'Zaira ','+56966333578', '(2) 25033 5608 ', 'F '),
             ( '12854262-0 ', ' ', ' ', '1982-6-28 ', 'Concha ','+56984396942', '(2) 28411 4279 ', 'F '),
             ( '12856748-8 ', ' ', 'Santamaria ', '1982-12-9 ', 'Priscila ','+56959787122', '(2) 27740 8912 ', 'F '),
             ( '12859330-6 ', ' ', 'Peral ', '1982-8-26 ', 'Ignacia ','+56978307779', '(2) 26989 1674 ', 'F '),
             ( '12878102-1 ', ' ', 'Ibañez ', '1982-6-15 ', 'Áurea ','+56957142736', '(2) 23508 4313 ', 'F '),
             ( '12893775-7 ', ' ', 'Borrás ', '1981-5-23 ', 'Salomé ','+56913722838', '(2) 25452 8297 ', 'M '),
             ( '12941720-k ', 'Rojas ', 'de ', '1981-11-25 ', 'Jose ','+56947163781', '(2) 22484 4948 ', 'M '),
             ( '12960555-3 ', ' ', 'Tejero ', '1981-4-21 ', 'Sosimo ','+56982361276', '(2) 28613 4780 ', 'M '),
             ( '12998143-1 ', ' ', 'Mateo ', '1981-5-8 ', 'Marina ','+56947325040', '(2) 21959 3450 ', 'F '),
             ( '13007742-0 ', 'Matas ', 'Pomares ', '1981-1-2 ', 'Valerio ','+56929152128', '(2) 21511 5109 ', 'M '),
             ( '13012660-k ', ' ', 'Valera ', '1981-8-1 ', 'Germán ','+56911813446', '(2) 26278 3913 ', 'M '),
             ( '13014361-k ', ' ', ' ', '1981-11-9 ', 'Angélica ','+56961627049', '(2) 25444 4525 ', 'F '),
             ( '13022922-0 ', ' ', 'Neira ', '1981-2-1 ', 'Ruth ','+56938867827', '(2) 23561 2223 ', 'M '),
             ( '13036082-3 ', ' ', 'Toro ', '1981-7-5 ', 'Lorenzo ','+56957308113', '(2) 26861 4519 ', 'M '),
             ( '13053465-1 ', ' ', 'León ', '1981-7-26 ', 'Jonatan ','+56978121890', '(2) 28986 2701 ', 'M '),
             ( '13071620-2 ', ' ', ' ', '1981-5-27 ', 'Joaquina ','+56979565315', '(2) 24805 8492 ', 'F '),
             ( '13074835-k ', 'Quevedo ', 'Garzón ', '1981-8-13 ', 'Mohamed ','+56934552436', '(2) 26845 5992 ', 'M '),
             ( '13104816-5 ', ' ', ' ', '1981-8-8 ', 'Adelardo ','+56935427446', '(2) 24254 6139 ', 'M '),
             ( '13127102-6 ', ' ', 'Herranz ', '1981-5-10 ', 'Paulina ','+56917596440', '(2) 23101 7533 ', 'F '),
             ( '13164403-5 ', ' ', 'Colomer ', '1981-11-26 ', 'Timoteo ','+56935442280', '(2) 28863 1369 ', 'M '),
             ( '13164845-6 ', ' ', 'Valverde ', '1981-4-5 ', 'Marcio ','+56913505476', '(2) 28961 3592 ', 'M '),
             ( '13166555-5 ', ' ', 'Baró ', '1981-10-22 ', 'Joaquina ','+56914112883', '(2) 26815 7341 ', 'F '),
             ( '13169178-5 ', ' ', 'Piña ', '1981-3-24 ', 'Sabina ','+56940321243', '(2) 26682 1723 ', 'F '),
             ( '13169897-6 ', ' ', ' ', '1981-10-1 ', 'Ramón ','+56941511984', '(2) 23699 3138 ', 'M '),
             ( '13172585-k ', ' ', 'Peñas ', '1981-5-13 ', 'Guadalupe ','+56932316431', '(2) 24980 6940 ', 'M '),
             ( '13176516-9 ', ' ', 'Reguera ', '1981-5-21 ', 'Fortunata ','+56957315917', '(2) 21944 4174 ', 'F '),
             ( '13180112-2 ', ' ', 'Juan ', '1981-10-22 ', 'Nacho ','+56990467915', '(2) 25334 5666 ', 'M '),
             ( '13187874-5 ', ' ', 'Benito ', '1981-9-18 ', 'Sergio ','+56984611444', '(2) 24806 5994 ', 'M '),
             ( '13189569-0 ', ' ', 'Albero ', '1981-11-23 ', 'Reyes ','+56914421543', '(2) 27654 6573 ', 'M '),
             ( '13229854-8 ', ' ', ' ', '1981-11-6 ', 'Pastor ','+56985378527', '(2) 27809 4131 ', 'M '),
             ( '13230860-8 ', ' ', 'Duarte ', '1981-12-2 ', 'Raúl ','+56948904513', '(2) 25756 6184 ', 'M '),
             ( '13236896-1 ', ' ', 'Menendez ', '1981-8-11 ', 'Paulina ','+56973334830', '(2) 25189 7488 ', 'F '),
             ( '13250207-2 ', ' ', 'Colom ', '1981-3-10 ', 'Gustavo ','+56961724885', '(2) 28251 4108 ', 'M '),
             ( '13255996-1 ', ' ', ' ', '1981-5-28 ', 'Benjamín ','+56940422815', '(2) 26381 5421 ', 'M '),
             ( '13257517-7 ', ' ', 'Echeverría ', '1981-5-13 ', 'Lorenzo ','+56944521514', '(2) 21759 5204 ', 'M '),
             ( '13258827-9 ', ' ', ' ', '1981-7-2 ', 'Bienvenida ','+56941235626', '(2) 28587 2444 ', 'F '),
             ( '13263791-1 ', ' ', 'Valverde ', '1981-7-27 ', 'Sarita ','+56980783844', '(2) 21358 3096 ', 'F '),
             ( '13263940-k ', 'Palomares ', 'Fernandez ', '1981-9-15 ', 'Rafa ','+56942788860', '(2) 26913 1128 ', 'F '),
             ( '13269124-k ', ' ', 'Carbajo ', '1980-3-1 ', 'Celestina ','+56954487814', '(2) 26471 8535 ', 'F '),
             ( '13276952-4 ', 'Mata ', 'Mendoza ', '1980-11-12 ', 'Francisco ','+56986321713', '(2) 22446 7074 ', 'M '),
             ( '13283228-5 ', 'Araujo ', 'Casals ', '1980-10-17 ', 'Alex ','+56923643454', '(2) 27258 3774 ', 'M '),
             ( '13287555-3 ', ' ', 'Pintor ', '1980-5-14 ', 'Josep ','+56945387210', '(2) 27503 6235 ', 'M '),
             ( '13287638-k ', ' ', ' ', '1980-3-26 ', 'Jordán ','+56961684240', '(2) 21221 3266 ', 'M '),
             ( '13293393-6 ', 'Pazos ', 'Tamayo ', '1980-6-13 ', 'María ','+56921574963', '(2) 21383 2250 ', 'F '),
             ( '13296241-3 ', ' ', ' ', '1980-11-13 ', 'Eva ','+56941871926', '(2) 28309 5356 ', 'F '),
             ( '13317341-2 ', ' ', 'Polo ', '1980-11-16 ', 'Álvaro ','+56920271564', '(2) 26497 3908 ', 'M '),
             ( '13322547-1 ', 'Rey ', 'del ', '1980-2-9 ', 'Juan ','+56962251155', '(2) 24456 3008 ', 'M '),
             ( '13362228-4 ', ' ', 'Cabañas ', '1980-2-26 ', 'Víctor ','+56977693665', '(2) 21154 7958 ', 'M '),
             ( '13363861-k ', ' ', 'Milla ', '1980-12-24 ', 'Gervasio ','+56914732524', '(2) 27623 8642 ', 'M '),
             ( '13363944-6 ', ' ', 'Burgos ', '1980-2-13 ', 'Emma ','+56985107046', '(2) 27434 7907 ', 'F '),
             ( '13372558-k ', ' ', 'Navarrete ', '1980-7-27 ', 'Aitana ','+56947507426', '(2) 27492 8245 ', 'F '),
             ( '13374749-4 ', ' ', 'Montesinos ', '1980-4-11 ', 'Ovidio ','+56955274323', '(2) 25910 6587 ', 'M '),
             ( '13388365-7 ', ' ', 'Pol ', '1980-8-28 ', 'Chelo ','+56981244211', '(2) 27754 8662 ', 'M '),
             ( '13410580-1 ', ' ', 'Martín ', '1980-2-10 ', 'Lucía ','+56925653434', '(2) 25651 6175 ', 'F '),
             ( '13411638-2 ', ' ', 'Céspedes ', '1980-7-6 ', 'Nélida ','+56983165882', '(2) 23702 6009 ', 'F '),
             ( '13417558-3 ', ' ', 'Baeza ', '1980-6-8 ', 'Paco ','+56984523669', '(2) 21623 3759 ', 'M '),
             ( '13423811-9 ', ' ', ' ', '1980-5-8 ', 'Maxi ','+56981358844', '(2) 27987 4698 ', 'M '),
             ( '13443180-6 ', ' ', ' ', '1980-5-11 ', 'Estela ','+56987428618', '(2) 27640 3916 ', 'F '),
             ( '13448142-0 ', ' ', 'Gimeno ', '1980-5-17 ', 'Maite ','+56969166968', '(2) 24592 4795 ', 'M '),
             ( '13455567-k ', ' ', 'Pinilla ', '1980-6-7 ', 'Edgardo ','+56911386410', '(2) 22987 1437 ', 'M '),
             ( '13462736-0 ', ' ', ' ', '1980-3-26 ', 'Fátima ','+56945322517', '(2) 26851 2576 ', 'F '),
             ( '13465574-7 ', 'Echeverría ', 'Mohamed ', '1980-9-7 ', 'Jose ','+56956692138', '(2) 28704 3112 ', 'M '),
             ( '13466545-9 ', ' ', 'Saavedra ', '1980-6-18 ', 'Angelina ','+56941324059', '(2) 25066 2613 ', 'F '),
             ( '13474067-1 ', ' ', ' ', '1980-1-10 ', 'Bernarda ','+56927281774', '(2) 27742 1708 ', 'F '),
             ( '13474325-5 ', 'Moreno ', 'Tello ', '1980-2-16 ', 'Elba ','+56941593014', '(2) 25321 7504 ', 'F '),
             ( '13478959-k ', ' ', 'Bolaños ', '1980-5-10 ', 'Manuelita ','+56937501345', '(2) 21320 3780 ', 'F '),
             ( '13490604-9 ', ' ', 'Pardo ', '1980-4-24 ', 'Adalberto ','+56914585383', '(2) 23715 5168 ', 'M '),
             ( '13493857-9 ', ' ', 'Múgica ', '1980-3-2 ', 'Evita ','+56985881825', '(2) 25077 6664 ', 'F '),
             ( '13506199-9 ', ' ', 'Gallardo ', '1980-5-17 ', 'Rosalía ','+56942603968', '(2) 25614 6572 ', 'F '),
             ( '13511651-3 ', ' ', 'Vaquero ', '1980-6-19 ', 'Alejo ','+56923465690', '(2) 23392 1389 ', 'M '),
             ( '13529640-6 ', ' ', 'Nogueira ', '1980-3-4 ', 'Lupe ','+56944165275', '(2) 25465 6776 ', 'M '),
             ( '13532532-5 ', ' ', 'Ponce ', '1980-4-28 ', 'Eugenio ','+56963681866', '(2) 25974 4409 ', 'M '),
             ( '13539393-2 ', ' ', ' ', '1980-10-27 ', 'Teófila ','+56983625516', '(2) 27081 2993 ', 'F '),
             ( '13539789-k ', 'Tenorio ', 'Caro ', '1980-12-12 ', 'Sigfrido ','+56916312361', '(2) 22238 5982 ', 'M '),
             ( '13543595-3 ', ' ', 'Ríos ', '1980-11-28 ', 'Tito ','+56986291621', '(2) 21256 8329 ', 'M '),
             ( '13547242-5 ', ' ', 'Larrañaga ', '1980-1-17 ', 'Jorge ','+56944303168', '(2) 23657 8577 ', 'M '),
             ( '13549704-5 ', ' ', 'Lumbreras ', '1980-6-25 ', 'Andrés ','+56978281819', '(2) 22596 5919 ', 'M '),
             ( '13558917-9 ', ' ', 'Juliá ', '1980-5-11 ', 'Encarnacion ','+56934711684', '(2) 26033 1414 ', 'M '),
             ( '13565523-6 ', ' ', 'Manrique ', '1980-5-6 ', 'Jessica ','+56930827188', '(2) 28160 6567 ', 'F '),
             ( '13567240-8 ', ' ', 'Jerez ', '1980-6-14 ', 'Pía ','+56915704050', '(2) 27617 5602 ', 'F '),
             ( '13567255-6 ', 'Muñoz ', 'de ', '1980-4-21 ', 'Francisco ','+56979885111', '(2) 26598 4648 ', 'M '),
             ( '13602705-0 ', ' ', 'Barrena ', '1979-8-13 ', 'Seve ','+56985252813', '(2) 21031 1289 ', 'M '),
             ( '13622701-7 ', ' ', 'Bayo ', '1979-12-7 ', 'Prudencia ','+56924778886', '(2) 24307 6552 ', 'F '),
             ( '13630884-k ', ' ', 'Palmer ', '1979-5-13 ', 'Rosenda ','+56929848188', '(2) 24116 7363 ', 'F '),
             ( '13632855-7 ', ' ', 'Toledo ', '1979-7-9 ', 'Ximena ','+56946683582', '(2) 28412 7370 ', 'F '),
             ( '13639690-0 ', ' ', 'Gracia ', '1979-10-18 ', 'Chema ','+56964302260', '(2) 21982 6679 ', 'F '),
             ( '13648490-7 ', ' ', 'Chaves ', '1979-1-15 ', 'Daniela ','+56914768728', '(2) 26076 2755 ', 'F '),
             ( '13660551-8 ', 'Folch ', 'Seguí ', '1979-5-18 ', 'Miguel ','+56958238462', '(2) 24709 1800 ', 'M '),
             ( '13674283-3 ', ' ', 'Coca ', '1979-2-3 ', 'Cipriano ','+56974806957', '(2) 22165 3799 ', 'M '),
             ( '13675794-6 ', 'Somoza ', 'Ródenas ', '1979-3-21 ', 'Arturo ','+56931874656', '(2) 23579 5769 ', 'M '),
             ( '13686122-0 ', ' ', 'Girón ', '1979-6-27 ', 'Virginia ','+56941184647', '(2) 24441 2624 ', 'F '),
             ( '13688966-4 ', ' ', ' ', '1979-5-28 ', 'Saturnino ','+56914798243', '(2) 24325 1784 ', 'M '),
             ( '13719528-3 ', ' ', 'Benitez ', '1979-11-3 ', 'Martirio ','+56925244153', '(2) 23281 5329 ', 'M '),
             ( '13725066-7 ', 'Castells ', 'Barrio ', '1979-8-28 ', 'Ramón ','+56926451233', '(2) 25778 7560 ', 'M '),
             ( '13742329-4 ', ' ', 'Herrera ', '1979-8-10 ', 'Cloe ','+56927596478', '(2) 26276 6621 ', 'M '),
             ( '13754872-0 ', ' ', 'Peralta ', '1979-8-15 ', 'Juan ','+56952262533', '(2) 23825 8426 ', 'M '),
             ( '13755681-2 ', 'Milla ', 'Cerro ', '1979-9-2 ', 'Rodrigo ','+56960305785', '(2) 22512 4487 ', 'M '),
             ( '13761711-0 ', 'Leal ', 'Méndez ', '1979-1-21 ', 'Fausto ','+56922681832', '(2) 22540 4676 ', 'M '),
             ( '13790481-0 ', ' ', 'Martinez ', '1979-7-27 ', 'Javi ','+56974334861', '(2) 22671 7018 ', 'M '),
             ( '13792757-8 ', ' ', 'Tomas ', '1979-7-3 ', 'José ','+56975871314', '(2) 21403 3577 ', 'M '),
             ( '13795755-8 ', ' ', ' ', '1979-6-28 ', 'Cruz ','+56986297879', '(2) 24156 7045 ', 'M '),
             ( '13812346-4 ', ' ', ' ', '1979-11-20 ', 'Beatriz ','+56975618175', '(2) 25504 7787 ', 'M '),
             ( '13822330-2 ', 'Aparicio ', 'Garcés ', '1979-9-19 ', 'Ascensión ','+56925298762', '(2) 22017 4854 ', 'M '),
             ( '13822989-0 ', ' ', 'Gascón ', '1979-10-27 ', 'Rebeca ','+56945337839', '(2) 27296 2492 ', 'F '),
             ( '13824547-0 ', ' ', 'Casas ', '1979-7-14 ', 'Candela ','+56964843676', '(2) 22204 6881 ', 'F '),
             ( '13833729-4 ', ' ', 'Calderón ', '1979-1-1 ', 'David ','+56965741134', '(2) 23731 5362 ', 'M '),
             ( '13834142-9 ', ' ', 'Boix ', '1979-11-8 ', 'Josep ','+56921454110', '(2) 23437 1618 ', 'M '),
             ( '13846172-6 ', ' ', 'Criado ', '1979-6-17 ', 'Juliana ','+56981508442', '(2) 22689 7847 ', 'F '),
             ( '13852329-2 ', ' ', 'Ballesteros ', '1979-4-20 ', 'Baudelio ','+56937815257', '(2) 23216 1913 ', 'M '),
             ( '13866551-8 ', 'Mascaró ', 'Escobar ', '1979-8-27 ', 'Piedad ','+56927221158', '(2) 23670 1229 ', 'M '),
             ( '13886495-2 ', ' ', 'Barbero ', '1979-5-7 ', 'Luis ','+56948683350', '(2) 27334 8967 ', 'M '),
             ( '13912617-3 ', ' ', 'Maestre-Arribas ', '1979-5-2 ', 'María ','+56962796238', '(2) 21801 7994 ', 'F '),
             ( '13913725-6 ', ' ', 'Gallego ', '1979-10-26 ', 'Narciso ','+56932108429', '(2) 24256 6685 ', 'M '),
             ( '13970857-1 ', ' ', 'Benet ', '1979-4-1 ', 'Calista ','+56983594076', '(2) 22140 2024 ', 'F '),
             ( '13979267-k ', ' ', ' ', '1979-9-26 ', 'Elba ','+56910562555', '(2) 25934 3522 ', 'F '),
             ( '13983572-7 ', ' ', ' ', '1979-2-5 ', 'Jonatan ','+56935102072', '(2) 24404 3439 ', 'M '),
             ( '13985194-3 ', ' ', 'Polo ', '1979-9-6 ', 'Feliciana ','+56936824934', '(2) 23635 1311 ', 'F '),
             ( '14003611-0 ', 'Escalona ', 'Luna ', '1979-4-3 ', 'Pío ','+56949484038', '(2) 21322 2260 ', 'M '),
             ( '14004197-1 ', ' ', 'Rebollo ', '1979-3-27 ', 'Dolores ','+56984758769', '(2) 26488 3000 ', 'M '),
             ( '14004836-4 ', ' ', 'Belda ', '1979-4-18 ', 'Griselda ','+56951813781', '(2) 28926 4054 ', 'F '),
             ( '14011311-5 ', ' ', 'Pons ', '1979-4-21 ', 'Paca ','+56929492022', '(2) 24278 3230 ', 'F '),
             ( '14017776-8 ', ' ', ' ', '1979-5-1 ', 'Alondra ','+56979132433', '(2) 28433 2948 ', 'F '),
             ( '14041899-4 ', ' ', 'Ricart ', '1979-2-6 ', 'Kike ','+56986108154', '(2) 24263 7231 ', 'M '),
             ( '14068550-k ', ' ', 'Perea ', '1979-3-18 ', 'Wilfredo ','+56959661057', '(2) 21033 6842 ', 'M '),
             ( '14074955-9 ', ' ', 'Pellicer ', '1979-11-13 ', 'Mireia ','+56933392937', '(2) 28050 3845 ', 'F '),
             ( '14078233-5 ', 'Bellido ', 'Amores ', '1979-3-3 ', 'Moisés ','+56960646184', '(2) 21826 5024 ', 'M '),
             ( '14134348-3 ', ' ', ' ', '1978-4-8 ', 'Sigfrido ','+56974581775', '(2) 27482 6994 ', 'M '),
             ( '14149250-0 ', ' ', ' ', '1978-3-25 ', 'Espiridión ','+56984451934', '(2) 23087 7553 ', 'M '),
             ( '14156047-6 ', ' ', 'Gallart ', '1978-12-8 ', 'Fortunata ','+56979476542', '(2) 22145 3054 ', 'F '),
             ( '14168155-9 ', ' ', 'Prada ', '1978-4-1 ', 'Fernando ','+56921238262', '(2) 22721 3020 ', 'M '),
             ( '14197219-7 ', ' ', 'Páez ', '1978-12-11 ', 'Reynaldo ','+56961635118', '(2) 24250 1540 ', 'M '),
             ( '14209858-k ', ' ', 'Garriga ', '1978-12-9 ', 'Saturnina ','+56932191364', '(2) 28177 5030 ', 'F '),
             ( '14218894-5 ', ' ', 'Peral ', '1978-6-12 ', 'Adelina ','+56988196667', '(2) 27544 2603 ', 'F '),
             ( '14224136-6 ', ' ', 'Calatayud ', '1978-11-10 ', 'Raquel ','+56937291132', '(2) 23435 3715 ', 'M '),
             ( '14225191-4 ', ' ', ' ', '1978-5-17 ', 'Iván ','+56963621469', '(2) 21071 8160 ', 'M '),
             ( '14249583-k ', ' ', ' ', '1978-2-18 ', 'Danilo ','+56962637989', '(2) 24741 4585 ', 'M '),
             ( '14256080-1 ', ' ', 'Sans ', '1978-11-18 ', 'Adelina ','+56975874969', '(2) 28822 5325 ', 'F '),
             ( '14257703-8 ', ' ', 'Cabrera ', '1978-11-6 ', 'Visitación ','+56942516588', '(2) 21034 4695 ', 'M '),
             ( '14275763-k ', ' ', 'Sierra ', '1978-3-9 ', 'Fernando ','+56976387876', '(2) 25935 6919 ', 'M '),
             ( '14281043-3 ', ' ', 'Aguado ', '1978-11-9 ', 'Florina ','+56937408478', '(2) 21780 2630 ', 'F '),
             ( '14287344-3 ', ' ', 'Ortega ', '1978-12-14 ', 'Jimena ','+56916573718', '(2) 26661 5318 ', 'F '),
             ( '14296021-4 ', ' ', 'Godoy ', '1978-10-23 ', 'Hermenegildo ','+56926694359', '(2) 28583 8961 ', 'M '),
             ( '14305011-4 ', 'Llanos ', 'Frutos ', '1978-11-27 ', 'Fulgencio ','+56981635289', '(2) 22323 3499 ', 'M '),
             ( '14305013-0 ', ' ', ' ', '1978-8-12 ', 'Aureliano ','+56983893669', '(2) 22853 5335 ', 'M '),
             ( '14317456-5 ', ' ', 'Donoso ', '1978-11-18 ', 'Marcial ','+56926873488', '(2) 24237 7665 ', 'M '),
             ( '14323291-3 ', ' ', 'Arco ', '1978-9-18 ', 'Fidela ','+56924696641', '(2) 26299 4627 ', 'F '),
             ( '14335545-4 ', ' ', 'Piquer ', '1978-5-20 ', 'Fabricio ','+56982483946', '(2) 25881 7469 ', 'M '),
             ( '14341357-8 ', ' ', 'Escalona ', '1978-1-12 ', 'Tecla ','+56927723361', '(2) 26291 6288 ', 'F '),
             ( '14363025-0 ', ' ', 'Oliver ', '1978-4-13 ', 'Teodoro ','+56928106886', '(2) 22198 4327 ', 'M '),
             ( '14370588-9 ', ' ', ' ', '1978-2-20 ', 'Lucas ','+56918883631', '(2) 27395 5363 ', 'M '),
             ( '14379776-7 ', ' ', ' ', '1978-12-16 ', 'Eligia ','+56958898982', '(2) 24881 8106 ', 'F '),
             ( '14386647-5 ', ' ', 'Jódar ', '1978-4-23 ', 'Cesar ','+56961794018', '(2) 28442 7619 ', 'M '),
             ( '14420070-5 ', ' ', ' ', '1978-12-25 ', 'Dora ','+56930613762', '(2) 27395 2765 ', 'F '),
             ( '14422764-6 ', ' ', 'Aparicio ', '1978-2-28 ', 'Hugo ','+56915603852', '(2) 21268 5815 ', 'M '),
             ( '14457172-k ', ' ', 'Andreu ', '1978-1-14 ', 'Norberto ','+56910384353', '(2) 24602 7256 ', 'M '),
             ( '14462369-k ', 'Lasa ', 'Arce ', '1978-8-1 ', 'Juan ','+56954353877', '(2) 25771 2557 ', 'M '),
             ( '14472366-k ', ' ', 'Girona ', '1978-11-14 ', 'Adelina ','+56929606443', '(2) 24450 6013 ', 'F '),
             ( '14486694-0 ', ' ', 'Lucena ', '1978-10-20 ', 'Chuy ','+56989258436', '(2) 23568 4737 ', 'M '),
             ( '14491813-4 ', ' ', 'Álvarez ', '1978-7-20 ', 'Graciana ','+56935883624', '(2) 27125 4184 ', 'F '),
             ( '14501107-8 ', ' ', 'Barceló ', '1978-4-16 ', 'Jaime ','+56984572332', '(2) 27085 3470 ', 'M '),
             ( '14509486-0 ', ' ', 'Maza ', '1978-5-11 ', 'Abraham ','+56927622920', '(2) 28941 4424 ', 'M '),
             ( '14510271-5 ', 'Casado ', 'Alarcón ', '1978-7-14 ', 'María ','+56919397565', '(2) 23089 8112 ', 'F '),
             ( '14539285-3 ', ' ', 'Pelayo ', '1978-6-4 ', 'Gisela ','+56922425963', '(2) 27182 6261 ', 'F '),
             ( '14549981-k ', ' ', 'Pedrero ', '1978-12-27 ', 'Jordán ','+56910691385', '(2) 22826 2231 ', 'M '),
             ( '14554230-8 ', ' ', 'Mercader ', '1978-5-2 ', 'Marisela ','+56932252744', '(2) 24360 7735 ', 'F '),
             ( '14554251-0 ', ' ', 'Higueras ', '1978-6-15 ', 'Oriana ','+56912106922', '(2) 25426 3442 ', 'F '),
             ( '14567934-6 ', ' ', 'Uriarte ', '1978-9-28 ', 'Perlita ','+56946666473', '(2) 26641 2456 ', 'F '),
             ( '14574849-6 ', 'Flor ', 'José ', '1978-8-8 ', 'Ámbar ','+56956193929', '(2) 28345 6588 ', 'M '),
             ( '14598145-k ', ' ', 'Ribas ', '1978-3-28 ', 'Olga ','+56920531143', '(2) 28590 3674 ', 'F '),
             ( '14605101-4 ', ' ', 'Corral ', '1978-9-28 ', 'Isaac ','+56928671179', '(2) 26721 3409 ', 'M '),
             ( '14627082-4 ', ' ', ' ', '1978-9-20 ', 'Roque ','+56978496238', '(2) 28633 4794 ', 'M '),
             ( '14628456-6 ', ' ', 'Bayo ', '1978-2-4 ', 'Marcia ','+56973446864', '(2) 25900 6674 ', 'F '),
             ( '14633324-9 ', ' ', 'Pinilla ', '1978-7-21 ', 'Mireia ','+56962687714', '(2) 23123 2911 ', 'F '),
             ( '14645067-9 ', ' ', 'Larrañaga ', '1978-3-26 ', 'Hilario ','+56939461355', '(2) 27855 4781 ', 'M '),
             ( '14645492-5 ', ' ', 'Lorenzo ', '1978-11-9 ', 'Camilo ','+56937311318', '(2) 26346 8269 ', 'M '),
             ( '14656786-k ', ' ', 'Plaza ', '1978-10-3 ', 'Dorotea ','+56977743265', '(2) 24738 5396 ', 'F '),
             ( '14661529-5 ', ' ', ' ', '1978-7-3 ', 'Jaime ','+56989385734', '(2) 27129 1815 ', 'M '),
             ( '14671112-k ', ' ', 'Valderrama ', '1978-1-28 ', 'Edmundo ','+56974585418', '(2) 23922 7340 ', 'M '),
             ( '14671421-8 ', ' ', ' ', '1978-11-27 ', 'Mohamed ','+56962362432', '(2) 27343 4531 ', 'M '),
             ( '14678670-7 ', ' ', 'Duarte ', '1977-2-19 ', 'Félix ','+56956678750', '(2) 23802 1635 ', 'M '),
             ( '14680619-8 ', ' ', 'Tenorio ', '1977-2-6 ', 'Ángel ','+56923534226', '(2) 25785 2838 ', 'M '),
             ( '14686507-0 ', ' ', 'Royo ', '1977-7-10 ', 'Leticia ','+56971502734', '(2) 25796 5754 ', 'F '),
             ( '14694086-2 ', 'Pagès ', 'Quiroga ', '1977-8-9 ', 'Paca ','+56918162938', '(2) 27964 3903 ', 'F '),
             ( '14696505-9 ', ' ', 'Franco ', '1977-9-4 ', 'Espiridión ','+56958308376', '(2) 21550 2590 ', 'M '),
             ( '14709163-k ', ' ', 'Lopez ', '1977-4-19 ', 'Jacobo ','+56946344181', '(2) 28011 4494 ', 'M '),
             ( '14715101-2 ', ' ', ' ', '1977-11-8 ', 'Domitila ','+56981206112', '(2) 22812 4139 ', 'F '),
             ( '14753433-7 ', ' ', 'Ferreras ', '1977-8-24 ', 'Ruy ','+56930882159', '(2) 25876 6381 ', 'M '),
             ( '14759187-k ', ' ', 'Rico ', '1977-8-14 ', 'Dionisia ','+56980717441', '(2) 26730 4319 ', 'F '),
             ( '14760260-k ', ' ', ' ', '1977-4-8 ', 'Felicidad ','+56938408343', '(2) 24584 4026 ', 'M '),
             ( '14760767-9 ', ' ', ' ', '1977-4-22 ', 'Marco ','+56945651441', '(2) 21731 2120 ', 'M '),
             ( '14770207-8 ', ' ', 'Nicolau ', '1977-3-14 ', 'Zoraida ','+56987324237', '(2) 22668 3308 ', 'F '),
             ( '14782495-5 ', ' ', 'Hoyos ', '1977-6-20 ', 'Macaria ','+56936556379', '(2) 22312 3983 ', 'F '),
             ( '14800687-3 ', 'Valenzuela ', 'Mena ', '1977-5-4 ', 'Hermenegildo ','+56960206611', '(2) 27236 5267 ', 'M '),
             ( '14804677-8 ', ' ', 'Cañas ', '1977-6-9 ', 'Merche ','+56968561360', '(2) 26058 5983 ', 'M '),
             ( '14809441-1 ', ' ', ' ', '1977-11-20 ', 'Rosario ','+56937206478', '(2) 25297 4476 ', 'M '),
             ( '14814543-1 ', ' ', 'Esparza ', '1977-6-28 ', 'Vicente ','+56941421480', '(2) 28709 3406 ', 'M '),
             ( '14822144-8 ', ' ', 'Llobet ', '1977-9-28 ', 'Zaira ','+56942176971', '(2) 25713 3111 ', 'F '),
             ( '14828016-9 ', ' ', 'Bosch ', '1977-1-7 ', 'Fernanda ','+56939837683', '(2) 27364 6730 ', 'F '),
             ( '14830496-3 ', ' ', 'Zabala ', '1977-1-17 ', 'Blas ','+56957228015', '(2) 27282 8707 ', 'M '),
             ( '14838403-7 ', ' ', ' ', '1977-2-13 ', 'Águeda ','+56928787545', '(2) 26309 8672 ', 'F '),
             ( '14851657-k ', ' ', ' ', '1977-4-18 ', 'Noemí ','+56934364822', '(2) 22529 5627 ', 'M '),
             ( '14860166-6 ', ' ', ' ', '1977-4-1 ', 'Erasmo ','+56984405247', '(2) 23890 3090 ', 'M '),
             ( '14883937-9 ', ' ', ' ', '1977-2-2 ', 'Itziar ','+56973428122', '(2) 24564 5918 ', 'M '),
             ( '14917382-k ', ' ', 'Caparrós ', '1977-9-10 ', 'Graciana ','+56921817977', '(2) 25847 1893 ', 'F '),
             ( '14923274-5 ', ' ', 'Ochoa ', '1977-5-14 ', 'Clotilde ','+56929595813', '(2) 24523 3622 ', 'M '),
             ( '14926790-5 ', ' ', 'Quintana ', '1977-4-14 ', 'Samuel ','+56927107760', '(2) 21047 2740 ', 'M '),
             ( '14927880-k ', ' ', ' ', '1977-2-28 ', 'Emperatriz ','+56941217115', '(2) 23944 2762 ', 'M '),
             ( '14929309-4 ', ' ', 'Patiño ', '1977-12-7 ', 'Miguel ','+56948683158', '(2) 22090 2509 ', 'M '),
             ( '14934729-1 ', ' ', ' ', '1977-7-15 ', 'Carlota ','+56975866975', '(2) 27205 4018 ', 'F '),
             ( '14936387-4 ', 'Jover ', 'Pazos ', '1977-10-8 ', 'Jose ','+56927578710', '(2) 22048 4741 ', 'M '),
             ( '14936591-5 ', ' ', 'Mur ', '1977-8-12 ', 'Priscila ','+56959497876', '(2) 27952 1840 ', 'F '),
             ( '14938591-6 ', 'Verdejo ', 'del ', '1977-6-28 ', 'Juan ','+56959838839', '(2) 23382 7261 ', 'M '),
             ( '14941244-1 ', 'Ponce ', 'Ignacio ', '1977-12-1 ', 'Andrés ','+56934228214', '(2) 25786 6161 ', 'M '),
             ( '14964175-0 ', ' ', 'Marco ', '1977-10-18 ', 'Elodia ','+56953155844', '(2) 28840 1900 ', 'F '),
             ( '14965443-7 ', ' ', 'Salvador ', '1977-5-7 ', 'Daniel ','+56928624437', '(2) 28672 7495 ', 'M '),
             ( '14988821-7 ', ' ', 'Soto ', '1977-5-23 ', 'Ascensión ','+56914206584', '(2) 28690 3503 ', 'M '),
             ( '14999507-2 ', ' ', 'Pons ', '1977-1-28 ', 'Julián ','+56985873147', '(2) 23977 7893 ', 'M '),
             ( '15009257-4 ', 'Villar ', 'Bartolomé ', '1977-9-4 ', 'Cayetano ','+56987138743', '(2) 22422 7053 ', 'M '),
             ( '15013289-4 ', 'Reig ', 'Alba ', '1977-3-5 ', 'Roxana ','+56976372482', '(2) 23861 1220 ', 'F '),
             ( '15016763-9 ', ' ', 'Leon ', '1977-11-3 ', 'Armando ','+56967252236', '(2) 22055 1759 ', 'M '),
             ( '15021905-1 ', ' ', 'Pont ', '1976-2-17 ', 'Lupe ','+56983846658', '(2) 22419 7239 ', 'M '),
             ( '15023801-3 ', ' ', 'Domingo ', '1976-6-8 ', 'Sosimo ','+56973172881', '(2) 22727 5548 ', 'M '),
             ( '15028253-5 ', 'Arce ', 'del ', '1976-8-23 ', 'María ','+56925141087', '(2) 24576 6416 ', 'F '),
             ( '15043360-6 ', ' ', 'Batalla ', '1976-4-27 ', 'Moisés ','+56948542664', '(2) 23500 6743 ', 'M '),
             ( '15062275-1 ', ' ', 'Carpio ', '1976-1-9 ', 'Mireia ','+56956762840', '(2) 22383 7330 ', 'F '),
             ( '15071585-7 ', 'Benavente ', 'Porras ', '1976-10-25 ', 'Basilio ','+56967905385', '(2) 28400 5551 ', 'M '),
             ( '15084210-7 ', ' ', ' ', '1976-9-19 ', 'Reyna ','+56975343957', '(2) 28734 2377 ', 'F '),
             ( '15087728-8 ', 'Ballester ', 'Acuña ', '1976-12-22 ', 'Ascensión ','+56969102081', '(2) 27455 4562 ', 'M '),
             ( '15091385-3 ', ' ', 'Ibañez ', '1976-6-25 ', 'Hortensia ','+56989671778', '(2) 27108 7143 ', 'F '),
             ( '15093745-0 ', ' ', 'Cerezo ', '1976-9-10 ', 'Segismundo ','+56964601052', '(2) 27781 4956 ', 'M '),
             ( '15098921-3 ', ' ', 'Díaz ', '1976-11-1 ', 'Olivia ','+56990674210', '(2) 28066 2686 ', 'F '),
             ( '15103188-9 ', ' ', 'Bellido ', '1976-6-8 ', 'Ignacia ','+56976794571', '(2) 24994 1363 ', 'F '),
             ( '15110295-6 ', 'Cano ', 'Mateo ', '1976-5-9 ', 'Víctor ','+56926843879', '(2) 26985 2343 ', 'M '),
             ( '15120096-6 ', ' ', 'Larrañaga ', '1976-9-22 ', 'Luis ','+56971652614', '(2) 22202 5925 ', 'M '),
             ( '15124284-7 ', ' ', 'Iborra ', '1976-1-28 ', 'Charo ','+56989732029', '(2) 21671 6329 ', 'M '),
             ( '15135848-9 ', ' ', 'Morillo ', '1976-4-10 ', 'Tomasa ','+56914836430', '(2) 24093 6490 ', 'F '),
             ( '15149866-3 ', ' ', ' ', '1976-4-27 ', 'Micaela ','+56936503320', '(2) 23560 5590 ', 'F '),
             ( '15153256-k ', ' ', 'Chaves ', '1976-2-10 ', 'Diego ','+56963327864', '(2) 21758 2283 ', 'M '),
             ( '15158590-6 ', ' ', 'Borrás ', '1976-2-15 ', 'Ximena ','+56982542784', '(2) 23031 7947 ', 'F '),
             ( '15160344-0 ', ' ', 'Bolaños ', '1976-2-15 ', 'Berto ','+56934774456', '(2) 23978 6535 ', 'M '),
             ( '15161490-6 ', ' ', ' ', '1976-9-11 ', 'Modesto ','+56962115218', '(2) 25623 3905 ', 'M '),
             ( '15166715-5 ', ' ', 'Blanch ', '1976-2-13 ', 'Bernabé ','+56943156328', '(2) 21722 5710 ', 'M '),
             ( '15172797-2 ', ' ', ' ', '1976-2-16 ', 'Asunción ','+56916537185', '(2) 23717 8304 ', 'M '),
             ( '15199194-7 ', ' ', 'Duque ', '1976-2-13 ', 'Pascual ','+56956343776', '(2) 22202 4966 ', 'M '),
             ( '15201587-9 ', ' ', 'Amat ', '1976-1-1 ', 'Régulo ','+56969475386', '(2) 25924 5418 ', 'M '),
             ( '15212839-8 ', ' ', 'Arévalo ', '1976-6-22 ', 'Edelmiro ','+56960777220', '(2) 21312 8543 ', 'M '),
             ( '15229771-8 ', ' ', 'Cazorla ', '1976-8-15 ', 'Ale ','+56957803519', '(2) 21926 7360 ', 'M '),
             ( '15240538-3 ', ' ', 'Angulo ', '1976-4-20 ', 'Manu ','+56960415756', '(2) 28414 4732 ', 'M '),
             ( '15248739-8 ', ' ', ' ', '1976-7-5 ', 'Fidela ','+56936174910', '(2) 21992 5721 ', 'F '),
             ( '15264344-6 ', 'Feijoo ', 'Pons ', '1976-12-15 ', 'Jose ','+56950341384', '(2) 25062 4731 ', 'M '),
             ( '15268105-4 ', ' ', 'Tolosa ', '1976-5-17 ', 'María ','+56927703165', '(2) 27363 6066 ', 'F '),
             ( '15268163-1 ', ' ', 'Múñiz ', '1976-11-8 ', 'Isabel ','+56989452264', '(2) 24268 4088 ', 'M '),
             ( '15273230-9 ', ' ', 'Fuster ', '1976-9-18 ', 'Perlita ','+56981451910', '(2) 22997 8300 ', 'F '),
             ( '15299339-0 ', ' ', 'Borja ', '1976-6-12 ', 'Marciano ','+56970186178', '(2) 25835 5296 ', 'M '),
             ( '15303918-6 ', ' ', 'Bolaños ', '1976-9-20 ', 'Cleto ','+56979444347', '(2) 22854 8693 ', 'M '),
             ( '15332885-4 ', ' ', 'Sanmiguel ', '1976-8-8 ', 'Emilio ','+56970816843', '(2) 27965 5555 ', 'M '),
             ( '15348005-2 ', ' ', 'Izquierdo ', '1976-11-6 ', 'Gustavo ','+56976526582', '(2) 23170 2568 ', 'M '),
             ( '15354132-9 ', 'Carnero ', 'Ballester ', '1976-12-13 ', 'María ','+56976836516', '(2) 21388 2727 ', 'F '),
             ( '15354372-0 ', ' ', 'Luna ', '1976-2-21 ', 'Eloísa ','+56986519039', '(2) 27326 1836 ', 'F '),
             ( '15368061-2 ', ' ', 'Mora ', '1976-1-19 ', 'Ángel ','+56985761458', '(2) 24603 6145 ', 'M '),
             ( '15370774-k ', 'Báez ', 'Salgado ', '1976-7-20 ', 'Lupita ','+56943215860', '(2) 26340 2413 ', 'F '),
             ( '15383436-9 ', ' ', ' ', '1976-12-24 ', 'Iris ','+56990808779', '(2) 23372 7672 ', 'M '),
             ( '15400857-8 ', 'Bermúdez ', 'Talavera ', '1976-8-2 ', 'Filomena ','+56965745448', '(2) 26146 1311 ', 'F '),
             ( '15405104-k ', ' ', ' ', '1976-9-2 ', 'Vera ','+56935752746', '(2) 26753 8833 ', 'F '),
             ( '15411010-0 ', ' ', 'Puig ', '1976-7-15 ', 'Máximo ','+56915355051', '(2) 22474 2015 ', 'M '),
             ( '15426643-7 ', ' ', 'Martorell ', '1976-3-13 ', 'Aarón ','+56941773267', '(2) 26818 7085 ', 'M '),
             ( '15431892-5 ', 'Cobo ', 'de ', '1976-11-6 ', 'José ','+56931395783', '(2) 23369 8044 ', 'M '),
             ( '15454085-7 ', ' ', ' ', '1976-12-28 ', 'Anastasio ','+56924553819', '(2) 25015 1249 ', 'M '),
             ( '15469561-3 ', ' ', ' ', '1976-4-10 ', 'Flavia ','+56911434573', '(2) 23091 2321 ', 'F '),
             ( '15475600-0 ', ' ', 'Hoyos ', '1976-10-4 ', 'Margarita ','+56987486811', '(2) 25696 1482 ', 'F '),
             ( '15477960-4 ', ' ', 'Moraleda ', '1975-3-10 ', 'Casandra ','+56980655974', '(2) 23875 3776 ', 'F '),
             ( '15478142-0 ', ' ', 'Lerma ', '1975-3-13 ', 'Amelia ','+56953183571', '(2) 21125 1570 ', 'F '),
             ( '15478674-0 ', 'Noguera ', 'Diego ', '1975-7-21 ', 'Armando ','+56921585047', '(2) 26746 3993 ', 'M '),
             ( '15486035-5 ', ' ', 'Arroyo ', '1975-7-5 ', 'Omar ','+56973387569', '(2) 26707 1122 ', 'M '),
             ( '15496912-8 ', 'Vazquez ', 'Ribera ', '1975-5-4 ', 'Candelario ','+56964637651', '(2) 28727 2929 ', 'M '),
             ( '15497259-5 ', ' ', 'Sarabia ', '1975-5-27 ', 'Isidro ','+56920564472', '(2) 24435 8931 ', 'M '),
             ( '15516987-7 ', ' ', 'Gordillo ', '1975-7-11 ', 'Catalina ','+56941374513', '(2) 28225 2682 ', 'F '),
             ( '15521004-4 ', ' ', 'Torrent ', '1975-10-14 ', 'Flor ','+56966893486', '(2) 28132 6925 ', 'M '),
             ( '15532803-7 ', ' ', 'Busquets ', '1975-4-22 ', 'Delfina ','+56921473337', '(2) 22441 5539 ', 'F '),
             ( '15534518-7 ', ' ', 'Quintero ', '1975-7-1 ', 'Pelayo ','+56936858983', '(2) 23782 8160 ', 'M '),
             ( '15535291-4 ', ' ', ' ', '1975-3-5 ', 'Leyre ','+56918211534', '(2) 26281 7723 ', 'M '),
             ( '15535399-6 ', ' ', 'Vélez ', '1975-7-18 ', 'Nazaret ','+56989212914', '(2) 22951 7041 ', 'M '),
             ( '15543512-7 ', 'Chamorro ', 'Calderon ', '1975-5-23 ', 'Teodoro ','+56957132876', '(2) 24150 3443 ', 'M '),
             ( '15556118-1 ', ' ', 'Berenguer ', '1975-10-28 ', 'Aníbal ','+56944798431', '(2) 22580 7734 ', 'M '),
             ( '15560302-k ', ' ', 'Carrera ', '1975-9-27 ', 'Pepita ','+56979706745', '(2) 27017 3421 ', 'F '),
             ( '15565853-3 ', ' ', 'Querol ', '1975-5-11 ', 'Noelia ','+56971726013', '(2) 22298 2098 ', 'F '),
             ( '15567123-8 ', 'Roman ', 'Anaya ', '1975-1-27 ', 'Magdalena ','+56989496746', '(2) 22711 8195 ', 'F '),
             ( '15575064-2 ', ' ', 'Hidalgo ', '1975-4-17 ', 'Rosario ','+56943706414', '(2) 21451 8861 ', 'M '),
             ( '15586228-9 ', ' ', 'Correa ', '1975-9-5 ', 'Guillermo ','+56964103537', '(2) 26550 6151 ', 'M '),
             ( '15593079-9 ', ' ', ' ', '1975-11-11 ', 'Otilia ','+56982656845', '(2) 21915 2543 ', 'F '),
             ( '15601153-3 ', ' ', 'Guardiola ', '1975-9-6 ', 'Jesusa ','+56916752331', '(2) 22194 4964 ', 'F '),
             ( '15609722-5 ', ' ', 'Terrón ', '1975-12-4 ', 'Paula ','+56947236050', '(2) 26851 6934 ', 'F '),
             ( '15614408-8 ', ' ', 'Monreal ', '1975-7-25 ', 'César ','+56958783666', '(2) 23711 7626 ', 'M '),
             ( '15617091-7 ', ' ', 'Cabezas ', '1975-6-3 ', 'Aroa ','+56982444441', '(2) 27122 6022 ', 'F '),
             ( '15630700-9 ', ' ', 'Ferrández ', '1975-10-2 ', 'Anunciación ','+56982626676', '(2) 21645 3971 ', 'M '),
             ( '15640102-1 ', ' ', 'Cantero ', '1975-7-23 ', 'Mirta ','+56970181156', '(2) 22119 1303 ', 'F '),
             ( '15652002-0 ', ' ', 'Orozco ', '1975-12-3 ', 'Salvador ','+56979902047', '(2) 21628 3885 ', 'M '),
             ( '15671466-6 ', ' ', 'Arnal ', '1975-9-23 ', 'Xavier ','+56925798611', '(2) 28352 1965 ', 'M '),
             ( '15673055-6 ', ' ', 'Exposito ', '1975-11-1 ', 'Lina ','+56983505058', '(2) 24937 2903 ', 'F '),
             ( '15691444-4 ', ' ', 'Oliva ', '1975-11-5 ', 'Teo ','+56988643123', '(2) 23566 7396 ', 'M '),
             ( '15706420-7 ', 'Cabañas ', 'Sofía ', '1975-8-7 ', 'Evita ','+56942456767', '(2) 23275 5493 ', 'F '),
             ( '15709080-1 ', ' ', 'Gracia ', '1975-4-23 ', 'Tristán ','+56988105234', '(2) 23968 6293 ', 'M '),
             ( '15709726-1 ', ' ', 'Ferrero ', '1975-6-27 ', 'Nadia ','+56978226955', '(2) 24656 5301 ', 'F '),
             ( '15727523-2 ', ' ', 'Tirado ', '1975-8-10 ', 'Trinidad ','+56986664457', '(2) 28529 7979 ', 'M '),
             ( '15728824-5 ', ' ', 'Gelabert ', '1975-6-23 ', 'José ','+56944424010', '(2) 22114 7141 ', 'M '),
             ( '15735595-3 ', ' ', 'Mata ', '1975-9-1 ', 'Concepción ','+56932388086', '(2) 28502 5993 ', 'M '),
             ( '15759200-9 ', ' ', ' ', '1975-8-10 ', 'Lupe ','+56938855030', '(2) 28958 2646 ', 'M '),
             ( '15770343-9 ', ' ', 'Collado ', '1975-12-24 ', 'Natividad ','+56968784138', '(2) 23909 3018 ', 'M '),
             ( '15783910-1 ', ' ', ' ', '1975-10-23 ', 'René ','+56911648052', '(2) 21853 6530 ', 'M '),
             ( '15804963-5 ', ' ', 'Aragón ', '1975-8-21 ', 'Lidia ','+56954498436', '(2) 21396 4054 ', 'F '),
             ( '15815361-0 ', 'Palacios ', 'Victor ', '1975-2-15 ', 'Luis ','+56935863790', '(2) 25321 4771 ', 'M '),
             ( '15817798-6 ', ' ', 'Ripoll ', '1975-11-12 ', 'Adora ','+56960832766', '(2) 24653 8982 ', 'F '),
             ( '15827041-2 ', 'Huerta ', 'Mari ', '1975-8-26 ', 'Jordi ','+56945237344', '(2) 26636 7657 ', 'M '),
             ( '15833885-8 ', ' ', 'Pagès ', '1975-9-13 ', 'Tiburcio ','+56942726767', '(2) 24036 3080 ', 'M '),
             ( '15845559-5 ', ' ', ' ', '1975-3-9 ', 'Raimundo ','+56987713149', '(2) 28735 7563 ', 'M '),
             ( '15852575-5 ', ' ', 'Borrego ', '1974-8-20 ', 'Liliana ','+56971218313', '(2) 27160 1524 ', 'F '),
             ( '15897578-5 ', ' ', 'Molina ', '1974-2-9 ', 'Vicenta ','+56956391824', '(2) 26650 4288 ', 'F '),
             ( '15918157-k ', ' ', 'Guillén ', '1974-6-9 ', 'Natalia ','+56966584865', '(2) 21081 7329 ', 'F '),
             ( '15921217-3 ', ' ', 'Iñiguez ', '1974-6-14 ', 'Ovidio ','+56934415112', '(2) 22157 5440 ', 'M '),
             ( '15931750-1 ', ' ', 'Sevillano ', '1974-5-25 ', 'Teodora ','+56978513817', '(2) 23090 6256 ', 'F '),
             ( '15931800-1 ', ' ', 'Gargallo ', '1974-4-28 ', 'Sebastián ','+56960407720', '(2) 23781 8341 ', 'M '),
             ( '15933801-0 ', 'Barba ', 'Girona ', '1974-12-26 ', 'Edelmiro ','+56927885112', '(2) 24708 1707 ', 'M '),
             ( '15949539-6 ', ' ', 'Pellicer ', '1974-12-23 ', 'Severino ','+56915904669', '(2) 25102 2765 ', 'M '),
             ( '15961213-9 ', ' ', 'Iñiguez ', '1974-9-24 ', 'Jorge ','+56925296682', '(2) 28238 8318 ', 'M '),
             ( '15973612-1 ', ' ', ' ', '1974-4-3 ', 'Heliodoro ','+56930764889', '(2) 21245 1875 ', 'M '),
             ( '15981886-1 ', ' ', 'Pallarès ', '1974-3-22 ', 'Reyes ','+56931266381', '(2) 27914 8470 ', 'M '),
             ( '15986829-k ', ' ', 'Tamayo ', '1974-4-1 ', 'Rosalina ','+56937651455', '(2) 28402 4326 ', 'F '),
             ( '15994883-8 ', ' ', 'Uriarte ', '1974-9-25 ', 'Plácido ','+56973538979', '(2) 27532 1708 ', 'M '),
             ( '16002603-0 ', ' ', 'Mata ', '1974-10-27 ', 'Ovidio ','+56981898753', '(2) 21314 6559 ', 'M '),
             ( '16020148-7 ', ' ', 'Águila ', '1974-9-12 ', 'Dora ','+56913277158', '(2) 28627 2020 ', 'F '),
             ( '16027923-0 ', ' ', ' ', '1974-3-1 ', 'Ildefonso ','+56940134418', '(2) 28505 8125 ', 'M '),
             ( '16046570-0 ', ' ', ' ', '1974-2-21 ', 'Manu ','+56985743915', '(2) 26898 2468 ', 'M '),
             ( '16046712-6 ', 'Murillo ', 'Reyes ', '1974-7-13 ', 'Lisandro ','+56923701389', '(2) 26428 3443 ', 'M '),
             ( '16052260-7 ', ' ', 'Antúnez ', '1974-9-10 ', 'Rolando ','+56970893986', '(2) 28188 4321 ', 'M '),
             ( '16090908-0 ', ' ', 'Hoz ', '1974-12-2 ', 'Juan ','+56987661177', '(2) 27845 7967 ', 'M '),
             ( '16110739-5 ', ' ', 'Ribas ', '1974-3-10 ', 'Anunciación ','+56916732277', '(2) 27021 5605 ', 'M '),
             ( '16140312-1 ', ' ', 'Gallart ', '1974-11-16 ', 'Luisa ','+56919495919', '(2) 25613 5827 ', 'F '),
             ( '16152457-3 ', ' ', 'Beltran ', '1974-11-25 ', 'Rolando ','+56961425041', '(2) 22386 2730 ', 'M '),
             ( '16157921-1 ', ' ', 'Madrigal ', '1974-5-22 ', 'Eugenio ','+56957157744', '(2) 23005 5139 ', 'M '),
             ( '16158212-3 ', ' ', ' ', '1974-2-13 ', 'Martirio ','+56952281974', '(2) 26368 4527 ', 'M '),
             ( '16200275-9 ', ' ', 'Uriarte ', '1974-1-26 ', 'Timoteo ','+56981446466', '(2) 25472 4316 ', 'M '),
             ( '16200926-5 ', ' ', 'Roura ', '1974-12-28 ', 'Ezequiel ','+56962691644', '(2) 21565 6030 ', 'M '),
             ( '16208187-k ', ' ', 'Codina ', '1974-9-4 ', 'Guillermo ','+56964852237', '(2) 25161 4372 ', 'M '),
             ( '16219843-2 ', ' ', 'Verdú ', '1974-10-13 ', 'Espiridión ','+56952544047', '(2) 24906 4153 ', 'M '),
             ( '16243986-3 ', ' ', ' ', '1974-9-14 ', 'Irene ','+56989762563', '(2) 21593 8036 ', 'M '),
             ( '16254652-k ', ' ', 'Ricart ', '1974-8-8 ', 'Micaela ','+56965254658', '(2) 27571 5805 ', 'F '),
             ( '16265458-6 ', ' ', 'Ruano ', '1974-6-7 ', 'Gema ','+56961705382', '(2) 26675 7287 ', 'F '),
             ( '16269763-3 ', ' ', 'Benitez ', '1974-6-1 ', 'Agustina ','+56988847038', '(2) 21120 8439 ', 'F '),
             ( '16275663-k ', ' ', 'Torrijos ', '1974-3-10 ', 'Vasco ','+56910888916', '(2) 28493 2397 ', 'M '),
             ( '16283289-1 ', ' ', 'Goicoechea ', '1974-8-19 ', 'Visitación ','+56942305482', '(2) 24509 6299 ', 'M '),
             ( '16293629-8 ', ' ', 'Uribe ', '1973-10-14 ', 'Perlita ','+56944881857', '(2) 26029 5375 ', 'F '),
             ( '16301869-1 ', ' ', 'Sainz ', '1973-8-13 ', 'Andrea ','+56979128638', '(2) 24262 7771 ', 'F '),
             ( '16306398-0 ', ' ', 'Ródenas ', '1973-6-25 ', 'Bartolomé ','+56959392928', '(2) 27181 4724 ', 'M '),
             ( '16320808-3 ', ' ', 'Gallego ', '1973-6-12 ', 'Bonifacio ','+56952773787', '(2) 22366 6254 ', 'M '),
             ( '16327714-k ', ' ', 'Gallardo ', '1973-11-13 ', 'Samuel ','+56972845650', '(2) 24921 4008 ', 'M '),
             ( '16340925-9 ', ' ', 'Cuesta ', '1973-4-17 ', 'Malena ','+56933151574', '(2) 23902 5789 ', 'F '),
             ( '16343046-0 ', 'Piña ', 'Arranz ', '1973-11-8 ', 'Liliana ','+56972271867', '(2) 27212 3676 ', 'F '),
             ( '16365693-0 ', ' ', 'Río ', '1973-1-7 ', 'Manolo ','+56913822782', '(2) 27189 7360 ', 'M '),
             ( '16380698-3 ', ' ', ' ', '1973-4-12 ', 'Guadalupe ','+56946231140', '(2) 27434 4652 ', 'M '),
             ( '16382201-6 ', ' ', 'Alvarado ', '1973-12-23 ', 'Pánfilo ','+56977511666', '(2) 27095 5056 ', 'M '),
             ( '16387064-9 ', ' ', 'Villar ', '1973-6-14 ', 'Faustino ','+56954483184', '(2) 27950 6134 ', 'M '),
             ( '16399091-1 ', ' ', 'Galiano ', '1973-9-17 ', 'Joaquín ','+56961261442', '(2) 24183 5658 ', 'M '),
             ( '16411398-1 ', ' ', 'Bueno ', '1973-10-16 ', 'Evaristo ','+56985565964', '(2) 23031 7213 ', 'M '),
             ( '16413787-2 ', 'Montserrat ', 'Bautista ', '1973-5-12 ', 'Andrea ','+56942683014', '(2) 21660 7502 ', 'F '),
             ( '16416810-7 ', ' ', 'Domínguez ', '1973-1-19 ', 'Eufemia ','+56977282036', '(2) 25223 3928 ', 'F '),
             ( '16418565-6 ', ' ', 'Pintor ', '1973-12-19 ', 'Pelayo ','+56973291574', '(2) 24414 1459 ', 'M '),
             ( '16419175-3 ', 'Ariza ', 'Fernandez ', '1973-9-18 ', 'Araceli ','+56951887742', '(2) 23998 2517 ', 'M '),
             ( '16420673-4 ', 'Priego ', 'Mármol ', '1973-3-26 ', 'Juan ','+56939147080', '(2) 24308 6189 ', 'M '),
             ( '16422889-4 ', ' ', 'Saura ', '1973-5-17 ', 'Celestina ','+56975575584', '(2) 26035 7180 ', 'F '),
             ( '16429457-9 ', ' ', 'Cortes ', '1973-3-2 ', 'Manuela ','+56939615920', '(2) 28656 4662 ', 'F '),
             ( '16432337-4 ', ' ', 'Sanz ', '1973-1-14 ', 'Ágata ','+56966788118', '(2) 24394 3932 ', 'F '),
             ( '16442929-6 ', ' ', 'Madrigal ', '1973-10-12 ', 'Macario ','+56942668373', '(2) 25522 1282 ', 'M '),
             ( '16452081-1 ', 'Quintanilla ', 'Peñas ', '1973-7-28 ', 'Griselda ','+56981526985', '(2) 26917 8008 ', 'F '),
             ( '16469701-0 ', 'Ponce ', 'Aguilar ', '1973-4-1 ', 'Aníbal ','+56912243757', '(2) 22831 1821 ', 'M '),
             ( '16477207-1 ', 'Alcolea ', 'Emiliano ', '1973-10-28 ', 'Jose ','+56951226123', '(2) 24155 4490 ', 'M '),
             ( '16484467-6 ', ' ', 'Morata ', '1973-10-8 ', 'Goyo ','+56961354149', '(2) 26884 6605 ', 'M '),
             ( '16503858-4 ', ' ', 'Martínez ', '1973-10-26 ', 'Nazaret ','+56977533243', '(2) 22368 3411 ', 'M '),
             ( '16527013-4 ', ' ', 'Dueñas ', '1973-5-10 ', 'Erasmo ','+56913105012', '(2) 25434 8065 ', 'M '),
             ( '16536843-6 ', ' ', ' ', '1973-11-12 ', 'Alcides ','+56931242136', '(2) 21406 7762 ', 'M '),
             ( '16540074-7 ', ' ', 'Espejo ', '1973-3-8 ', 'Horacio ','+56979287070', '(2) 25446 8030 ', 'M '),
             ( '16554719-5 ', ' ', 'Morata ', '1973-2-28 ', 'Leandra ','+56950684860', '(2) 21497 8187 ', 'F '),
             ( '16563570-1 ', ' ', 'Vigil ', '1973-9-28 ', 'Clímaco ','+56922578619', '(2) 22733 8770 ', 'M '),
             ( '16574801-8 ', ' ', 'Fajardo-Benito ', '1973-6-26 ', 'Juan ','+56956171124', '(2) 24280 8469 ', 'M '),
             ( '16579103-7 ', ' ', 'Monreal ', '1973-9-3 ', 'Ariel ','+56957617161', '(2) 24913 5343 ', 'M '),
             ( '16588908-8 ', ' ', 'Solana ', '1973-3-28 ', 'Leocadio ','+56982225248', '(2) 21986 1971 ', 'M '),
             ( '16589970-9 ', ' ', 'Ojeda ', '1973-6-12 ', 'Maricela ','+56989124236', '(2) 23918 8937 ', 'F '),
             ( '16590901-1 ', 'Escobar ', 'Bayón ', '1973-1-17 ', 'Ofelia ','+56989562181', '(2) 21431 3587 ', 'F '),
             ( '16594034-2 ', ' ', 'Villalobos ', '1973-6-8 ', 'Zoraida ','+56971707157', '(2) 23204 3482 ', 'F '),
             ( '16603922-3 ', 'Diaz ', 'Avilés ', '1973-1-8 ', 'Íñigo ','+56918608357', '(2) 21426 2724 ', 'M '),
             ( '16621397-5 ', ' ', 'Amigó ', '1973-11-22 ', 'Inocencio ','+56974443390', '(2) 25686 8626 ', 'M '),
             ( '16631499-2 ', ' ', ' ', '1973-5-20 ', 'Gil ','+56925612737', '(2) 25990 1948 ', 'M '),
             ( '16637488-k ', ' ', 'Parra ', '1973-6-3 ', 'Marina ','+56926806378', '(2) 21492 6156 ', 'F '),
             ( '16643805-5 ', ' ', ' ', '1973-5-24 ', 'Bautista ','+56932903913', '(2) 23859 7787 ', 'F '),
             ( '16654445-9 ', ' ', 'Lluch ', '1973-3-15 ', 'Charo ','+56938216917', '(2) 28982 5597 ', 'M '),
             ( '16660886-4 ', ' ', ' ', '1973-5-6 ', 'Hernando ','+56943298629', '(2) 25864 4675 ', 'M '),
             ( '16665782-2 ', ' ', 'Chamorro ', '1973-5-6 ', 'Timoteo ','+56955357926', '(2) 28366 4363 ', 'M '),
             ( '16665899-3 ', ' ', 'Escamilla ', '1973-10-15 ', 'Lucho ','+56962764241', '(2) 26729 8484 ', 'M '),
             ( '16666436-5 ', ' ', 'Valenciano ', '1973-9-9 ', 'Toño ','+56977227557', '(2) 27144 2937 ', 'M '),
             ( '16669072-2 ', ' ', 'Fonseca ', '1973-12-26 ', 'Heriberto ','+56972312326', '(2) 24138 8838 ', 'M '),
             ( '16672251-9 ', ' ', 'Egea ', '1973-11-3 ', 'Alonso ','+56986303821', '(2) 24057 8542 ', 'M '),
             ( '16685640-k ', ' ', 'Calderon ', '1972-6-27 ', 'Manuela ','+56946806269', '(2) 28408 1527 ', 'F '),
             ( '16698356-8 ', 'Estevez ', 'Guardia ', '1972-2-7 ', 'Vicente ','+56937409073', '(2) 21549 8403 ', 'M '),
             ( '16711678-7 ', ' ', ' ', '1972-10-15 ', 'María ','+56911568470', '(2) 28995 6297 ', 'F '),
             ( '16716231-2 ', ' ', 'Azorin ', '1972-5-15 ', 'Íñigo ','+56912571717', '(2) 23869 7416 ', 'M '),
             ( '16717181-8 ', ' ', 'Piñol ', '1972-2-7 ', 'Marcial ','+56945796316', '(2) 22089 1483 ', 'M '),
             ( '16720319-1 ', ' ', 'García ', '1972-2-16 ', 'Goyo ','+56940807714', '(2) 22191 7359 ', 'M '),
             ( '16721160-7 ', ' ', ' ', '1972-2-1 ', 'Leoncio ','+56920155883', '(2) 24929 2441 ', 'M '),
             ( '16729935-0 ', ' ', 'Palomino ', '1972-4-22 ', 'Arsenio ','+56936116319', '(2) 26841 3551 ', 'M '),
             ( '16743869-5 ', ' ', 'Torrecilla ', '1972-4-23 ', 'Leticia ','+56911637916', '(2) 23100 5690 ', 'F '),
             ( '16744461-k ', ' ', ' ', '1972-9-20 ', 'Juan ','+56922835588', '(2) 26686 4203 ', 'M '),
             ( '16745402-k ', ' ', 'Pedrero ', '1972-11-7 ', 'Rocío ','+56944785611', '(2) 24198 4728 ', 'M '),
             ( '16759381-k ', ' ', 'Morán ', '1972-8-21 ', 'Marcio ','+56936802325', '(2) 24357 3357 ', 'M '),
             ( '16772015-3 ', ' ', 'Nieto-Franch ', '1972-1-12 ', 'María ','+56979754787', '(2) 25230 3118 ', 'F '),
             ( '16776725-7 ', ' ', 'Arévalo ', '1972-11-5 ', 'Chus ','+56978726568', '(2) 23173 5444 ', 'M '),
             ( '16785855-4 ', ' ', ' ', '1972-8-19 ', 'Fabián ','+56948827671', '(2) 24891 8781 ', 'M '),
             ( '16815535-2 ', ' ', 'Saavedra ', '1972-3-19 ', 'Dimas ','+56957545429', '(2) 25957 2812 ', 'M '),
             ( '16822010-3 ', ' ', 'Abella ', '1972-12-1 ', 'Lucía ','+56941466183', '(2) 26914 6660 ', 'F '),
             ( '16827933-7 ', ' ', 'Solé ', '1972-10-24 ', 'Juanito ','+56917835628', '(2) 25890 6179 ', 'M '),
             ( '16831263-6 ', ' ', 'Hernández ', '1972-3-22 ', 'Fabiola ','+56970477675', '(2) 27282 8457 ', 'F '),
             ( '16837363-5 ', ' ', 'Bernad ', '1972-9-6 ', 'Rosalina ','+56950216736', '(2) 26660 4893 ', 'F '),
             ( '16840694-0 ', 'Boix ', 'Cisneros ', '1972-10-10 ', 'Jacobo ','+56912235667', '(2) 25686 2332 ', 'M '),
             ( '16845249-7 ', ' ', 'Estevez ', '1972-11-16 ', 'Iris ','+56942643288', '(2) 26373 6004 ', 'M '),
             ( '16847347-8 ', 'Vallejo ', 'Cerezo ', '1972-8-21 ', 'Alma ','+56940877970', '(2) 27194 3473 ', 'F '),
             ( '16848191-8 ', ' ', 'Cordero ', '1972-1-4 ', 'Ema ','+56936166322', '(2) 22851 7807 ', 'F '),
             ( '16852945-7 ', ' ', 'Fernandez ', '1972-5-2 ', 'Alex ','+56946883362', '(2) 28858 1394 ', 'M '),
             ( '16856729-4 ', ' ', 'Osuna ', '1972-10-4 ', 'Ildefonso ','+56956908865', '(2) 21271 8740 ', 'M '),
             ( '16873869-2 ', ' ', 'Batalla ', '1972-9-4 ', 'Febe ','+56959833690', '(2) 24255 6539 ', 'M '),
             ( '16885505-2 ', ' ', 'Ibarra ', '1972-2-9 ', 'Irma ','+56949477163', '(2) 26386 4973 ', 'F '),
             ( '16911128-6 ', ' ', 'Morante ', '1972-5-21 ', 'Eloy ','+56948554124', '(2) 24868 7091 ', 'M '),
             ( '16930522-6 ', 'Blázquez ', 'Galiano ', '1972-4-9 ', 'Eva ','+56919884775', '(2) 23747 5849 ', 'F '),
             ( '16943453-0 ', ' ', 'Pineda ', '1972-2-2 ', 'Isaac ','+56975218340', '(2) 24074 3526 ', 'M '),
             ( '16953607-4 ', ' ', 'Cabeza ', '1972-7-8 ', 'Roque ','+56961415577', '(2) 27771 6639 ', 'M '),
             ( '16985866-7 ', 'Moraleda ', 'Jódar ', '1972-12-24 ', 'Sigfrido ','+56924535175', '(2) 27028 6252 ', 'M '),
             ( '16991425-7 ', ' ', 'Ramos ', '1972-12-25 ', 'Nazaret ','+56970246438', '(2) 24962 3725 ', 'M '),
             ( '16992222-5 ', ' ', ' ', '1972-9-6 ', 'Valero ','+56910463629', '(2) 22220 5356 ', 'M '),
             ( '16992885-1 ', ' ', ' ', '1972-5-25 ', 'Consuela ','+56938798510', '(2) 28500 2512 ', 'F '),
             ( '17015583-1 ', 'Morán ', 'Girona ', '1972-11-4 ', 'Selena ','+56962745765', '(2) 24528 2936 ', 'F '),
             ( '17022813-8 ', ' ', ' ', '1972-7-17 ', 'Camilo ','+56935443877', '(2) 23041 7532 ', 'M '),
             ( '17024758-2 ', ' ', 'Ramis ', '1972-12-28 ', 'Noé ','+56975497649', '(2) 22443 1184 ', 'M '),
             ( '17028114-4 ', ' ', 'Nadal ', '1972-9-4 ', 'Atilio ','+56940268039', '(2) 21755 5646 ', 'M '),
             ( '17038957-3 ', ' ', ' ', '1972-4-26 ', 'Victoria ','+56911851222', '(2) 21301 6622 ', 'F '),
             ( '17042778-5 ', ' ', 'Villalonga ', '1972-4-21 ', 'Chus ','+56912193811', '(2) 26383 2948 ', 'M '),
             ( '17057088-k ', ' ', ' ', '1972-5-13 ', 'Consuelo ','+56977284110', '(2) 21415 5456 ', 'M '),
             ( '17086907-9 ', ' ', ' ', '1972-1-16 ', 'Consuelo ','+56952619018', '(2) 24220 3475 ', 'M '),
             ( '17089467-7 ', ' ', 'Pagès ', '1971-10-16 ', 'Dora ','+56983238612', '(2) 24366 1535 ', 'F '),
             ( '17091096-6 ', ' ', 'Pascual ', '1971-7-11 ', 'Amada ','+56955105784', '(2) 23620 3006 ', 'F '),
             ( '17102846-9 ', 'Aragón ', 'Sanz ', '1971-6-8 ', 'Haroldo ','+56929512534', '(2) 23303 4626 ', 'M '),
             ( '17105152-5 ', ' ', 'Acevedo ', '1971-2-13 ', 'Jacinto ','+56935446222', '(2) 28872 4916 ', 'M '),
             ( '17108948-4 ', ' ', 'Gibert ', '1971-7-22 ', 'Jose ','+56973678967', '(2) 28268 8642 ', 'M '),
             ( '17122886-7 ', ' ', 'Peralta ', '1971-1-1 ', 'Arsenio ','+56919875673', '(2) 25990 8723 ', 'M '),
             ( '17125581-3 ', ' ', ' ', '1971-3-18 ', 'Aarón ','+56931643760', '(2) 24420 5810 ', 'M '),
             ( '17134387-9 ', 'Vélez ', 'Anguita ', '1971-11-4 ', 'Yésica ','+56962424166', '(2) 26953 6979 ', 'F '),
             ( '17145040-3 ', ' ', 'Mateos ', '1971-5-3 ', 'Julie ','+56941667968', '(2) 28626 3018 ', 'M '),
             ( '17156977-k ', 'Poza ', 'Gonzalo ', '1971-9-18 ', 'Efraín ','+56944278123', '(2) 23074 1672 ', 'M '),
             ( '17160551-2 ', 'Tamarit ', 'Victorino ', '1971-6-27 ', 'Juan ','+56983163625', '(2) 28664 8220 ', 'M '),
             ( '17166705-4 ', ' ', 'Pastor ', '1971-10-17 ', 'Adán ','+56984235568', '(2) 25666 1598 ', 'M '),
             ( '17167932-k ', ' ', 'Fabra ', '1971-10-7 ', 'Casandra ','+56990655179', '(2) 24918 6600 ', 'F '),
             ( '17190657-1 ', ' ', 'Mayol ', '1971-5-24 ', 'Pilar ','+56957591912', '(2) 26861 1287 ', 'M '),
             ( '17198003-8 ', ' ', 'Castells ', '1971-8-4 ', 'Sonia ','+56917187725', '(2) 24863 6968 ', 'F '),
             ( '17206784-0 ', ' ', 'Echeverría ', '1971-4-20 ', 'Marisela ','+56947842860', '(2) 23549 7125 ', 'F '),
             ( '17209289-6 ', ' ', 'Alemany ', '1971-9-8 ', 'Emigdio ','+56969668653', '(2) 22533 8564 ', 'M '),
             ( '17215797-1 ', ' ', 'Lladó ', '1971-11-4 ', 'Delia ','+56990527138', '(2) 26360 5915 ', 'F '),
             ( '17217511-2 ', ' ', 'Avilés ', '1971-2-27 ', 'René ','+56974763937', '(2) 23378 6492 ', 'M '),
             ( '17245857-2 ', ' ', 'Rios ', '1971-8-27 ', 'Abraham ','+56950658920', '(2) 23169 6213 ', 'M '),
             ( '17255051-7 ', ' ', 'Garcés ', '1971-9-12 ', 'Fernanda ','+56935377870', '(2) 23084 7582 ', 'F '),
             ( '17257333-9 ', ' ', 'Bello ', '1971-8-13 ', 'Perla ','+56939205726', '(2) 25791 5284 ', 'F '),
             ( '17261510-4 ', ' ', 'Oller ', '1971-10-13 ', 'Evaristo ','+56959253642', '(2) 26623 6823 ', 'M '),
             ( '17272719-0 ', ' ', 'Alfonso ', '1971-6-20 ', 'Virgilio ','+56970711311', '(2) 26746 1853 ', 'M '),
             ( '17288657-4 ', ' ', ' ', '1971-2-19 ', 'Sabas ','+56926506449', '(2) 23379 5866 ', 'M '),
             ( '17306575-2 ', ' ', 'Coloma ', '1971-6-6 ', 'Luciana ','+56986417345', '(2) 24350 7088 ', 'F '),
             ( '17306582-5 ', ' ', 'Belmonte ', '1971-2-26 ', 'Georgina ','+56964895855', '(2) 21434 3071 ', 'F '),
             ( '17340339-9 ', ' ', 'Peralta ', '1971-1-14 ', 'Matías ','+56973746674', '(2) 24497 1996 ', 'M '),
             ( '17340745-9 ', ' ', 'Solé ', '1971-8-12 ', 'Cristian ','+56946751068', '(2) 27434 2310 ', 'M '),
             ( '17345780-4 ', ' ', ' ', '1971-10-20 ', 'Jennifer ','+56967385211', '(2) 28187 2006 ', 'M '),
             ( '17349210-3 ', ' ', 'Agullo ', '1971-7-1 ', 'Áurea ','+56953264664', '(2) 28977 1039 ', 'F '),
             ( '17365106-6 ', ' ', 'Suarez ', '1971-11-23 ', 'Cándido ','+56920253332', '(2) 24251 6657 ', 'M '),
             ( '17378283-7 ', ' ', 'Guzmán ', '1971-8-6 ', 'Silvestre ','+56965555627', '(2) 24502 1447 ', 'M '),
             ( '17382963-9 ', ' ', ' ', '1971-6-13 ', 'Marcos ','+56966455068', '(2) 22887 1159 ', 'M '),
             ( '17386909-6 ', ' ', 'Adadia ', '1971-7-19 ', 'Heraclio ','+56910668061', '(2) 26156 6473 ', 'M '),
             ( '17389967-k ', ' ', 'Trujillo ', '1971-1-6 ', 'Matías ','+56922693182', '(2) 21575 6396 ', 'M '),
             ( '17410219-8 ', 'Requena ', 'Galván ', '1971-10-21 ', 'Isaura ','+56939104516', '(2) 23137 2038 ', 'F '),
             ( '17415920-3 ', ' ', 'Sandoval ', '1971-2-12 ', 'Cristina ','+56965751222', '(2) 25529 6272 ', 'F '),
             ( '17427726-5 ', ' ', 'Fonseca ', '1971-3-15 ', 'Ruy ','+56917718210', '(2) 26595 4622 ', 'M '),
             ( '17434178-8 ', ' ', ' ', '1971-5-19 ', 'Gaspar ','+56944404110', '(2) 27912 1812 ', 'M '),
             ( '17488738-1 ', ' ', 'Lastra ', '1971-1-28 ', 'Violeta ','+56981443676', '(2) 24422 2778 ', 'F '),
             ( '17496764-4 ', 'Gilabert ', 'Ribes ', '1970-3-9 ', 'Jessica ','+56965743218', '(2) 22919 3720 ', 'F '),
             ( '17496959-0 ', ' ', ' ', '1970-7-8 ', 'Damián ','+56940214413', '(2) 24950 5519 ', 'M '),
             ( '17504306-3 ', ' ', ' ', '1970-5-8 ', 'Amada ','+56922774145', '(2) 23016 5774 ', 'F '),
             ( '17510703-7 ', ' ', 'Pedrero ', '1970-3-10 ', 'Luisa ','+56930595653', '(2) 26443 7827 ', 'F '),
             ( '17510923-4 ', ' ', 'Pi ', '1970-9-10 ', 'Nicanor ','+56916904553', '(2) 23025 8959 ', 'M '),
             ( '17513847-1 ', ' ', ' ', '1970-3-23 ', 'Ángeles ','+56956205155', '(2) 22211 4067 ', 'M '),
             ( '17515016-1 ', ' ', 'Almeida ', '1970-8-23 ', 'Bernardo ','+56916497680', '(2) 23785 4028 ', 'M '),
             ( '17516176-7 ', ' ', ' ', '1970-1-19 ', 'Raúl ','+56920294642', '(2) 28436 7910 ', 'M '),
             ( '17517892-9 ', ' ', 'Cabello ', '1970-1-13 ', 'Estefanía ','+56915168639', '(2) 27601 2742 ', 'F '),
             ( '17523182-k ', ' ', 'Carreras ', '1970-5-17 ', 'Amanda ','+56922801539', '(2) 26533 6452 ', 'F '),
             ( '17526299-7 ', ' ', 'Muñoz ', '1970-12-14 ', 'Bárbara ','+56940578666', '(2) 26230 6228 ', 'F '),
             ( '17528329-3 ', ' ', ' ', '1970-1-11 ', 'Imelda ','+56929603137', '(2) 21622 1422 ', 'F '),
             ( '17544384-3 ', 'Hernández ', 'Rivera ', '1970-2-19 ', 'Delfina ','+56916368059', '(2) 23610 8975 ', 'F '),
             ( '17548626-7 ', ' ', 'Martin ', '1970-11-14 ', 'Alfonso ','+56963527526', '(2) 27037 2827 ', 'M '),
             ( '17551533-k ', ' ', 'Jove ', '1970-2-6 ', 'Mamen ','+56912868447', '(2) 28395 5666 ', 'M '),
             ( '17574582-3 ', ' ', ' ', '1970-6-18 ', 'Hipólito ','+56928613386', '(2) 25599 5947 ', 'M '),
             ( '17578021-1 ', ' ', 'Miguel-Gutierrez ', '1970-8-3 ', 'Ana ','+56933573552', '(2) 27586 7452 ', 'F '),
             ( '17591429-3 ', ' ', ' ', '1970-7-26 ', 'Emilio ','+56955534366', '(2) 21230 4658 ', 'M '),
             ( '17599794-6 ', ' ', ' ', '1970-5-25 ', 'Aitana ','+56915384773', '(2) 22916 7640 ', 'F '),
             ( '17612335-4 ', ' ', ' ', '1970-9-13 ', 'Américo ','+56921518161', '(2) 27893 8859 ', 'M '),
             ( '17627037-3 ', ' ', 'Contreras ', '1970-10-25 ', 'Lisandro ','+56970882316', '(2) 27477 7865 ', 'M '),
             ( '17630615-7 ', ' ', 'Canet ', '1970-12-19 ', 'Jenaro ','+56912834579', '(2) 22530 5580 ', 'M '),
             ( '17643244-6 ', ' ', ' ', '1970-8-4 ', 'Mireia ','+56938903918', '(2) 23618 5615 ', 'F '),
             ( '17647355-k ', ' ', ' ', '1970-6-14 ', 'Faustino ','+56948731831', '(2) 27669 5944 ', 'M '),
             ( '17648399-7 ', ' ', ' ', '1970-7-5 ', 'Eric ','+56964307780', '(2) 26274 4925 ', 'M '),
             ( '17651138-9 ', ' ', 'Rubio ', '1970-4-24 ', 'Duilio ','+56941255073', '(2) 28915 8815 ', 'M '),
             ( '17672481-1 ', ' ', 'Royo ', '1970-8-15 ', 'Constanza ','+56929878026', '(2) 28294 5916 ', 'F '),
             ( '17676307-8 ', ' ', 'Márquez ', '1970-6-8 ', 'Rómulo ','+56947196757', '(2) 22700 7901 ', 'M '),
             ( '17696112-0 ', ' ', 'Amor ', '1970-10-4 ', 'Evangelina ','+56932163574', '(2) 25810 1328 ', 'F '),
             ( '17707464-0 ', 'Piquer ', 'Benavides ', '1970-4-7 ', 'Leonardo ','+56955392364', '(2) 26240 3034 ', 'M '),
             ( '17716337-6 ', ' ', 'Mendoza ', '1970-4-11 ', 'Gilberto ','+56914366864', '(2) 22529 1971 ', 'M '),
             ( '17720800-0 ', ' ', 'Amores ', '1970-2-11 ', 'Faustino ','+56927367774', '(2) 22021 5775 ', 'M '),
             ( '17728887-k ', ' ', 'Grau ', '1970-4-27 ', 'Román ','+56923634964', '(2) 27201 6672 ', 'M '),
             ( '17747682-k ', ' ', 'Campos ', '1970-8-4 ', 'Joaquina ','+56965326254', '(2) 27511 1832 ', 'F '),
             ( '17747986-1 ', ' ', 'Almansa ', '1970-6-5 ', 'Pablo ','+56979538461', '(2) 23028 5156 ', 'M '),
             ( '17777532-0 ', ' ', ' ', '1969-5-18 ', 'Noé ','+56966142979', '(2) 26368 5612 ', 'M '),
             ( '17779762-6 ', ' ', 'Ferrándiz ', '1969-4-24 ', 'Ciriaco ','+56954654968', '(2) 27585 3346 ', 'M '),
             ( '17798706-9 ', ' ', ' ', '1969-10-16 ', 'Roldán ','+56970378249', '(2) 26881 6640 ', 'M '),
             ( '17802810-3 ', ' ', 'Alcolea ', '1969-5-11 ', 'Azahar ','+56913198642', '(2) 21095 8782 ', 'M '),
             ( '17810544-2 ', ' ', 'Díez-Carretero ', '1969-1-11 ', 'María ','+56970247937', '(2) 26938 1075 ', 'F '),
             ( '17817613-7 ', ' ', 'Villegas ', '1969-4-7 ', 'Julia ','+56966541686', '(2) 26959 1240 ', 'F '),
             ( '17819072-5 ', ' ', 'Huertas ', '1969-4-23 ', 'Marina ','+56920226780', '(2) 22319 7853 ', 'F '),
             ( '17825245-3 ', ' ', 'Poza ', '1969-12-25 ', 'Aarón ','+56960698416', '(2) 28579 2756 ', 'M '),
             ( '17846200-8 ', ' ', 'Aparicio ', '1969-12-4 ', 'Ovidio ','+56946903920', '(2) 25674 5472 ', 'M '),
             ( '17846240-7 ', ' ', 'Parejo ', '1969-3-17 ', 'Eduardo ','+56922652763', '(2) 28907 7812 ', 'M '),
             ( '17858210-0 ', 'Expósito ', 'Fábregas ', '1969-8-21 ', 'Francisco ','+56922198756', '(2) 27801 8597 ', 'M '),
             ( '17878199-5 ', ' ', 'Gual ', '1969-3-14 ', 'Jonatan ','+56983545852', '(2) 25940 5037 ', 'M '),
             ( '17888190-6 ', ' ', 'Talavera ', '1969-1-11 ', 'Ovidio ','+56952191429', '(2) 22886 3962 ', 'M '),
             ( '17901164-6 ', ' ', ' ', '1969-12-17 ', 'Ascensión ','+56921767516', '(2) 26586 2926 ', 'M '),
             ( '17908788-k ', ' ', 'Gálvez ', '1969-2-7 ', 'Jenaro ','+56934823490', '(2) 21893 1029 ', 'M '),
             ( '17917469-3 ', ' ', 'Portero ', '1969-2-21 ', 'Borja ','+56920476817', '(2) 27323 2967 ', 'F '),
             ( '17921289-7 ', ' ', 'Garrido ', '1969-8-16 ', 'Adrián ','+56941478851', '(2) 22013 1815 ', 'M '),
             ( '17933448-8 ', ' ', ' ', '1969-9-9 ', 'Rosario ','+56966185437', '(2) 22437 7919 ', 'M '),
             ( '17950136-8 ', 'Planas ', 'León ', '1969-12-15 ', 'Aránzazu ','+56958672219', '(2) 21799 7228 ', 'M '),
             ( '17960002-1 ', ' ', 'Bas ', '1969-5-9 ', 'Roxana ','+56985648646', '(2) 27044 3406 ', 'F '),
             ( '17981124-3 ', ' ', 'Durán ', '1969-8-1 ', 'Juanito ','+56985558440', '(2) 24874 8686 ', 'M '),
             ( '17996112-1 ', ' ', 'Coca ', '1969-10-5 ', 'Modesta ','+56987195662', '(2) 28060 2356 ', 'F '),
             ( '18023817-4 ', ' ', 'Riba ', '1969-4-6 ', 'Miguel ','+56975451247', '(2) 22664 2586 ', 'M '),
             ( '18024443-3 ', ' ', 'Gallo ', '1969-8-25 ', 'Lucio ','+56983877647', '(2) 21978 2736 ', 'M '),
             ( '18027932-6 ', 'Macías ', 'Matas ', '1969-2-3 ', 'Trinidad ','+56930439061', '(2) 22868 1315 ', 'M '),
             ( '18029066-4 ', ' ', 'Porras ', '1969-7-22 ', 'Alfredo ','+56954138970', '(2) 28503 2767 ', 'M '),
             ( '18058884-1 ', ' ', ' ', '1969-3-4 ', 'Roque ','+56927718330', '(2) 28826 7014 ', 'M '),
             ( '18059881-2 ', ' ', 'Estevez ', '1969-10-7 ', 'Édgar ','+56921622237', '(2) 23285 3589 ', 'M '),
             ( '18087272-8 ', ' ', 'Hoyos ', '1968-12-4 ', 'Domingo ','+56945812841', '(2) 24879 1763 ', 'M '),
             ( '18107022-6 ', ' ', ' ', '1968-3-18 ', 'Marianela ','+56967208140', '(2) 21080 8612 ', 'F '),
             ( '18113046-6 ', ' ', 'Montserrat ', '1968-3-21 ', 'Valero ','+56986602972', '(2) 25449 1948 ', 'M '),
             ( '18121760-k ', ' ', 'Carretero ', '1968-4-14 ', 'Moreno ','+56951447170', '(2) 23268 1488 ', 'M '),
             ( '18126350-4 ', ' ', ' ', '1968-10-1 ', 'Rolando ','+56916196838', '(2) 28507 4987 ', 'M '),
             ( '18131392-7 ', ' ', 'Andres ', '1968-3-6 ', 'Raúl ','+56918314239', '(2) 28148 2609 ', 'M '),
             ( '18136863-2 ', ' ', 'Perales ', '1968-7-1 ', 'Jonatan ','+56940754630', '(2) 22382 4030 ', 'M '),
             ( '18137035-1 ', ' ', 'Martin ', '1968-12-12 ', 'Eusebia ','+56910416813', '(2) 24305 4011 ', 'F '),
             ( '18137603-1 ', ' ', 'Cobos ', '1968-2-13 ', 'Nilo ','+56936212712', '(2) 21321 3285 ', 'M '),
             ( '18142901-1 ', ' ', 'Marti ', '1968-6-10 ', 'Maura ','+56964682144', '(2) 28085 1134 ', 'F '),
             ( '18149685-1 ', ' ', 'Santana ', '1968-8-2 ', 'Lucio ','+56938284756', '(2) 23276 5065 ', 'M '),
             ( '18167463-6 ', ' ', 'Calatayud ', '1968-5-14 ', 'Piedad ','+56960218755', '(2) 23435 7310 ', 'M '),
             ( '18170302-4 ', ' ', 'Roura ', '1968-4-11 ', 'Luisina ','+56951697519', '(2) 28974 8519 ', 'F '),
             ( '18182094-2 ', ' ', 'Anaya ', '1968-1-4 ', 'Candelas ','+56973716689', '(2) 21449 5278 ', 'M '),
             ( '18183784-5 ', ' ', 'Iniesta ', '1968-12-3 ', 'Mateo ','+56927266279', '(2) 28201 8406 ', 'M '),
             ( '18202329-9 ', ' ', 'Blasco ', '1968-5-13 ', 'Eustaquio ','+56986306317', '(2) 27793 1125 ', 'M '),
             ( '18209421-8 ', ' ', 'Márquez ', '1968-1-12 ', 'Pepe ','+56967494575', '(2) 23988 7877 ', 'M '),
             ( '18223184-3 ', 'Aparicio ', 'Ferreras ', '1968-5-24 ', 'María ','+56983531363', '(2) 21524 5209 ', 'F '),
             ( '18233494-4 ', ' ', 'Angulo ', '1968-9-24 ', 'Obdulia ','+56926177079', '(2) 21278 6191 ', 'F '),
             ( '18246071-0 ', ' ', 'Riera ', '1968-6-8 ', 'Nayara ','+56914461737', '(2) 21616 2099 ', 'F '),
             ( '18253279-7 ', ' ', 'Marti ', '1968-10-25 ', 'Néstor ','+56947808021', '(2) 22100 5952 ', 'M '),
             ( '18262298-2 ', ' ', 'Lladó ', '1968-1-9 ', 'Feliciana ','+56967801671', '(2) 26184 8047 ', 'F '),
             ( '18270475-k ', ' ', 'Barroso ', '1968-11-9 ', 'Emilia ','+56927205977', '(2) 25182 2860 ', 'F '),
             ( '18278471-0 ', ' ', 'Carrillo ', '1968-3-24 ', 'Marco ','+56949868177', '(2) 28241 4435 ', 'M '),
             ( '18281705-8 ', ' ', 'Cervantes ', '1968-1-11 ', 'Maximiliano ','+56918181677', '(2) 26387 4854 ', 'M '),
             ( '18285397-6 ', ' ', 'Cueto ', '1968-11-2 ', 'Duilio ','+56955834373', '(2) 27153 8831 ', 'M '),
             ( '18302636-4 ', ' ', ' ', '1968-12-20 ', 'Inmaculada ','+56947475076', '(2) 28467 6257 ', 'F '),
             ( '18321456-k ', ' ', ' ', '1968-6-8 ', 'Priscila ','+56963784887', '(2) 28232 3220 ', 'F '),
             ( '18323651-2 ', ' ', ' ', '1968-1-21 ', 'Lucía ','+56971716167', '(2) 23185 3420 ', 'F '),
             ( '18334910-4 ', ' ', 'Vives ', '1968-8-2 ', 'Calista ','+56978188263', '(2) 28412 1298 ', 'F '),
             ( '18356107-3 ', ' ', 'Vidal ', '1968-4-2 ', 'Erasmo ','+56965254418', '(2) 21533 6535 ', 'M '),
             ( '18358153-8 ', ' ', 'Amador ', '1968-11-18 ', 'Azahara ','+56936905780', '(2) 22779 7749 ', 'F '),
             ( '18360082-6 ', ' ', 'Vidal ', '1968-7-22 ', 'Mariano ','+56978655377', '(2) 27843 2869 ', 'M '),
             ( '18363517-4 ', ' ', 'Rovira ', '1968-5-2 ', 'Modesta ','+56959447311', '(2) 24026 4591 ', 'F '),
             ( '18379022-6 ', 'Muñoz ', 'Castrillo ', '1968-10-5 ', 'Natalio ','+56969243333', '(2) 23744 4684 ', 'M '),
             ( '18397725-3 ', ' ', 'Alegria ', '1968-11-23 ', 'Nacho ','+56970143678', '(2) 26954 3478 ', 'M '),
             ( '18401996-5 ', ' ', 'Posada ', '1968-11-1 ', 'Bienvenida ','+56942667052', '(2) 24142 1931 ', 'F '),
             ( '18430407-4 ', 'Amigó ', 'Oliveras ', '1968-6-15 ', 'Alejandra ','+56953804632', '(2) 28685 5855 ', 'F '),
             ( '18440268-8 ', ' ', 'Cabañas ', '1968-3-14 ', 'Agustín ','+56911331712', '(2) 27707 5974 ', 'M '),
             ( '18481991-0 ', ' ', 'Vila ', '1968-2-16 ', 'Esperanza ','+56963234450', '(2) 21555 2936 ', 'F '),
             ( '18486531-9 ', 'Puente ', 'Isern ', '1968-7-12 ', 'Ariel ','+56957612762', '(2) 23011 4631 ', 'M '),
             ( '18487169-6 ', 'Sureda ', 'Purificación ', '1968-8-10 ', 'María ','+56988279027', '(2) 21983 3124 ', 'F '),
             ( '18491573-1 ', ' ', ' ', '1968-9-14 ', 'Hermenegildo ','+56949145143', '(2) 22215 1052 ', 'M '),
             ( '18495766-3 ', ' ', 'Morante ', '1968-2-20 ', 'Filomena ','+56988164274', '(2) 23609 2038 ', 'F '),
             ( '18532071-5 ', ' ', ' ', '1968-9-19 ', 'Tere ','+56918558510', '(2) 26899 5667 ', 'M '),
             ( '18543862-7 ', ' ', ' ', '1967-12-13 ', 'Moisés ','+56934356420', '(2) 22897 7580 ', 'M '),
             ( '18575156-2 ', ' ', ' ', '1967-4-7 ', 'Camilo ','+56987805439', '(2) 25708 6450 ', 'M '),
             ( '18595030-1 ', ' ', 'Villalobos ', '1967-9-18 ', 'Tania ','+56975451563', '(2) 24951 1190 ', 'F '),
             ( '18598960-7 ', ' ', 'Molins ', '1967-7-25 ', 'Adolfo ','+56929194652', '(2) 28672 2334 ', 'M '),
             ( '18599136-9 ', ' ', 'Pizarro ', '1967-5-23 ', 'Nydia ','+56928271058', '(2) 26984 1726 ', 'F '),
             ( '18604493-2 ', ' ', 'Giralt ', '1967-1-20 ', 'Rodolfo ','+56951855220', '(2) 25259 5934 ', 'M '),
             ( '18619682-1 ', 'Niño ', 'Pinilla ', '1967-2-11 ', 'Oriana ','+56969448812', '(2) 27649 3910 ', 'F '),
             ( '18631423-9 ', ' ', 'Feijoo ', '1967-1-12 ', 'Elodia ','+56934856348', '(2) 25745 4993 ', 'F '),
             ( '18638684-1 ', ' ', 'Soler ', '1967-6-22 ', 'Marciano ','+56960726229', '(2) 21380 8049 ', 'M '),
             ( '18645135-k ', ' ', 'Chico ', '1967-2-23 ', 'Lázaro ','+56933698518', '(2) 25427 4600 ', 'M '),
             ( '18653731-9 ', ' ', ' ', '1967-2-11 ', 'Reyes ','+56970117422', '(2) 28360 1114 ', 'M '),
             ( '18660568-3 ', ' ', 'Arroyo ', '1967-9-20 ', 'Magdalena ','+56981531530', '(2) 23873 4625 ', 'F '),
             ( '18686963-k ', 'Ferrer ', 'Ródenas ', '1967-7-27 ', 'Jose ','+56919404776', '(2) 27062 7399 ', 'M '),
             ( '18691861-4 ', ' ', ' ', '1967-5-15 ', 'Carlito ','+56923182046', '(2) 21601 3672 ', 'M '),
             ( '18700817-4 ', ' ', 'Fortuny ', '1967-7-22 ', 'Josué ','+56959738281', '(2) 28098 8489 ', 'M '),
             ( '18721005-4 ', ' ', 'Garzón ', '1967-5-18 ', 'Fidela ','+56938283455', '(2) 24327 2431 ', 'F '),
             ( '18728155-5 ', ' ', 'Cabanillas ', '1967-7-17 ', 'Cleto ','+56958465861', '(2) 23462 8169 ', 'M '),
             ( '18738186-k ', ' ', ' ', '1967-6-24 ', 'Modesta ','+56914407730', '(2) 28718 7451 ', 'F '),
             ( '18744001-7 ', ' ', ' ', '1967-12-14 ', 'Eligio ','+56986841687', '(2) 25017 8737 ', 'M '),
             ( '18749256-4 ', ' ', 'Raya ', '1967-1-19 ', 'Juliana ','+56963681754', '(2) 24113 3673 ', 'F '),
             ( '18756477-8 ', ' ', 'Iñiguez ', '1967-5-21 ', 'Lupe ','+56937392582', '(2) 26067 7888 ', 'M '),
             ( '18762861-k ', ' ', 'Vicente ', '1967-6-16 ', 'Reynaldo ','+56950543242', '(2) 22580 5791 ', 'M '),
             ( '18766791-7 ', ' ', ' ', '1967-10-23 ', 'Abraham ','+56925369030', '(2) 25909 4446 ', 'M '),
             ( '18767755-6 ', ' ', 'Casares-Ruano ', '1967-12-10 ', 'Andrés ','+56930703749', '(2) 24778 6415 ', 'M '),
             ( '18783520-8 ', ' ', 'Moraleda ', '1967-12-14 ', 'Encarnación ','+56945608376', '(2) 22075 6497 ', 'M '),
             ( '18798124-7 ', ' ', 'Coronado ', '1967-1-2 ', 'Fermín ','+56970818369', '(2) 21785 6025 ', 'M '),
             ( '18814692-9 ', ' ', ' ', '1967-11-21 ', 'Florentino ','+56960344046', '(2) 22303 1720 ', 'M '),
             ( '18816018-2 ', ' ', 'Arévalo ', '1967-2-7 ', 'Lupita ','+56942163750', '(2) 21030 6329 ', 'F '),
             ( '18844964-6 ', ' ', 'Gelabert ', '1967-9-21 ', 'Leoncio ','+56975866048', '(2) 28370 7790 ', 'M '),
             ( '18845209-4 ', ' ', 'Palomo ', '1967-8-1 ', 'Sebastián ','+56983312030', '(2) 25258 1004 ', 'M '),
             ( '18852359-5 ', ' ', 'Capdevila ', '1967-4-20 ', 'Fulgencio ','+56932685320', '(2) 25313 5327 ', 'M '),
             ( '18855282-k ', ' ', 'Bertrán ', '1967-11-17 ', 'Soraya ','+56986181251', '(2) 21097 1255 ', 'F '),
             ( '18855611-6 ', ' ', 'Granados ', '1967-9-16 ', 'Teo ','+56990124286', '(2) 28094 2441 ', 'M '),
             ( '18858185-4 ', ' ', 'Morales ', '1967-9-13 ', 'Maricela ','+56946477476', '(2) 22379 4145 ', 'F '),
             ( '18874107-k ', ' ', 'Coello ', '1967-8-9 ', 'Maxi ','+56946138448', '(2) 26749 2305 ', 'M '),
             ( '18875515-1 ', ' ', 'Alberto ', '1967-9-3 ', 'Segismundo ','+56968235036', '(2) 28940 8077 ', 'M '),
             ( '18893694-6 ', ' ', 'Ferrer ', '1967-9-8 ', 'Zaira ','+56934378714', '(2) 23598 4729 ', 'F '),
             ( '18900246-7 ', ' ', ' ', '1966-8-10 ', 'Noelia ','+56948285374', '(2) 22784 6588 ', 'F '),
             ( '18911726-4 ', ' ', 'Marcos ', '1966-7-3 ', 'Palmira ','+56957246184', '(2) 26763 5755 ', 'F '),
             ( '18922942-9 ', 'Rivera ', 'Heredia ', '1966-10-12 ', 'Jose ','+56950123177', '(2) 28639 3974 ', 'M '),
             ( '18926834-3 ', ' ', 'Ramón ', '1966-9-25 ', 'Susanita ','+56918104327', '(2) 28185 1609 ', 'F '),
             ( '18927008-9 ', ' ', 'Ramis ', '1966-1-11 ', 'Gonzalo ','+56918851066', '(2) 26215 8893 ', 'M '),
             ( '18935628-5 ', ' ', 'Gil ', '1966-7-6 ', 'Apolinar ','+56981357189', '(2) 27637 3962 ', 'M '),
             ( '18936163-7 ', ' ', 'Alberto ', '1966-2-24 ', 'Balduino ','+56916534873', '(2) 22188 7085 ', 'M '),
             ( '18949920-5 ', ' ', 'Romero ', '1966-11-27 ', 'Arsenio ','+56936201916', '(2) 24342 2402 ', 'M '),
             ( '18953288-1 ', ' ', 'Fortuny ', '1966-9-7 ', 'Alma ','+56933305641', '(2) 24854 2035 ', 'F '),
             ( '18956474-0 ', ' ', 'Estrada ', '1966-10-8 ', 'María ','+56911173379', '(2) 23711 5713 ', 'F '),
             ( '18978016-8 ', ' ', ' ', '1966-6-3 ', 'Úrsula ','+56919614186', '(2) 27146 2011 ', 'F '),
             ( '18979688-9 ', ' ', 'Adán ', '1966-10-10 ', 'Natalio ','+56959677188', '(2) 26201 3818 ', 'M '),
             ( '18982627-3 ', ' ', ' ', '1966-4-3 ', 'Candelas ','+56920453642', '(2) 24266 1003 ', 'M '),
             ( '18999464-8 ', ' ', ' ', '1966-11-1 ', 'Loreto ','+56990557372', '(2) 25848 4000 ', 'M '),
             ( '19006555-3 ', ' ', 'Castejón ', '1966-4-26 ', 'Ulises ','+56924766342', '(2) 21741 7903 ', 'M '),
             ( '19018136-7 ', ' ', 'Uribe ', '1966-7-11 ', 'Armida ','+56916321382', '(2) 26660 5647 ', 'F '),
             ( '19026280-4 ', ' ', 'Barros ', '1966-11-7 ', 'Marcela ','+56955386486', '(2) 28284 6013 ', 'F '),
             ( '19036268-k ', ' ', 'Tormo ', '1966-1-22 ', 'Fausto ','+56950245042', '(2) 24326 4576 ', 'M '),
             ( '19058643-k ', ' ', 'Galindo ', '1966-4-28 ', 'Teresa ','+56940586710', '(2) 26161 2246 ', 'F '),
             ( '19096620-8 ', ' ', 'Balaguer ', '1966-2-14 ', 'Ildefonso ','+56961524039', '(2) 22882 7444 ', 'M '),
             ( '19105493-8 ', ' ', 'Lledó ', '1966-10-1 ', 'Carolina ','+56950191880', '(2) 26528 5197 ', 'F '),
             ( '19115407-k ', ' ', 'Acedo ', '1966-6-3 ', 'Edu ','+56944316864', '(2) 22418 5582 ', 'M '),
             ( '19120436-0 ', ' ', ' ', '1966-10-3 ', 'Rosa ','+56977445921', '(2) 21925 2402 ', 'F '),
             ( '19128881-5 ', ' ', 'Carbó ', '1966-11-10 ', 'Carmela ','+56970598413', '(2) 27260 5728 ', 'F '),
             ( '19135515-6 ', ' ', 'Gomez ', '1966-9-11 ', 'Encarnacion ','+56969642033', '(2) 28683 1427 ', 'M '),
             ( '19155144-3 ', ' ', 'Pardo ', '1966-4-4 ', 'Rosario ','+56966271516', '(2) 28882 6339 ', 'M '),
             ( '19163059-9 ', ' ', ' ', '1966-2-28 ', 'Evaristo ','+56988658625', '(2) 27761 2830 ', 'M '),
             ( '19176601-6 ', ' ', ' ', '1966-3-15 ', 'Natalio ','+56953453775', '(2) 22592 2296 ', 'M '),
             ( '19184328-2 ', ' ', 'Llopis ', '1966-6-12 ', 'Cándida ','+56946685376', '(2) 27181 6110 ', 'F '),
             ( '19198923-6 ', ' ', ' ', '1966-7-16 ', 'Clímaco ','+56948905316', '(2) 28056 1110 ', 'M '),
             ( '19199357-8 ', ' ', 'Verdugo ', '1966-7-10 ', 'Luciana ','+56948473572', '(2) 21106 1161 ', 'F '),
             ( '19204242-9 ', 'Andrade ', 'Heras ', '1966-10-18 ', 'Otilia ','+56933288921', '(2) 25597 6376 ', 'F '),
             ( '19233618-k ', ' ', ' ', '1966-12-16 ', 'Andrés ','+56960204479', '(2) 26320 7737 ', 'M '),
             ( '19237267-4 ', ' ', 'Roca ', '1966-2-9 ', 'Samanta ','+56926701539', '(2) 26456 5014 ', 'F '),
             ( '19250569-0 ', ' ', ' ', '1966-4-21 ', 'Ariel ','+56982195683', '(2) 24546 4621 ', 'M '),
             ( '19253791-6 ', ' ', 'Huerta ', '1966-5-3 ', 'Serafina ','+56914734946', '(2) 28335 8396 ', 'F '),
             ( '19255256-7 ', 'Campos ', 'Armando ', '1966-12-27 ', 'Jose ','+56927727643', '(2) 28051 3851 ', 'M '),
             ( '19270650-5 ', ' ', ' ', '1966-1-10 ', 'José ','+56948121090', '(2) 27064 5404 ', 'M '),
             ( '19292152-k ', ' ', 'Bejarano ', '1966-10-10 ', 'Celia ','+56928508874', '(2) 27558 1540 ', 'F '),
             ( '19308270-k ', 'Vazquez ', 'Garcés ', '1966-5-4 ', 'Juan ','+56950492869', '(2) 22396 5979 ', 'M '),
             ( '19311341-9 ', 'Lobo ', 'Villena ', '1966-4-22 ', 'Gregorio ','+56985125966', '(2) 23510 5525 ', 'M '),
             ( '19324641-9 ', ' ', 'Morales ', '1966-8-20 ', 'Sonia ','+56984291423', '(2) 27711 8441 ', 'F '),
             ( '19335925-6 ', ' ', ' ', '1966-1-5 ', 'Rebeca ','+56986584834', '(2) 27769 7571 ', 'F '),
             ( '19341550-4 ', ' ', 'Gutiérrez ', '1966-7-22 ', 'Perlita ','+56926756355', '(2) 25491 6837 ', 'F '),
             ( '19369379-2 ', ' ', 'Sarmiento ', '1966-7-5 ', 'Susana ','+56921111552', '(2) 27496 4039 ', 'F '),
             ( '19382159-6 ', ' ', ' ', '1966-12-9 ', 'Palmira ','+56957897626', '(2) 25436 2546 ', 'F '),
             ( '19384334-4 ', ' ', 'Cánovas ', '1966-2-28 ', 'Eliseo ','+56990783627', '(2) 23136 6143 ', 'M '),
             ( '19385443-5 ', ' ', 'Pozo ', '1966-4-15 ', 'Lisandro ','+56962263739', '(2) 25015 8243 ', 'M '),
             ( '19386900-9 ', 'Donaire ', 'Solsona ', '1966-12-3 ', 'Jose ','+56975652335', '(2) 25100 4526 ', 'M '),
             ( '19400209-2 ', ' ', ' ', '1966-9-4 ', 'Dorotea ','+56968814820', '(2) 27486 1139 ', 'F '),
             ( '19402121-6 ', ' ', ' ', '1966-3-15 ', 'Yéssica ','+56948295024', '(2) 26656 7373 ', 'F '),
             ( '19411124-k ', ' ', 'Berrocal ', '1966-11-10 ', 'Eutimio ','+56933753938', '(2) 26593 8812 ', 'M '),
             ( '19432846-k ', ' ', ' ', '1966-10-14 ', 'Heliodoro ','+56985807751', '(2) 24274 7783 ', 'M '),
             ( '19438767-9 ', ' ', 'Gimenez ', '1966-6-27 ', 'Valeria ','+56981217153', '(2) 27137 3442 ', 'F '),
             ( '19448250-7 ', 'Arnaiz ', 'Díaz ', '1965-3-2 ', 'Jose ','+56928441114', '(2) 23120 7198 ', 'M '),
             ( '19454640-8 ', ' ', 'Castañeda ', '1965-2-19 ', 'Joaquina ','+56971371665', '(2) 26674 2091 ', 'F '),
             ( '19457785-0 ', ' ', 'Martínez ', '1965-11-7 ', 'Alejo ','+56974661474', '(2) 27901 6243 ', 'M '),
             ( '19473318-6 ', ' ', ' ', '1965-9-12 ', 'Noé ','+56937361552', '(2) 26613 4837 ', 'M '),
             ( '19484957-5 ', ' ', 'Perelló-Haro ', '1965-9-19 ', 'María ','+56987104332', '(2) 22115 6540 ', 'F '),
             ( '19528644-2 ', ' ', 'Codina ', '1965-4-14 ', 'Wálter ','+56932155829', '(2) 27694 1560 ', 'M '),
             ( '19547817-1 ', ' ', 'Pardo ', '1965-2-6 ', 'Lorenzo ','+56926238990', '(2) 21484 6736 ', 'M '),
             ( '19548611-5 ', ' ', 'Neira ', '1965-12-8 ', 'Bibiana ','+56947145910', '(2) 22597 5828 ', 'F '),
             ( '19557515-0 ', ' ', ' ', '1965-7-25 ', 'David ','+56988365530', '(2) 23710 8966 ', 'M '),
             ( '19559641-7 ', ' ', 'Rocamora ', '1965-10-22 ', 'Flora ','+56926597448', '(2) 26010 4526 ', 'F '),
             ( '19569203-3 ', ' ', 'Sainz ', '1965-1-20 ', 'Azeneth ','+56979756083', '(2) 22883 5089 ', 'M '),
             ( '19583718-k ', 'Pineda ', 'Madrid ', '1965-6-3 ', 'Nicolás ','+56932418656', '(2) 26995 6794 ', 'M '),
             ( '19585533-1 ', ' ', 'Alberola ', '1965-11-19 ', 'Crescencia ','+56945112769', '(2) 27334 8016 ', 'F '),
             ( '19586515-9 ', ' ', 'Garay ', '1965-3-24 ', 'Emilia ','+56958268667', '(2) 22832 8422 ', 'F '),
             ( '19631044-4 ', 'Mayol ', 'Borrego ', '1965-10-17 ', 'Miguel ','+56915363329', '(2) 22543 8513 ', 'M '),
             ( '19634706-2 ', 'Téllez ', 'Torrens ', '1965-12-25 ', 'Miguel ','+56914728363', '(2) 27483 8851 ', 'M '),
             ( '19656943-k ', ' ', ' ', '1965-2-1 ', 'Bienvenida ','+56926441363', '(2) 24086 6720 ', 'F '),
             ( '19659359-4 ', ' ', 'Agullo ', '1965-10-23 ', 'Nicanor ','+56969854634', '(2) 24948 6567 ', 'M '),
             ( '19664081-9 ', ' ', 'Sanchez ', '1965-10-13 ', 'Elba ','+56946345789', '(2) 28670 7083 ', 'F '),
             ( '19669963-5 ', ' ', 'Ibañez ', '1965-1-1 ', 'Cosme ','+56984637011', '(2) 26050 4622 ', 'M '),
             ( '19670967-3 ', ' ', 'Casanovas ', '1965-11-21 ', 'Vicenta ','+56977412274', '(2) 28515 3014 ', 'F '),
             ( '19676501-8 ', ' ', ' ', '1965-9-11 ', 'Marcelo ','+56915895984', '(2) 23600 6330 ', 'M '),
             ( '19687629-4 ', 'Llorens ', 'Gonzalez ', '1965-8-18 ', 'Mateo ','+56987741153', '(2) 27497 4797 ', 'M '),
             ( '19700750-8 ', ' ', 'Cano ', '1965-9-24 ', 'Trinidad ','+56967814062', '(2) 24240 1609 ', 'M '),
             ( '19714290-1 ', ' ', 'Criado ', '1965-5-14 ', 'Reyes ','+56927134045', '(2) 28974 5950 ', 'M '),
             ( '19743620-4 ', ' ', ' ', '1965-1-24 ', 'Melisa ','+56920693855', '(2) 21704 1186 ', 'F '),
             ( '19748195-1 ', 'Arcos ', 'Tomás ', '1965-7-18 ', 'Francisco ','+56949296740', '(2) 23772 7715 ', 'M '),
             ( '19752704-8 ', ' ', 'Piñeiro ', '1965-5-26 ', 'Benita ','+56920864721', '(2) 22370 3526 ', 'F '),
             ( '19755898-9 ', ' ', 'Cabrera ', '1965-10-15 ', 'Amada ','+56982748635', '(2) 24420 2523 ', 'F '),
             ( '19783662-8 ', 'Fuentes ', 'Recio ', '1965-3-12 ', 'Gaspar ','+56935447982', '(2) 28120 6427 ', 'M '),
             ( '19815608-6 ', ' ', ' ', '1965-2-3 ', 'Reyes ','+56980605781', '(2) 22664 1309 ', 'M '),
             ( '19823600-4 ', ' ', 'Ojeda ', '1965-5-14 ', 'Genoveva ','+56934372532', '(2) 27712 6994 ', 'F '),
             ( '19840621-k ', ' ', 'Arnau ', '1965-2-19 ', 'Marcio ','+56965887688', '(2) 23303 7183 ', 'M '),
             ( '19848581-0 ', ' ', 'Azcona ', '1965-6-2 ', 'Luciano ','+56965756466', '(2) 26150 3860 ', 'M '),
             ( '19850820-9 ', ' ', 'Aguirre ', '1965-9-9 ', 'Godofredo ','+56929306232', '(2) 27313 5391 ', 'M '),
             ( '19853989-9 ', ' ', 'Uría ', '1965-3-20 ', 'Encarnita ','+56923673041', '(2) 24641 7870 ', 'F '),
             ( '19860422-4 ', ' ', 'Barreda ', '1965-10-21 ', 'Quique ','+56914597716', '(2) 26292 6597 ', 'M '),
             ( '19866433-2 ', ' ', ' ', '1965-9-3 ', 'Fabián ','+56940314084', '(2) 25443 6680 ', 'M '),
             ( '19878870-8 ', 'Castilla ', 'Jódar ', '1965-6-12 ', 'María ','+56921611844', '(2) 24272 7422 ', 'F '),
             ( '19886592-3 ', ' ', ' ', '1965-5-27 ', 'Aristides ','+56921803276', '(2) 27665 5939 ', 'M '),
             ( '19910380-6 ', ' ', 'Alberto ', '1964-6-7 ', 'Chelo ','+56973422331', '(2) 23255 4145 ', 'M '),
             ( '19918987-5 ', 'Cañete ', 'Navarro ', '1964-10-26 ', 'Hernando ','+56951111417', '(2) 26824 8148 ', 'M '),
             ( '19932684-8 ', ' ', 'Roca ', '1964-1-21 ', 'Asdrubal ','+56967626587', '(2) 27749 8693 ', 'M '),
             ( '19935501-5 ', ' ', ' ', '1964-5-19 ', 'Cruz ','+56959564266', '(2) 21783 4332 ', 'M '),
             ( '19947745-5 ', ' ', 'Almansa ', '1964-5-10 ', 'Bienvenida ','+56932254770', '(2) 23572 6833 ', 'F '),
             ( '19948887-2 ', ' ', 'Garcia ', '1964-7-19 ', 'Chema ','+56949496227', '(2) 22926 4007 ', 'F '),
             ( '19958763-3 ', ' ', 'Zorrilla ', '1964-9-12 ', 'Tiburcio ','+56952162132', '(2) 24069 3498 ', 'M ');



             INSERT INTO [dbo].[t_representante_legal]
                        ([representante_legal_persona_run])
                  VALUES
             ( '10007672-1 '),
             ( '10020197-6 '),
             ( '10023418-1 '),
             ( '10028406-5 '),
             ( '10030941-6 '),
             ( '10033211-6 '),
             ( '10042303-0 '),
             ( '10045179-4 '),
             ( '10069276-7 '),
             ( '10078762-8 '),
             ( '10087828-3 '),
             ( '10141047-1 '),
             ( '10145326-k '),
             ( '10156977-2 '),
             ( '10158382-1 '),
             ( '10170629-k '),
             ( '10207401-7 '),
             ( '10224802-3 '),
             ( '10241265-6 ');

             INSERT INTO [dbo].[t_sostenedor]
                        ([sostenedor_representante_legal_id],[sostenedor_nombre])
                  VALUES
             		('1','ACUMAR'),
             		('2','CAMILO HENRIQUEZ'),
             		('3','DINABEC COLLEGE'),
             		('4','E.I.E. COLEGIO TÉCNICO PROFESIONAL SANTA TERESA DE LOS ANDES DE OSORNO'),
             		('5','FORM-ARTE CORPORACIÓN EDUCACIONAL'),
             		('6','GODOY  & ROJAS CORPORACIÓN  EDUCACIONAL'),
             		('7','HERMANAS FRANCISCANAS DE GANTE'),
             		('8','IGLESIA DE CRISTO IBEROAMERICANA'),
             		('9','JAVIERA CARRERA DE LINARES E.I.E.'),
             		('10','KENNEDY SCHOOL'),
             		('11','LA MAGIA DE APRENDER C.E.'),
             		('12','MARCELA PAZ CONCEPCION'),
             		('13','NAGUILAN'),
             		('14','OBRA DON GUANELLA'),
             		('15','PARROQUIA SAGRADO CORAZON DE JESUS DE CHINCOLCO'),
             		('16','QUILLAIMAVIDA'),
             		('17','R.PALACIOSP E.I.E'),
             		('18','SABIDURIA ENTIDAD INDIVIDUAL DE EDUCACION'),
             		('19','TERESA YON JORQUERA E.I.E.');

             INSERT INTO [dbo].[t_tipo_area]
                        ([tipo_area_nombre])
                  VALUES
                        ('Rural'),
                        ('Urbano');

             INSERT INTO [dbo].[t_direccion]
                       ([direccion_calle]
                       ,[direccion_geo_x]
                       ,[direccion_geo_y]
                       ,[direccion_info_adicional]
                       ,[direccion_comuna_id]
                       ,[direccion_tipo_area])
                 VALUES
             ('`PARCELA ``EL PINO`` CAMINO SAN MIGUEL` S/N','','-374662257','-723875091',224,1),
             ('AV LIBERTADOR B. O¨HIGGINS 2973','','-334494291','-706775856',17,1),
             ('AV.JERUSALEN 3901 SECTOR EL BORO 3901','','-20246623','-701007518',226,1),
             ('BALMACEDA 400','','-341622857','-707329432',49,1),
             ('BAQUEDANO 804','','-405705625','-731393886',37,1),
             ('CAMINO CABRERO KM. 36 S/N','','-334494290','-731393887',148,2),
             ('DIEGO PORTALES 980','','-334494289','-731393887',5,2),
             ('ESMERALDA 190','','-334494288','-731393887',148,2),
             ('FREIRE 965','','-334494287','-731393887',296,2),
             ('GALVARINO 1310','','-334494286','-731393887',214,2),
             ('LIBERTAD 244','','-334494285','-731393887',175,2),
             ('MANTOS BLANCOS 2267, VILLA SAN LUIS 5. S/N','','-334494284','-731393887',327,2),
             ('MANUEL RODRIGUEZ 1044','','-334494283','-731393887',223,2),
             ('MICHIMALONCO 3855 S/N','','-334494282','-731393887',235,2),
             ('MONTEPIO 357','','-334494281','-731393887',100,2),
             ('O`HIGGINS 763 S/N','','-334494280','-731393887',233,2),
             ('PAMPA BAJA SITIO 40','','-334494279','-731393887',241,2),
             ('PARCELA 2 B SANTA AMELIA S/N','','-334494278','-731393887',44,2),
             ('PEDRO MONTT S/N CHINCOLCO S/N','','-334494277','-731393887',187,2),
             ('PELANTARO 1091','','-334494276','-731393887',30,2),
             ('PORTALES 132','','-334494275','-731393887',233,2),
             ('UNICA S/N S/N','','-334494274','-731393887',233,2);

INSERT INTO [dbo].[t_establecimiento]
           ([establecimiento_codigo_area]
           ,[establecimiento_nombre]
           ,[establecimiento_telefono]
           ,[establecimiento_dependencia_id]
           ,[establecimiento_direccion_id]
           ,[establecimiento_sostenedor_id])
     VALUES
	(41,'ESCUELA ACUMAR',2380391,3,1,1),
	(41,'COLEGIO ACUMAR',2380391,3,18,1),
	(41,'PARVULARIO EL NAZARENO',2380391,3,21,1),
	(41,'COLEGIO CAMILO HENRIQUEZ',2220834,3,20,2),
	(43,'LICEO COMERCIAL CAMILO HENRIQUEZ',345450,3,10,2),
	(42,'DINABEC COLLEGE',2836670,3,7,3),
	(64,'COLEGIO TECNICO PROFESIONAL SANTA TERESA DE LOS ANDES',2203400,3,5,4),
	(51,'COLEGIO ARTISTICO CULTURAL FORM-ARTE',2406193,3,17,5),
	(53,'ESCUELA PARTICULAR EL DURAZNO',2741405,3,22,6),
	(2,'COLEGIO PARTICULAR SAN FRANCISCO DE ASIS',27976816,3,15,7),
	(2,'ESCUELA BASICA PART. CRISTIANO DE LOS HEROES',25141596,3,12,8),
	(73,'INST. EDUC. DE ADULTOS JAVIERA CARRERA',2213208,3,16,9),
	(41,'COLEGIO PARTICULAR KENNEDY SCHOOL',2362151,3,11,10),
	(75,'JARDIN INFANTIL MAGIC CASTLE',411394,3,8,11),
	(41,'COLEGIO MARCELA PAZ',2240243,3,13,12),
	(41,'COLEGIO PAULO FREIRE',3213450,3,14,13),
	(72,'ESCUELA PARTICULAR JULIO VALENZUELA',2228310,3,4,14),
	(33,'COLEGIO SAGRADO CORAZON',781489,3,19,15),
	(41,'ESCUELA PARTICULAR UNICORNIO',0,3,6,16),
	(67,'COLEGIO ANTOINE DE SAINT EXUPERY',2232020,3,9,17),
	(72,'JARDIN INFANTIL SEMILLITA DE SABIDURIA',2534535,3,2,18),
	(57,'ESCUELA SANTA LAURA',2625384,3,3,19);

	INSERT INTO [dbo].[t_establecimiento_codigo_ensenanza]
               ([establecimiento_codigo_ensenanza_codigo_ensenanza_id]
               ,[establecimiento_codigo_ensenanza_establecimiento_id])
         VALUES
     (9,1),
     (10,2),
     (110,3),
     (160,4),
     (165,5),
     (167,6),
     (180,7),
     (181,8),
     (182,9),
     (190,10),
     (191,11),
     (192,12),
     (200,13),
     (201,14),
     (202,15),
     (220,16),
     (230,17),
     (231,18),
     (232,19),
     (240,20),
     (241,21),
     (242,22),
     (250,1),
     (251,2),
     (252,3),
     (260,4),
     (261,5),
     (262,6),
     (263,7),
     (264,8),
     (265,9),
     (266,10),
     (267,11),
     (268,12),
     (269,13),
     (270,14),
     (271,15),
     (272,16),
     (280,17),
     (290,18),
     (291,19),
     (292,20),
     (310,21),
     (360,22),
     (361,1),
     (365,2),
     (410,3),
     (460,4),
     (461,5),
     (465,6),
     (510,7),
     (560,8),
     (561,9),
     (565,10),
     (610,11),
     (660,12);

     INSERT INTO [dbo].[t_asignatura]
                ([asignatura_nombre])
          VALUES
        ('Artes visuales'),
     	('Ciencias naturales'),
     	('Educación física y salud'),
     	('Historia, geografía y ciencias sociales'),
     	('Inglés'),
     	('Lengua indígena'),
     	('Lenguaje y comunicación'),
     	('Lengua y literatura'),
     	('Lengua y Cultura de los Pueblos Originarios Ancestrales'),
     	('Matemática'),
     	('Música'),
     	('Orientación'),
     	('Religión'),
     	('Tecnología');

     	INSERT INTO [dbo].[t_curso_establecimiento]
                   ([curso_establecimiento_curso_id]
                   ,[curso_establecimiento_establecimiento_id]
                   ,[vigencia], [fecha_ingreso],[fecha_modificacion]
                                      )
             VALUES
            (1,1,1, GETDATE(), GETDATE()),
            (2,1,1, GETDATE(), GETDATE()),
            (3,1,1, GETDATE(), GETDATE()),
            (4,1,1, GETDATE(), GETDATE()),
            (5,1,1, GETDATE(), GETDATE()),
            (6,1,1, GETDATE(), GETDATE()),
            (7,1,1, GETDATE(), GETDATE()),
            (8,1,1, GETDATE(), GETDATE()),
            (9,1,1, GETDATE(), GETDATE()),
            (10,1,1, GETDATE(), GETDATE()),
            (11,1,1, GETDATE(), GETDATE()),
            (12,1,1, GETDATE(), GETDATE()),
            (13,1,1, GETDATE(), GETDATE()),
            (14,1,1, GETDATE(), GETDATE()),
            (15,1,1, GETDATE(), GETDATE()),
            (16,1,1, GETDATE(), GETDATE()),
            (17,1,1, GETDATE(), GETDATE()),
            (18,1,1, GETDATE(), GETDATE()),
            (19,1,1, GETDATE(), GETDATE()),
            (20,1,1, GETDATE(), GETDATE()),
            (21,1,1, GETDATE(), GETDATE()),
            (22,1,1, GETDATE(), GETDATE()),
            (23,1,1, GETDATE(), GETDATE()),
            (24,1,1, GETDATE(), GETDATE()),
            (25,1,1, GETDATE(), GETDATE()),
            (26,1,1, GETDATE(), GETDATE()),
            (1,2,1, GETDATE(), GETDATE()),
            (2,2,1, GETDATE(), GETDATE()),
            (3,2,1, GETDATE(), GETDATE()),
            (4,2,1, GETDATE(), GETDATE()),
            (5,2,1, GETDATE(), GETDATE()),
            (6,2,1, GETDATE(), GETDATE()),
            (7,2,1, GETDATE(), GETDATE()),
            (8,2,1, GETDATE(), GETDATE()),
            (9,2,1, GETDATE(), GETDATE()),
            (10,2,1, GETDATE(), GETDATE()),
            (11,2,1, GETDATE(), GETDATE()),
            (12,2,1, GETDATE(), GETDATE()),
            (13,2,1, GETDATE(), GETDATE()),
            (14,2,1, GETDATE(), GETDATE()),
            (15,2,1, GETDATE(), GETDATE()),
            (16,2,1, GETDATE(), GETDATE()),
            (17,2,1, GETDATE(), GETDATE()),
            (18,2,1, GETDATE(), GETDATE()),
            (19,2,1, GETDATE(), GETDATE()),
            (20,2,1, GETDATE(), GETDATE()),
            (21,2,1, GETDATE(), GETDATE()),
            (22,2,1, GETDATE(), GETDATE()),
            (23,2,1, GETDATE(), GETDATE()),
            (24,2,1, GETDATE(), GETDATE()),
            (25,2,1, GETDATE(), GETDATE()),
            (26,2,1, GETDATE(), GETDATE()),
            (1,3,1, GETDATE(), GETDATE()),
            (2,3,1, GETDATE(), GETDATE()),
            (3,3,1, GETDATE(), GETDATE()),
            (4,3,1, GETDATE(), GETDATE()),
            (5,3,1, GETDATE(), GETDATE()),
            (6,3,1, GETDATE(), GETDATE()),
            (7,3,1, GETDATE(), GETDATE()),
            (8,3,1, GETDATE(), GETDATE()),
            (9,3,1, GETDATE(), GETDATE()),
            (10,3,1, GETDATE(), GETDATE()),
            (11,3,1, GETDATE(), GETDATE()),
            (12,3,1, GETDATE(), GETDATE()),
            (13,3,1, GETDATE(), GETDATE()),
            (14,3,1, GETDATE(), GETDATE()),
            (15,3,1, GETDATE(), GETDATE()),
            (16,3,1, GETDATE(), GETDATE()),
            (17,3,1, GETDATE(), GETDATE()),
            (18,3,1, GETDATE(), GETDATE()),
            (19,3,1, GETDATE(), GETDATE()),
            (20,3,1, GETDATE(), GETDATE()),
            (21,3,1, GETDATE(), GETDATE()),
            (22,3,1, GETDATE(), GETDATE()),
            (23,3,1, GETDATE(), GETDATE()),
            (24,3,1, GETDATE(), GETDATE()),
            (25,3,1, GETDATE(), GETDATE()),
            (26,3,1, GETDATE(), GETDATE()),
            (1,4,1, GETDATE(), GETDATE()),
            (2,4,1, GETDATE(), GETDATE()),
            (3,4,1, GETDATE(), GETDATE()),
            (4,4,1, GETDATE(), GETDATE()),
            (5,4,1, GETDATE(), GETDATE()),
            (6,4,1, GETDATE(), GETDATE()),
            (7,4,1, GETDATE(), GETDATE()),
            (8,4,1, GETDATE(), GETDATE()),
            (9,4,1, GETDATE(), GETDATE()),
            (10,4,1, GETDATE(), GETDATE()),
            (11,4,1, GETDATE(), GETDATE()),
            (12,4,1, GETDATE(), GETDATE()),
            (13,4,1, GETDATE(), GETDATE()),
            (14,4,1, GETDATE(), GETDATE()),
            (15,4,1, GETDATE(), GETDATE()),
            (16,4,1, GETDATE(), GETDATE()),
            (17,4,1, GETDATE(), GETDATE()),
            (18,4,1, GETDATE(), GETDATE()),
            (19,4,1, GETDATE(), GETDATE()),
            (20,4,1, GETDATE(), GETDATE()),
            (21,4,1, GETDATE(), GETDATE()),
            (22,4,1, GETDATE(), GETDATE()),
            (23,4,1, GETDATE(), GETDATE()),
            (24,4,1, GETDATE(), GETDATE()),
            (25,4,1, GETDATE(), GETDATE()),
            (26,4,1, GETDATE(), GETDATE()),
            (1,5,1, GETDATE(), GETDATE()),
            (2,5,1, GETDATE(), GETDATE()),
            (3,5,1, GETDATE(), GETDATE()),
            (4,5,1, GETDATE(), GETDATE()),
            (5,5,1, GETDATE(), GETDATE()),
            (6,5,1, GETDATE(), GETDATE()),
            (7,5,1, GETDATE(), GETDATE()),
            (8,5,1, GETDATE(), GETDATE()),
            (9,5,1, GETDATE(), GETDATE()),
            (10,5,1, GETDATE(), GETDATE()),
            (11,5,1, GETDATE(), GETDATE()),
            (12,5,1, GETDATE(), GETDATE()),
            (13,5,1, GETDATE(), GETDATE()),
            (14,5,1, GETDATE(), GETDATE()),
            (15,5,1, GETDATE(), GETDATE()),
            (16,5,1, GETDATE(), GETDATE()),
            (17,5,1, GETDATE(), GETDATE()),
            (18,5,1, GETDATE(), GETDATE()),
            (19,5,1, GETDATE(), GETDATE()),
            (20,5,1, GETDATE(), GETDATE()),
            (21,5,1, GETDATE(), GETDATE()),
            (22,5,1, GETDATE(), GETDATE()),
            (23,5,1, GETDATE(), GETDATE()),
            (24,5,1, GETDATE(), GETDATE()),
            (25,5,1, GETDATE(), GETDATE()),
            (26,5,1, GETDATE(), GETDATE()),
            (1,6,1, GETDATE(), GETDATE()),
            (2,6,1, GETDATE(), GETDATE()),
            (3,6,1, GETDATE(), GETDATE()),
            (4,6,1, GETDATE(), GETDATE()),
            (5,6,1, GETDATE(), GETDATE()),
            (6,6,1, GETDATE(), GETDATE()),
            (7,6,1, GETDATE(), GETDATE()),
            (8,6,1, GETDATE(), GETDATE()),
            (9,6,1, GETDATE(), GETDATE()),
            (10,6,1, GETDATE(), GETDATE()),
            (11,6,1, GETDATE(), GETDATE()),
            (12,6,1, GETDATE(), GETDATE()),
            (13,6,1, GETDATE(), GETDATE()),
            (14,6,1, GETDATE(), GETDATE()),
            (15,6,1, GETDATE(), GETDATE()),
            (16,6,1, GETDATE(), GETDATE()),
            (17,6,1, GETDATE(), GETDATE()),
            (18,6,1, GETDATE(), GETDATE()),
            (19,6,1, GETDATE(), GETDATE()),
            (20,6,1, GETDATE(), GETDATE()),
            (21,6,1, GETDATE(), GETDATE()),
            (22,6,1, GETDATE(), GETDATE()),
            (23,6,1, GETDATE(), GETDATE()),
            (24,6,1, GETDATE(), GETDATE()),
            (25,6,1, GETDATE(), GETDATE()),
            (26,6,1, GETDATE(), GETDATE()),
            (1,7,1, GETDATE(), GETDATE()),
            (2,7,1, GETDATE(), GETDATE()),
            (3,7,1, GETDATE(), GETDATE()),
            (4,7,1, GETDATE(), GETDATE()),
            (5,7,1, GETDATE(), GETDATE()),
            (6,7,1, GETDATE(), GETDATE()),
            (7,7,1, GETDATE(), GETDATE()),
            (8,7,1, GETDATE(), GETDATE()),
            (9,7,1, GETDATE(), GETDATE()),
            (10,7,1, GETDATE(), GETDATE()),
            (11,7,1, GETDATE(), GETDATE()),
            (12,7,1, GETDATE(), GETDATE()),
            (13,7,1, GETDATE(), GETDATE()),
            (14,7,1, GETDATE(), GETDATE()),
            (15,7,1, GETDATE(), GETDATE()),
            (16,7,1, GETDATE(), GETDATE()),
            (17,7,1, GETDATE(), GETDATE()),
            (18,7,1, GETDATE(), GETDATE()),
            (19,7,1, GETDATE(), GETDATE()),
            (20,7,1, GETDATE(), GETDATE()),
            (21,7,1, GETDATE(), GETDATE()),
            (22,7,1, GETDATE(), GETDATE()),
            (23,7,1, GETDATE(), GETDATE()),
            (24,7,1, GETDATE(), GETDATE()),
            (25,7,1, GETDATE(), GETDATE()),
            (26,7,1, GETDATE(), GETDATE()),
            (1,8,1, GETDATE(), GETDATE()),
            (2,8,1, GETDATE(), GETDATE()),
            (3,8,1, GETDATE(), GETDATE()),
            (4,8,1, GETDATE(), GETDATE()),
            (5,8,1, GETDATE(), GETDATE()),
            (6,8,1, GETDATE(), GETDATE()),
            (7,8,1, GETDATE(), GETDATE()),
            (8,8,1, GETDATE(), GETDATE()),
            (9,8,1, GETDATE(), GETDATE()),
            (10,8,1, GETDATE(), GETDATE()),
            (11,8,1, GETDATE(), GETDATE()),
            (12,8,1, GETDATE(), GETDATE()),
            (13,8,1, GETDATE(), GETDATE()),
            (14,8,1, GETDATE(), GETDATE()),
            (15,8,1, GETDATE(), GETDATE()),
            (16,8,1, GETDATE(), GETDATE()),
            (17,8,1, GETDATE(), GETDATE()),
            (18,8,1, GETDATE(), GETDATE()),
            (19,8,1, GETDATE(), GETDATE()),
            (20,8,1, GETDATE(), GETDATE()),
            (21,8,1, GETDATE(), GETDATE()),
            (22,8,1, GETDATE(), GETDATE()),
            (23,8,1, GETDATE(), GETDATE()),
            (24,8,1, GETDATE(), GETDATE()),
            (25,8,1, GETDATE(), GETDATE()),
            (26,8,1, GETDATE(), GETDATE()),
            (1,9,1, GETDATE(), GETDATE()),
            (2,9,1, GETDATE(), GETDATE()),
            (3,9,1, GETDATE(), GETDATE()),
            (4,9,1, GETDATE(), GETDATE()),
            (5,9,1, GETDATE(), GETDATE()),
            (6,9,1, GETDATE(), GETDATE()),
            (7,9,1, GETDATE(), GETDATE()),
            (8,9,1, GETDATE(), GETDATE()),
            (9,9,1, GETDATE(), GETDATE()),
            (10,9,1, GETDATE(), GETDATE()),
            (11,9,1, GETDATE(), GETDATE()),
            (12,9,1, GETDATE(), GETDATE()),
            (13,9,1, GETDATE(), GETDATE()),
            (14,9,1, GETDATE(), GETDATE()),
            (15,9,1, GETDATE(), GETDATE()),
            (16,9,1, GETDATE(), GETDATE()),
            (17,9,1, GETDATE(), GETDATE()),
            (18,9,1, GETDATE(), GETDATE()),
            (19,9,1, GETDATE(), GETDATE()),
            (20,9,1, GETDATE(), GETDATE()),
            (21,9,1, GETDATE(), GETDATE()),
            (22,9,1, GETDATE(), GETDATE()),
            (23,9,1, GETDATE(), GETDATE()),
            (24,9,1, GETDATE(), GETDATE()),
            (25,9,1, GETDATE(), GETDATE()),
            (26,9,1, GETDATE(), GETDATE()),
            (1,10,1, GETDATE(), GETDATE()),
            (2,10,1, GETDATE(), GETDATE()),
            (3,10,1, GETDATE(), GETDATE()),
            (4,10,1, GETDATE(), GETDATE()),
            (5,10,1, GETDATE(), GETDATE()),
            (6,10,1, GETDATE(), GETDATE()),
            (7,10,1, GETDATE(), GETDATE()),
            (8,10,1, GETDATE(), GETDATE()),
            (9,10,1, GETDATE(), GETDATE()),
            (10,10,1, GETDATE(), GETDATE()),
            (11,10,1, GETDATE(), GETDATE()),
            (12,10,1, GETDATE(), GETDATE()),
            (13,10,1, GETDATE(), GETDATE()),
            (14,10,1, GETDATE(), GETDATE()),
            (15,10,1, GETDATE(), GETDATE()),
            (16,10,1, GETDATE(), GETDATE()),
            (17,10,1, GETDATE(), GETDATE()),
            (18,10,1, GETDATE(), GETDATE()),
            (19,10,1, GETDATE(), GETDATE()),
            (20,10,1, GETDATE(), GETDATE()),
            (21,10,1, GETDATE(), GETDATE()),
            (22,10,1, GETDATE(), GETDATE()),
            (23,10,1, GETDATE(), GETDATE()),
            (24,10,1, GETDATE(), GETDATE()),
            (25,10,1, GETDATE(), GETDATE()),
            (26,10,1, GETDATE(), GETDATE()),
            (1,11,1, GETDATE(), GETDATE()),
            (2,11,1, GETDATE(), GETDATE()),
            (3,11,1, GETDATE(), GETDATE()),
            (4,11,1, GETDATE(), GETDATE()),
            (5,11,1, GETDATE(), GETDATE()),
            (6,11,1, GETDATE(), GETDATE()),
            (7,11,1, GETDATE(), GETDATE()),
            (8,11,1, GETDATE(), GETDATE()),
            (9,11,1, GETDATE(), GETDATE()),
            (10,11,1, GETDATE(), GETDATE()),
            (11,11,1, GETDATE(), GETDATE()),
            (12,11,1, GETDATE(), GETDATE()),
            (13,11,1, GETDATE(), GETDATE()),
            (14,11,1, GETDATE(), GETDATE()),
            (15,11,1, GETDATE(), GETDATE()),
            (16,11,1, GETDATE(), GETDATE()),
            (17,11,1, GETDATE(), GETDATE()),
            (18,11,1, GETDATE(), GETDATE()),
            (19,11,1, GETDATE(), GETDATE()),
            (20,11,1, GETDATE(), GETDATE()),
            (21,11,1, GETDATE(), GETDATE()),
            (22,11,1, GETDATE(), GETDATE()),
            (23,11,1, GETDATE(), GETDATE()),
            (24,11,1, GETDATE(), GETDATE()),
            (25,11,1, GETDATE(), GETDATE()),
            (26,11,1, GETDATE(), GETDATE()),
            (1,12,1, GETDATE(), GETDATE()),
            (2,12,1, GETDATE(), GETDATE()),
            (3,12,1, GETDATE(), GETDATE()),
            (4,12,1, GETDATE(), GETDATE()),
            (5,12,1, GETDATE(), GETDATE()),
            (6,12,1, GETDATE(), GETDATE()),
            (7,12,1, GETDATE(), GETDATE()),
            (8,12,1, GETDATE(), GETDATE()),
            (9,12,1, GETDATE(), GETDATE()),
            (10,12,1, GETDATE(), GETDATE()),
            (11,12,1, GETDATE(), GETDATE()),
            (12,12,1, GETDATE(), GETDATE()),
            (13,12,1, GETDATE(), GETDATE()),
            (14,12,1, GETDATE(), GETDATE()),
            (15,12,1, GETDATE(), GETDATE()),
            (16,12,1, GETDATE(), GETDATE()),
            (17,12,1, GETDATE(), GETDATE()),
            (18,12,1, GETDATE(), GETDATE()),
            (19,12,1, GETDATE(), GETDATE()),
            (20,12,1, GETDATE(), GETDATE()),
            (21,12,1, GETDATE(), GETDATE()),
            (22,12,1, GETDATE(), GETDATE()),
            (23,12,1, GETDATE(), GETDATE()),
            (24,12,1, GETDATE(), GETDATE()),
            (25,12,1, GETDATE(), GETDATE()),
            (26,12,1, GETDATE(), GETDATE()),
            (1,12,1, GETDATE(), GETDATE()),
            (2,12,1, GETDATE(), GETDATE()),
            (3,12,1, GETDATE(), GETDATE()),
            (4,12,1, GETDATE(), GETDATE()),
            (5,12,1, GETDATE(), GETDATE()),
            (6,12,1, GETDATE(), GETDATE()),
            (7,12,1, GETDATE(), GETDATE()),
            (8,12,1, GETDATE(), GETDATE()),
            (9,12,1, GETDATE(), GETDATE()),
            (10,12,1, GETDATE(), GETDATE()),
            (11,12,1, GETDATE(), GETDATE()),
            (12,12,1, GETDATE(), GETDATE()),
            (13,12,1, GETDATE(), GETDATE()),
            (14,12,1, GETDATE(), GETDATE()),
            (15,12,1, GETDATE(), GETDATE()),
            (16,12,1, GETDATE(), GETDATE()),
            (17,12,1, GETDATE(), GETDATE()),
            (18,12,1, GETDATE(), GETDATE()),
            (19,12,1, GETDATE(), GETDATE()),
            (20,12,1, GETDATE(), GETDATE()),
            (21,12,1, GETDATE(), GETDATE()),
            (22,12,1, GETDATE(), GETDATE()),
            (23,12,1, GETDATE(), GETDATE()),
            (24,12,1, GETDATE(), GETDATE()),
            (25,12,1, GETDATE(), GETDATE()),
            (26,12,1, GETDATE(), GETDATE()),
            (1,13,1, GETDATE(), GETDATE()),
            (2,13,1, GETDATE(), GETDATE()),
            (3,13,1, GETDATE(), GETDATE()),
            (4,13,1, GETDATE(), GETDATE()),
            (5,13,1, GETDATE(), GETDATE()),
            (6,13,1, GETDATE(), GETDATE()),
            (7,13,1, GETDATE(), GETDATE()),
            (8,13,1, GETDATE(), GETDATE()),
            (9,13,1, GETDATE(), GETDATE()),
            (10,13,1, GETDATE(), GETDATE()),
            (11,13,1, GETDATE(), GETDATE()),
            (12,13,1, GETDATE(), GETDATE()),
            (13,13,1, GETDATE(), GETDATE()),
            (14,13,1, GETDATE(), GETDATE()),
            (15,13,1, GETDATE(), GETDATE()),
            (16,13,1, GETDATE(), GETDATE()),
            (17,13,1, GETDATE(), GETDATE()),
            (18,13,1, GETDATE(), GETDATE()),
            (19,13,1, GETDATE(), GETDATE()),
            (20,13,1, GETDATE(), GETDATE()),
            (21,13,1, GETDATE(), GETDATE()),
            (22,13,1, GETDATE(), GETDATE()),
            (23,13,1, GETDATE(), GETDATE()),
            (24,13,1, GETDATE(), GETDATE()),
            (25,13,1, GETDATE(), GETDATE()),
            (26,13,1, GETDATE(), GETDATE()),
            (1,14,1, GETDATE(), GETDATE()),
            (2,14,1, GETDATE(), GETDATE()),
            (3,14,1, GETDATE(), GETDATE()),
            (4,14,1, GETDATE(), GETDATE()),
            (5,14,1, GETDATE(), GETDATE()),
            (6,14,1, GETDATE(), GETDATE()),
            (7,14,1, GETDATE(), GETDATE()),
            (8,14,1, GETDATE(), GETDATE()),
            (9,14,1, GETDATE(), GETDATE()),
            (10,14,1, GETDATE(), GETDATE()),
            (11,14,1, GETDATE(), GETDATE()),
            (12,14,1, GETDATE(), GETDATE()),
            (13,14,1, GETDATE(), GETDATE()),
            (14,14,1, GETDATE(), GETDATE()),
            (15,14,1, GETDATE(), GETDATE()),
            (16,14,1, GETDATE(), GETDATE()),
            (17,14,1, GETDATE(), GETDATE()),
            (18,14,1, GETDATE(), GETDATE()),
            (19,14,1, GETDATE(), GETDATE()),
            (20,14,1, GETDATE(), GETDATE()),
            (21,14,1, GETDATE(), GETDATE()),
            (22,14,1, GETDATE(), GETDATE()),
            (23,14,1, GETDATE(), GETDATE()),
            (24,14,1, GETDATE(), GETDATE()),
            (25,14,1, GETDATE(), GETDATE()),
            (26,14,1, GETDATE(), GETDATE()),
            (1,15,1, GETDATE(), GETDATE()),
            (2,15,1, GETDATE(), GETDATE()),
            (3,15,1, GETDATE(), GETDATE()),
            (4,15,1, GETDATE(), GETDATE()),
            (5,15,1, GETDATE(), GETDATE()),
            (6,15,1, GETDATE(), GETDATE()),
            (7,15,1, GETDATE(), GETDATE()),
            (8,15,1, GETDATE(), GETDATE()),
            (9,15,1, GETDATE(), GETDATE()),
            (10,15,1, GETDATE(), GETDATE()),
            (11,15,1, GETDATE(), GETDATE()),
            (12,15,1, GETDATE(), GETDATE()),
            (13,15,1, GETDATE(), GETDATE()),
            (14,15,1, GETDATE(), GETDATE()),
            (15,15,1, GETDATE(), GETDATE()),
            (16,15,1, GETDATE(), GETDATE()),
            (17,15,1, GETDATE(), GETDATE()),
            (18,15,1, GETDATE(), GETDATE()),
            (19,15,1, GETDATE(), GETDATE()),
            (20,15,1, GETDATE(), GETDATE()),
            (21,15,1, GETDATE(), GETDATE()),
            (22,15,1, GETDATE(), GETDATE()),
            (23,15,1, GETDATE(), GETDATE()),
            (24,15,1, GETDATE(), GETDATE()),
            (25,15,1, GETDATE(), GETDATE()),
            (26,15,1, GETDATE(), GETDATE()),
            (1,16,1, GETDATE(), GETDATE()),
            (2,16,1, GETDATE(), GETDATE()),
            (3,16,1, GETDATE(), GETDATE()),
            (4,16,1, GETDATE(), GETDATE()),
            (5,16,1, GETDATE(), GETDATE()),
            (6,16,1, GETDATE(), GETDATE()),
            (7,16,1, GETDATE(), GETDATE()),
            (8,16,1, GETDATE(), GETDATE()),
            (9,16,1, GETDATE(), GETDATE()),
            (10,16,1, GETDATE(), GETDATE()),
            (11,16,1, GETDATE(), GETDATE()),
            (12,16,1, GETDATE(), GETDATE()),
            (13,16,1, GETDATE(), GETDATE()),
            (14,16,1, GETDATE(), GETDATE()),
            (15,16,1, GETDATE(), GETDATE()),
            (16,16,1, GETDATE(), GETDATE()),
            (17,16,1, GETDATE(), GETDATE()),
            (18,16,1, GETDATE(), GETDATE()),
            (19,16,1, GETDATE(), GETDATE()),
            (20,16,1, GETDATE(), GETDATE()),
            (21,16,1, GETDATE(), GETDATE()),
            (22,16,1, GETDATE(), GETDATE()),
            (23,16,1, GETDATE(), GETDATE()),
            (24,16,1, GETDATE(), GETDATE()),
            (25,16,1, GETDATE(), GETDATE()),
            (26,16,1, GETDATE(), GETDATE()),
            (1,17,1, GETDATE(), GETDATE()),
            (2,17,1, GETDATE(), GETDATE()),
            (3,17,1, GETDATE(), GETDATE()),
            (4,17,1, GETDATE(), GETDATE()),
            (5,17,1, GETDATE(), GETDATE()),
            (6,17,1, GETDATE(), GETDATE()),
            (7,17,1, GETDATE(), GETDATE()),
            (8,17,1, GETDATE(), GETDATE()),
            (9,17,1, GETDATE(), GETDATE()),
            (10,17,1, GETDATE(), GETDATE()),
            (11,17,1, GETDATE(), GETDATE()),
            (12,17,1, GETDATE(), GETDATE()),
            (13,17,1, GETDATE(), GETDATE()),
            (14,17,1, GETDATE(), GETDATE()),
            (15,17,1, GETDATE(), GETDATE()),
            (16,17,1, GETDATE(), GETDATE()),
            (17,17,1, GETDATE(), GETDATE()),
            (18,17,1, GETDATE(), GETDATE()),
            (19,17,1, GETDATE(), GETDATE()),
            (20,17,1, GETDATE(), GETDATE()),
            (21,17,1, GETDATE(), GETDATE()),
            (22,17,1, GETDATE(), GETDATE()),
            (23,17,1, GETDATE(), GETDATE()),
            (24,17,1, GETDATE(), GETDATE()),
            (25,17,1, GETDATE(), GETDATE()),
            (26,17,1, GETDATE(), GETDATE()),
            (1,18,1, GETDATE(), GETDATE()),
            (2,18,1, GETDATE(), GETDATE()),
            (3,18,1, GETDATE(), GETDATE()),
            (4,18,1, GETDATE(), GETDATE()),
            (5,18,1, GETDATE(), GETDATE()),
            (6,18,1, GETDATE(), GETDATE()),
            (7,18,1, GETDATE(), GETDATE()),
            (8,18,1, GETDATE(), GETDATE()),
            (9,18,1, GETDATE(), GETDATE()),
            (10,18,1, GETDATE(), GETDATE()),
            (11,18,1, GETDATE(), GETDATE()),
            (12,18,1, GETDATE(), GETDATE()),
            (13,18,1, GETDATE(), GETDATE()),
            (14,18,1, GETDATE(), GETDATE()),
            (15,18,1, GETDATE(), GETDATE()),
            (16,18,1, GETDATE(), GETDATE()),
            (17,18,1, GETDATE(), GETDATE()),
            (18,18,1, GETDATE(), GETDATE()),
            (19,18,1, GETDATE(), GETDATE()),
            (20,18,1, GETDATE(), GETDATE()),
            (21,18,1, GETDATE(), GETDATE()),
            (22,18,1, GETDATE(), GETDATE()),
            (23,18,1, GETDATE(), GETDATE()),
            (24,18,1, GETDATE(), GETDATE()),
            (25,18,1, GETDATE(), GETDATE()),
            (26,18,1, GETDATE(), GETDATE()),
            (1,20,1, GETDATE(), GETDATE()),
            (2,20,1, GETDATE(), GETDATE()),
            (3,20,1, GETDATE(), GETDATE()),
            (4,20,1, GETDATE(), GETDATE()),
            (5,20,1, GETDATE(), GETDATE()),
            (6,20,1, GETDATE(), GETDATE()),
            (7,20,1, GETDATE(), GETDATE()),
            (8,20,1, GETDATE(), GETDATE()),
            (9,20,1, GETDATE(), GETDATE()),
            (10,20,1, GETDATE(), GETDATE()),
            (11,20,1, GETDATE(), GETDATE()),
            (12,20,1, GETDATE(), GETDATE()),
            (13,20,1, GETDATE(), GETDATE()),
            (14,20,1, GETDATE(), GETDATE()),
            (15,20,1, GETDATE(), GETDATE()),
            (16,20,1, GETDATE(), GETDATE()),
            (17,20,1, GETDATE(), GETDATE()),
            (18,20,1, GETDATE(), GETDATE()),
            (19,20,1, GETDATE(), GETDATE()),
            (20,20,1, GETDATE(), GETDATE()),
            (21,20,1, GETDATE(), GETDATE()),
            (22,20,1, GETDATE(), GETDATE()),
            (23,20,1, GETDATE(), GETDATE()),
            (24,20,1, GETDATE(), GETDATE()),
            (25,20,1, GETDATE(), GETDATE()),
            (26,20,1, GETDATE(), GETDATE()),
            (1,21,1, GETDATE(), GETDATE()),
            (2,21,1, GETDATE(), GETDATE()),
            (3,21,1, GETDATE(), GETDATE()),
            (4,21,1, GETDATE(), GETDATE()),
            (5,21,1, GETDATE(), GETDATE()),
            (6,21,1, GETDATE(), GETDATE()),
            (7,21,1, GETDATE(), GETDATE()),
            (8,21,1, GETDATE(), GETDATE()),
            (9,21,1, GETDATE(), GETDATE()),
            (10,21,1, GETDATE(), GETDATE()),
            (11,21,1, GETDATE(), GETDATE()),
            (12,21,1, GETDATE(), GETDATE()),
            (13,21,1, GETDATE(), GETDATE()),
            (14,21,1, GETDATE(), GETDATE()),
            (15,21,1, GETDATE(), GETDATE()),
            (16,21,1, GETDATE(), GETDATE()),
            (17,21,1, GETDATE(), GETDATE()),
            (18,21,1, GETDATE(), GETDATE()),
            (19,21,1, GETDATE(), GETDATE()),
            (20,21,1, GETDATE(), GETDATE()),
            (21,21,1, GETDATE(), GETDATE()),
            (22,21,1, GETDATE(), GETDATE()),
            (23,21,1, GETDATE(), GETDATE()),
            (24,21,1, GETDATE(), GETDATE()),
            (25,21,1, GETDATE(), GETDATE()),
            (26,21,1, GETDATE(), GETDATE()),
            (1,22,1, GETDATE(), GETDATE()),
            (2,22,1, GETDATE(), GETDATE()),
            (3,22,1, GETDATE(), GETDATE()),
            (4,22,1, GETDATE(), GETDATE()),
            (5,22,1, GETDATE(), GETDATE()),
            (6,22,1, GETDATE(), GETDATE()),
            (7,22,1, GETDATE(), GETDATE()),
            (8,22,1, GETDATE(), GETDATE()),
            (9,22,1, GETDATE(), GETDATE()),
            (10,22,1, GETDATE(), GETDATE()),
            (11,22,1, GETDATE(), GETDATE()),
            (12,22,1, GETDATE(), GETDATE()),
            (13,22,1, GETDATE(), GETDATE()),
            (14,22,1, GETDATE(), GETDATE()),
            (15,22,1, GETDATE(), GETDATE()),
            (16,22,1, GETDATE(), GETDATE()),
            (17,22,1, GETDATE(), GETDATE()),
            (18,22,1, GETDATE(), GETDATE()),
            (19,22,1, GETDATE(), GETDATE()),
            (20,22,1, GETDATE(), GETDATE()),
            (21,22,1, GETDATE(), GETDATE()),
            (22,22,1, GETDATE(), GETDATE()),
            (23,22,1, GETDATE(), GETDATE()),
            (24,22,1, GETDATE(), GETDATE()),
            (25,22,1, GETDATE(), GETDATE()),
            (26,22,1, GETDATE(), GETDATE()),
            (1,19,1, GETDATE(), GETDATE()),
            (2,19,1, GETDATE(), GETDATE()),
            (3,19,1, GETDATE(), GETDATE()),
            (4,19,1, GETDATE(), GETDATE()),
            (5,19,1, GETDATE(), GETDATE()),
            (6,19,1, GETDATE(), GETDATE()),
            (7,19,1, GETDATE(), GETDATE()),
            (8,19,1, GETDATE(), GETDATE()),
            (9,19,1, GETDATE(), GETDATE()),
            (10,19,1, GETDATE(), GETDATE()),
            (11,19,1, GETDATE(), GETDATE()),
            (12,19,1, GETDATE(), GETDATE()),
            (13,19,1, GETDATE(), GETDATE()),
            (14,19,1, GETDATE(), GETDATE()),
            (15,19,1, GETDATE(), GETDATE()),
            (16,19,1, GETDATE(), GETDATE()),
            (17,19,1, GETDATE(), GETDATE()),
            (18,19,1, GETDATE(), GETDATE()),
            (19,19,1, GETDATE(), GETDATE()),
            (20,19,1, GETDATE(), GETDATE()),
            (21,19,1, GETDATE(), GETDATE()),
            (22,19,1, GETDATE(), GETDATE()),
            (23,19,1, GETDATE(), GETDATE()),
            (24,19,1, GETDATE(), GETDATE()),
            (25,19,1, GETDATE(), GETDATE()),
            (26,19,1, GETDATE(), GETDATE());

            INSERT INTO [dbo].[t_director]
                       ([director_establecimiento_id]
                       ,[director_persona_run])
                 VALUES
            (1,'14218894-5'),
            (2,'14224136-6'),
            (3,'14225191-4'),
            (4,'14249583-k'),
            (5,'14256080-1'),
            (6,'14257703-8'),
            (7,'14275763-k'),
            (8,'14281043-3'),
            (9,'14287344-3'),
            (10,'14296021-4'),
            (11,'14305011-4'),
            (12,'14305013-0'),
            (13,'14317456-5'),
            (14,'14323291-3'),
            (15,'14335545-4'),
            (16,'14341357-8'),
            (17,'14363025-0'),
            (18,'14370588-9'),
            (19,'14379776-7'),
            (20,'14386647-5'),
            (21,'14420070-5'),
            (22,'14422764-6');

            INSERT INTO [dbo].[t_utp]
                       ([utp_establecimiento_id]
                       ,[utp_persona_id])
                 VALUES
            		(1,'14462369-k'),
            		(2,'14472366-k'),
            		(3,'14486694-0'),
            		(4,'14491813-4'),
            		(5,'14501107-8'),
            		(6,'14509486-0'),
            		(7,'14510271-5'),
            		(8,'14539285-3'),
            		(9,'14549981-k'),
            		(10,'14554230-8'),
            		(11,'14554251-0'),
            		(12,'14567934-6'),
            		(13,'14574849-6'),
            		(14,'14598145-k'),
            		(15,'14605101-4'),
            		(16,'14627082-4'),
            		(17,'14628456-6'),
            		(18,'14633324-9'),
            		(19,'14645067-9'),
            		(20,'14645492-5'),
            		(21,'14656786-k'),
            		(22,'14661529-5');

            		INSERT INTO [dbo].[t_perfil]
                               ([perfil_nombre])
                         VALUES
                               ('Apoderado'),
                    		   ('Docente'),
                    		   ('Director'),
                    		   ('Alumno');

                    INSERT INTO [dbo].[t_vigencia]
                              ([vigencia_nombre])
                        VALUES
                              ('Vigente'),
                           ('No Vigente');




--Prueba

INSERT INTO [dbo].[t_docente]
       ([docente_persona_run])
VALUES
       ('10007672-1'),
       ('10020197-6'),
       ('10023418-1'),
       ('10028406-5'),
       ('10030941-6'),
       ('10033211-6'),
       ('10042303-0'),
       ('10045179-4'),
       ('10069276-7'),
       ('10078762-8'),
       ('10087828-3'),
       ('10141047-1'),
       ('10145326-k'),
       ('10156977-2'),
       ('10158382-1'),
       ('10170629-k'),
       ('10207401-7'),
       ('10224802-3'),
       ('10241265-6'),
       ('10253981-8'),
       ('10258276-4'),
       ('10282003-7'),
       ('10283850-5'),
       ('10284435-1'),
       ('10289034-5'),
       ('10294702-9'),
       ('10307783-4'),
       ('10309856-4');

update [dbo].[t_docente] set vigencia = 1;

INSERT INTO [dbo].[t_usuario]
       ([email]
       ,[password]
       ,[username]
       ,[usuario_perfil_id]
       ,[usuario_persona_run]
       ,[usuario_vigencia_id])
VALUES
 ('prueba1@gmail.com', '$2a$10$QTcOKUGsLI6eiUmQHRc5i.NIkXIE.ax6aHR6Hc83yTJQin0.BPqNa', 'juanperez123', 2, '10007672-1', 1),
       ('prueba2@gmail.com', '$2a$10$QTcOKUGsLI6eiUmQHRc5i.NIkXIE.ax6aHR6Hc83yTJQin0.BPqNa', 'anagomez456', 2, '10020197-6', 1),
       ('prueba3@gmail.com', '$2a$10$QTcOKUGsLI6eiUmQHRc5i.NIkXIE.ax6aHR6Hc83yTJQin0.BPqNa', 'carloslopez789', 2, '10023418-1', 1),
       ('prueba4@gmail.com', '$2a$10$QTcOKUGsLI6eiUmQHRc5i.NIkXIE.ax6aHR6Hc83yTJQin0.BPqNa', 'lauragonzalez123', 2, '10028406-5', 1),
       ('prueba5@gmail.com', '$2a$10$QTcOKUGsLI6eiUmQHRc5i.NIkXIE.ax6aHR6Hc83yTJQin0.BPqNa', 'pedromartinez456', 2, '10030941-6', 1),
       ('prueba6@gmail.com', '$2a$10$QTcOKUGsLI6eiUmQHRc5i.NIkXIE.ax6aHR6Hc83yTJQin0.BPqNa', 'mariasilva789', 2, '10033211-6', 1),
       ('prueba7@gmail.com', '$2a$10$QTcOKUGsLI6eiUmQHRc5i.NIkXIE.ax6aHR6Hc83yTJQin0.BPqNa', 'jorgelopez123', 2, '10042303-0', 1),
       ('prueba8@gmail.com', '$2a$10$QTcOKUGsLI6eiUmQHRc5i.NIkXIE.ax6aHR6Hc83yTJQin0.BPqNa', 'aliciagonzalez456', 2, '10045179-4', 1),
       ('prueba9@gmail.com', '$2a$10$QTcOKUGsLI6eiUmQHRc5i.NIkXIE.ax6aHR6Hc83yTJQin0.BPqNa', 'carlosrodriguez789', 2, '10069276-7', 1),
       ('prueba10@gmail.com', '$2a$10$QTcOKUGsLI6eiUmQHRc5i.NIkXIE.ax6aHR6Hc83yTJQin0.BPqNa', 'lauramartinez123', 2, '10078762-8', 1),
       ('prueba11@gmail.com', '$2a$10$QTcOKUGsLI6eiUmQHRc5i.NIkXIE.ax6aHR6Hc83yTJQin0.BPqNa', 'robertosilva456', 2, '10087828-3', 1),
       ('prueba12@gmail.com', '$2a$10$QTcOKUGsLI6eiUmQHRc5i.NIkXIE.ax6aHR6Hc83yTJQin0.BPqNa', 'monicagonzalez789', 2, '10141047-1', 1),
       ('prueba13@gmail.com', '$2a$10$QTcOKUGsLI6eiUmQHRc5i.NIkXIE.ax6aHR6Hc83yTJQin0.BPqNa', 'pablosilva123', 2, '10145326-k', 1),
       ('prueba14@gmail.com', '$2a$10$QTcOKUGsLI6eiUmQHRc5i.NIkXIE.ax6aHR6Hc83yTJQin0.BPqNa', 'sofiarodriguez456', 2, '10156977-2', 1),
       ('prueba15@gmail.com', '$2a$10$QTcOKUGsLI6eiUmQHRc5i.NIkXIE.ax6aHR6Hc83yTJQin0.BPqNa', 'juanrodriguez789', 2, '10158382-1', 1),
       ('prueba16@gmail.com', '$2a$10$QTcOKUGsLI6eiUmQHRc5i.NIkXIE.ax6aHR6Hc83yTJQin0.BPqNa', 'mariagonzalez123', 2, '10170629-k', 1),
       ('prueba17@gmail.com', '$2a$10$QTcOKUGsLI6eiUmQHRc5i.NIkXIE.ax6aHR6Hc83yTJQin0.BPqNa', 'pedrorodriguez456', 2, '10207401-7', 1),
       ('prueba18@gmail.com', '$2a$10$QTcOKUGsLI6eiUmQHRc5i.NIkXIE.ax6aHR6Hc83yTJQin0.BPqNa', 'luciamartinez789', 2, '10224802-3', 1),
       ('prueba19@gmail.com', '$2a$10$QTcOKUGsLI6eiUmQHRc5i.NIkXIE.ax6aHR6Hc83yTJQin0.BPqNa', 'robertosilva123', 2, '10241265-6', 1),
       ('prueba20@gmail.com', '$2a$10$QTcOKUGsLI6eiUmQHRc5i.NIkXIE.ax6aHR6Hc83yTJQin0.BPqNa', 'andreamartinez456', 2, '10258276-4', 1),
        ('prueba21@gmail.com', '$2a$10$QTcOKUGsLI6eiUmQHRc5i.NIkXIE.ax6aHR6Hc83yTJQin0.BPqNa', 'juanperez1234', 1, '10007672-1', 1),
        ('prueba22@gmail.com', '$2a$10$QTcOKUGsLI6eiUmQHRc5i.NIkXIE.ax6aHR6Hc83yTJQin0.BPqNa', 'testing1234', 2, '14386647-5', 1),
          ('prueba23@gmail.com', '$2a$10$QTcOKUGsLI6eiUmQHRc5i.NIkXIE.ax6aHR6Hc83yTJQin0.BPqNa', 'juanperez12348', 2, '10042303-0', 1)
       ;

       INSERT INTO [dbo].[t_docente_asignatura]
                  ([docente_asignatura_id_asignatura_id]
                  ,[docente_asignatura_docente_id])
            VALUES
                  (1
                  ,1), (2
                  ,2), (3
                  ,3), (4
                  ,4), (5
                  ,5), (6
                  ,6), (7
                  ,7), (8
                  ,8), (9
                  ,9), (10
                  ,10);


                  INSERT INTO [dbo].[t_docente_asignatura]
                             ([docente_asignatura_id_asignatura_id]
                             ,[docente_asignatura_docente_id])
                       VALUES
                             (1
                             ,1), (2
                             ,2), (3
                             ,3), (4
                             ,4), (5
                             ,5), (6
                             ,6), (7
                             ,7), (8
                             ,8), (9
                             ,9), (10
                             ,10), (11
                             ,11), (12
                             ,12), (13
                             ,13), (14
                             ,14),(1
                             ,15),(2
                             ,16),(3
                             ,17),(4
                             ,18),(5
                             ,19),(6
                             ,20);

                             INSERT INTO [dbo].[t_docente_asignatura_curso_establecimiento]
                                        ([fecha_fin]
                                        ,[fecha_inicio]
                                        ,[profesor_jefe]
                                        ,[dace_curso_establecimiento_id]
                                        ,[dace_docente_asignatura_id])
                                  VALUES
                                        ('2023-12-31'
                                        ,'2023-01-01'
                                        ,1
                                        ,1
                                        ,1), ('2023-12-31'
                                        ,'2023-01-01'
                                        ,0
                                        ,1
                                        ,2),
                             		   ('2023-12-31'
                                        ,'2023-01-01'
                                        ,0
                                        ,1
                                        ,3),('2023-12-31'
                                        ,'2023-01-01'
                                        ,0
                                        ,1
                                        ,4),('2023-12-31'
                                        ,'2023-01-01'
                                        ,0
                                        ,1
                                        ,5),('2023-12-31'
                                        ,'2023-01-01'
                                        ,0
                                        ,1
                                        ,6),('2023-12-31'
                                        ,'2023-01-01'
                                        ,0
                                        ,1
                                        ,7),('2023-12-31'
                                        ,'2023-01-01'
                                        ,0
                                        ,1
                                        ,8),('2023-12-31'
                                        ,'2023-01-01'
                                        ,0
                                        ,1
                                        ,9),('2023-12-31'
                                        ,'2023-01-01'
                                        ,0
                                        ,1
                                        ,10),('2023-12-31'
                                        ,'2023-01-01'
                                        ,1
                                        ,235
                                        ,11),('2023-12-31'
                                        ,'2023-01-01'
                                        ,0
                                        ,235
                                        ,12),('2023-12-31'
                                        ,'2023-01-01'
                                        ,0
                                        ,235
                                        ,13),('2023-12-31'
                                        ,'2023-01-01'
                                        ,0
                                        ,235
                                        ,14),('2023-12-31'
                                        ,'2023-01-01'
                                        ,0
                                        ,235
                                        ,15),('2023-12-31'
                                        ,'2023-01-01'
                                        ,0
                                        ,235
                                        ,16),('2023-12-31'
                                        ,'2023-01-01'
                                        ,0
                                        ,235
                                        ,17),('2023-12-31'
                                        ,'2023-01-01'
                                        ,0
                                        ,235
                                        ,18),('2023-12-31'
                                        ,'2023-01-01'
                                        ,0
                                        ,235
                                        ,19),('2023-12-31'
                                        ,'2023-01-01'
                                        ,0
                                        ,235
                                        ,20);

INSERT INTO [dbo].[t_persona] (
    [persona_run],
    [persona_apellido_materno],
    [persona_apellido_paterno],
    [persona_fecha_nacimiento],
    [persona_nombre],
    [persona_numero_celular],
    [persona_numero_telefonico],
    [persona_sexo]
)
VALUES
    ('12345678-9', 'González', 'Muñoz', '2017-08-03', 'Sofía', '912345678', '212345678', 'F'),
    ('87654321-0', 'Rodríguez', 'López', '2016-07-15', 'Mateo', '956789123', '256789123', 'M'),
    ('12378945-6', 'González', 'Martínez', '2015-12-25', 'Valentina', '987654321', '298765432', 'F'),
    ('98765432-1', 'Rodríguez', 'Gómez', '2016-02-10', 'Benjamín', '933452345', '233452345', 'M'),
    ('32145678-9', 'González', 'Hernández', '2015-09-01', 'Sebastián', '922222222', '222222222', 'M'),
    ('56789123-4', 'García', 'Pérez', '2016-04-12', 'Lucía', '944444444', '244444444', 'F'),
    ('90817263-5', 'García', 'Gutiérrez', '2017-10-22', 'Dylan', '955555555', '255555555', 'M'),
    ('23456789-0', 'González', 'Torres', '2016-05-20', 'Emma', '966666666', '266666666', 'F'),
    ('34567890-1', 'Rodríguez', 'Ortiz', '2016-06-07', 'Miguel', '977777777', '277777777', 'M'),
    ('89012345-6', 'García', 'Vargas', '2017-11-18', 'Mía', '988888888', '288888888', 'F');


INSERT INTO [dbo].[t_alumno] ([alumno_persona_run])
VALUES
    ('12345678-9'),
    ('87654321-0'),
    ('12378945-6'),
    ('98765432-1'),
    ('32145678-9'),
    ('56789123-4'),
    ('90817263-5'),
    ('23456789-0'),
    ('34567890-1'),
    ('89012345-6');

INSERT INTO [dbo].[t_apoderado] ([apoderado_persona_run])
VALUES
    ('10007672-1'),
    ('10020197-6'),
    ('10023418-1'),
    ('10028406-5'),
    ('10030941-6'),
    ('10033211-6'),
    ('10042303-0'),
    ('10045179-4'),
    ('10069276-7'),
    ('10078762-8');

INSERT INTO [dbo].[t_matricula]
           ([curso_agno]
           ,[matricula_vigencia]
           ,[matricula_alumno_id]
           ,[matricula_apoderado_id]
           ,[matricula_curso_establecimiento_id])
     VALUES
           (2023,1,1,1,1),
		   (2023,1,2,1,1),
		   (2023,1,3,3,1),
		   (2023,1,4,4,1),
		   (2023,1,5,5,1),
		   (2023,1,6,6,1),
		   (2023,1,7,7,1),
		   (2023,1,8,8,1),
		   (2023,1,9,9,1),
		   (2023,1,10,10,1);


INSERT INTO [dbo].[t_dace_notas]
           ([nota]
           ,[notas_fecha]
           ,[notas_posicion]
           ,[promedio]
           ,[notas_dace_id]
           ,[notas_matricula_id])
     VALUES
           (7
           ,'2023-08-03'
           ,1
           ,7
           ,1
           ,1),(5,'2023-08-03' ,2
                          ,6
                          ,1
                          ,1);

INSERT INTO [dbo].[t_asistencia]
           ([fecha]
           ,[asistencia_matricula_id])
     VALUES
           ('2023-08-08'
           ,1);
INSERT INTO [dbo].[t_grupos]
           ([nombre_grupo])
     VALUES
           ('Pre-Kinder 2023');
           INSERT INTO [dbo].[t_miembro_grupo]
                      ([grupo_id]
                      ,[persona_run])
                VALUES
                      (1
                      ,'10007672-1'),
           		   (1
                      ,'10023418-1'),
           		   (1
                      ,'10028406-5'),
           		   (1
                      ,'10030941-6'),
           		   (1
                      ,'10033211-6'),
           		   (1
                      ,'10042303-0'),
           		   (1
                      ,'10045179-4'),
           		   (1
                      ,'10069276-7'),
           		   (1
                      ,'10078762-8');



                      		   -- Insertar mensajes entre personas
                      INSERT INTO t_mensajeria (group_mensaje_id, contenido, fecha_envio, persona_run)
                      VALUES (1,'Hola', '2023-08-20 10:00:00', '10007672-1');

                      INSERT INTO t_mensajeria (group_mensaje_id, contenido,  fecha_envio, persona_run)
                      VALUES (1,'¡Hola de nuevo!', '2023-08-20 11:30:00', '10042303-0');



INSERT INTO [dbo].[t_destinatario]
           ([mensaje_id]
           ,[persona_run], visto)
     VALUES
           (1
           ,'10042303-0', 0 ),
		     (2
           ,'10007672-1', 0);




